user_id,signup_date,home_country,kyc_status,kyc_method
1,2025-04-05,UK,Verified,Bank Verification
2,2025-04-08,UK,Verified,Document Upload
3,2024-03-23,US,Verified,Document Upload
4,2024-09-09,CA,Failed,Utility Bill
5,2024-07-19,US,Verified,Document Upload
6,2024-07-13,CA,Pending,Bank Verification
7,2024-05-11,UK,Verified,Bank Verification
8,2025-06-04,US,Verified,Bank Verification
9,2024-09-17,US,Verified,Bank Verification
10,2025-03-28,UK,Failed,Bank Verification
11,2024-11-04,UK,Verified,Document Upload
12,2024-01-08,UK,Pending,Document Upload
13,2024-08-12,US,Failed,Utility Bill
14,2025-05-11,US,Verified,Document Upload
15,2024-08-15,US,Verified,Utility Bill
16,2025-04-08,UK,Failed,Utility Bill
17,2024-04-16,UK,Verified,Bank Verification
18,2023-12-28,CA,Verified,Document Upload
19,2023-12-10,US,Verified,Bank Verification
20,2024-07-01,US,Verified,Bank Verification
21,2024-02-12,UK,Verified,Bank Verification
22,2024-11-22,CA,Pending,Utility Bill
23,2025-03-29,UK,Verified,Bank Verification
24,2024-09-02,US,Pending,Document Upload
25,2024-10-11,UK,Verified,Document Upload
26,2024-06-08,UK,Failed,Utility Bill
27,2023-12-02,UK,Pending,Document Upload
28,2025-01-15,UK,Verified,Document Upload
29,2024-02-19,US,Verified,Document Upload
30,2025-04-03,UK,Verified,Bank Verification
31,2024-12-04,CA,Verified,Bank Verification
32,2024-03-28,CA,Verified,Utility Bill
33,2025-01-30,CA,Pending,Bank Verification
34,2024-06-03,UK,Failed,Bank Verification
35,2024-10-02,CA,Verified,Bank Verification
36,2024-09-01,UK,Verified,Bank Verification
37,2024-01-01,UK,Verified,Document Upload
38,2024-03-12,UK,Verified,Document Upload
39,2024-02-28,US,Verified,Document Upload
40,2024-08-12,US,Verified,Document Upload
41,2023-12-09,US,Verified,Document Upload
42,2023-12-09,UK,Verified,Document Upload
43,2025-04-04,UK,Verified,Bank Verification
44,2025-02-24,UK,Pending,Document Upload
45,2024-12-27,UK,Verified,Document Upload
46,2024-08-09,UK,Verified,Bank Verification
47,2024-03-08,CA,Verified,Document Upload
48,2024-09-18,UK,Verified,Document Upload
49,2023-12-08,UK,Verified,Document Upload
50,2024-12-01,CA,Verified,Document Upload
51,2024-01-08,CA,Verified,Bank Verification
52,2024-07-18,UK,Verified,Bank Verification
53,2024-05-06,CA,Verified,Bank Verification
54,2025-02-06,UK,Failed,Utility Bill
55,2024-07-18,UK,Failed,Utility Bill
56,2024-03-20,US,Verified,Bank Verification
57,2024-02-01,US,Verified,Utility Bill
58,2024-02-12,US,Verified,Bank Verification
59,2023-12-17,US,Pending,Utility Bill
60,2025-04-08,US,Verified,Bank Verification
61,2024-04-03,US,Verified,Document Upload
62,2024-09-27,UK,Failed,Bank Verification
63,2024-05-26,US,Verified,Document Upload
64,2025-01-14,US,Verified,Document Upload
65,2025-06-12,UK,Verified,Document Upload
66,2025-05-04,UK,Verified,Bank Verification
67,2023-12-14,UK,Verified,Document Upload
68,2024-01-27,US,Verified,Bank Verification
69,2024-12-30,UK,Verified,Bank Verification
70,2024-10-18,CA,Failed,Utility Bill
71,2025-02-03,UK,Verified,Utility Bill
72,2025-03-28,CA,Verified,Bank Verification
73,2024-02-18,UK,Verified,Bank Verification
74,2024-06-02,UK,Verified,Bank Verification
75,2025-05-08,CA,Verified,Utility Bill
76,2025-02-25,UK,Verified,Bank Verification
77,2024-08-03,US,Pending,Document Upload
78,2024-01-24,UK,Pending,Bank Verification
79,2023-12-01,UK,Failed,Bank Verification
80,2025-02-17,US,Verified,Utility Bill
81,2024-07-07,US,Verified,Bank Verification
82,2025-06-02,US,Failed,Utility Bill
83,2025-03-13,UK,Verified,Document Upload
84,2025-02-26,CA,Pending,Bank Verification
85,2024-10-12,UK,Verified,Document Upload
86,2024-12-05,US,Verified,Bank Verification
87,2024-05-02,UK,Verified,Utility Bill
88,2024-09-26,UK,Failed,Utility Bill
89,2024-12-09,US,Pending,Document Upload
90,2024-01-21,US,Pending,Utility Bill
91,2024-06-29,US,Verified,Document Upload
92,2024-05-19,US,Verified,Document Upload
93,2024-04-21,UK,Verified,Document Upload
94,2024-12-09,CA,Failed,Utility Bill
95,2024-01-29,CA,Verified,Document Upload
96,2025-06-11,US,Verified,Utility Bill
97,2024-12-28,CA,Verified,Bank Verification
98,2025-03-21,UK,Verified,Bank Verification
99,2025-06-18,UK,Verified,Document Upload
100,2023-12-01,UK,Verified,Bank Verification
101,2025-04-30,Unknown,Verified,Bank Verification
102,2024-10-01,UK,Verified,Document Upload
103,2024-03-10,UK,Verified,Bank Verification
104,2024-05-23,CA,Pending,Document Upload
105,2024-02-18,US,Verified,Document Upload
106,2025-05-20,UK,Verified,Bank Verification
107,2024-09-10,UK,Verified,Document Upload
108,2025-06-01,CA,Verified,Utility Bill
109,2025-03-03,UK,Verified,Bank Verification
110,2024-02-24,UK,Verified,Utility Bill
111,2025-05-10,CA,Verified,Utility Bill
112,2024-07-20,CA,Pending,Bank Verification
113,2025-06-09,CA,Pending,Utility Bill
114,2024-12-27,CA,Verified,Document Upload
115,2024-01-06,US,Verified,Bank Verification
116,2024-12-22,US,Pending,Document Upload
117,2024-12-26,CA,Verified,Bank Verification
118,2025-05-01,UK,Verified,Utility Bill
119,2024-04-05,UK,Failed,Utility Bill
120,2025-03-14,CA,Verified,Bank Verification
121,2024-09-09,US,Verified,Utility Bill
122,2025-06-06,UK,Verified,Document Upload
123,2025-06-08,UK,Verified,Document Upload
124,2024-02-28,US,Verified,Bank Verification
125,2025-06-16,UK,Failed,Utility Bill
126,2024-09-28,UK,Pending,Document Upload
127,2024-10-20,UK,Verified,Bank Verification
128,2025-04-09,US,Verified,Bank Verification
129,2024-06-18,US,Pending,Document Upload
130,2024-04-25,UK,Verified,Document Upload
131,2023-12-07,UK,Verified,Utility Bill
132,2025-03-01,CA,Failed,Utility Bill
133,2024-01-11,UK,Verified,Bank Verification
134,2025-05-16,CA,Verified,Document Upload
135,2025-04-01,UK,Pending,Utility Bill
136,2024-07-14,UK,Verified,Bank Verification
137,2024-02-12,US,Verified,Document Upload
138,2024-01-27,US,Verified,Utility Bill
139,2024-04-25,UK,Verified,Bank Verification
140,2025-06-05,UK,Failed,Bank Verification
141,2024-10-26,UK,Verified,Document Upload
142,2024-03-19,US,Verified,Document Upload
143,2024-08-24,UK,Pending,Document Upload
144,2025-03-04,UK,Verified,Bank Verification
145,2024-05-28,CA,Verified,Document Upload
146,2025-04-29,CA,Pending,Bank Verification
147,2024-05-19,US,Verified,Utility Bill
148,2025-06-10,CA,Verified,Utility Bill
149,2024-11-27,CA,Verified,Document Upload
150,2025-01-05,UK,Verified,Bank Verification
151,2024-01-02,UK,Verified,Document Upload
152,2024-05-02,US,Verified,Document Upload
153,2024-06-12,UK,Verified,Document Upload
154,2024-09-12,US,Verified,Bank Verification
155,2025-01-08,CA,Verified,Document Upload
156,2024-02-20,UK,Verified,Document Upload
157,2023-12-29,UK,Verified,Utility Bill
158,2025-02-17,UK,Verified,Document Upload
159,2025-02-01,US,Pending,Document Upload
160,2024-12-23,UK,Verified,Bank Verification
161,2024-09-22,US,Verified,Document Upload
162,2025-01-24,UK,Verified,Document Upload
163,2024-11-02,US,Pending,Bank Verification
164,2023-12-11,CA,Verified,Document Upload
165,2024-11-23,CA,Verified,Bank Verification
166,2024-01-01,UK,Verified,Utility Bill
167,2024-09-07,UK,Verified,Document Upload
168,2024-12-08,US,Verified,Bank Verification
169,2024-01-04,US,Verified,Document Upload
170,2024-10-15,CA,Verified,Document Upload
171,2024-04-05,UK,Verified,Bank Verification
172,2024-12-23,US,Verified,Utility Bill
173,2023-11-29,CA,Verified,Bank Verification
174,2024-04-21,UK,Verified,Bank Verification
175,2024-02-06,UK,Verified,Bank Verification
176,2025-05-29,US,Verified,Document Upload
177,2025-04-20,CA,Verified,Document Upload
178,2025-05-13,UK,Verified,Bank Verification
179,2024-08-22,US,Verified,Utility Bill
180,2024-11-02,UK,Verified,Document Upload
181,2023-12-10,UK,Verified,Bank Verification
182,2025-02-01,CA,Verified,Bank Verification
183,2025-03-16,UK,Verified,Document Upload
184,2024-02-25,UK,Failed,Bank Verification
185,2024-12-30,UK,Verified,Document Upload
186,2024-04-24,US,Verified,Document Upload
187,2025-01-06,UK,Verified,Document Upload
188,2024-08-13,UK,Verified,Bank Verification
189,2025-05-05,CA,Verified,Document Upload
190,2024-06-08,US,Verified,Document Upload
191,2024-01-15,UK,Failed,Utility Bill
192,2024-05-22,CA,Verified,Bank Verification
193,2024-02-06,UK,Verified,Utility Bill
194,2024-04-01,UK,Verified,Utility Bill
195,2024-08-01,UK,Verified,Document Upload
196,2024-01-09,UK,Verified,Document Upload
197,2024-09-20,UK,Pending,Utility Bill
198,2025-03-27,CA,Verified,Document Upload
199,2024-08-08,UK,Verified,Utility Bill
200,2024-06-29,US,Verified,Utility Bill
201,2025-03-12,CA,Verified,Bank Verification
202,2025-03-31,US,Verified,Document Upload
203,2024-06-07,UK,Failed,Bank Verification
204,2024-10-11,US,Pending,Document Upload
205,2024-09-19,US,Verified,Document Upload
206,2024-03-29,UK,Verified,Document Upload
207,2024-05-26,UK,Verified,Bank Verification
208,2024-01-28,US,Verified,Bank Verification
209,2025-03-17,CA,Verified,Document Upload
210,2024-04-14,US,Verified,Utility Bill
211,2024-08-16,UK,Verified,Document Upload
212,2025-05-31,US,Verified,Document Upload
213,2025-05-11,UK,Verified,Document Upload
214,2024-11-28,US,Pending,Document Upload
215,2024-06-21,UK,Verified,Bank Verification
216,2025-03-20,US,Verified,Bank Verification
217,2024-08-14,CA,Verified,Bank Verification
218,2023-11-29,US,Pending,Bank Verification
219,2025-03-31,UK,Verified,Bank Verification
220,2025-03-30,US,Pending,Document Upload
221,2023-12-18,CA,Verified,Bank Verification
222,2025-02-01,US,Verified,Utility Bill
223,2024-02-08,US,Verified,Utility Bill
224,2024-11-29,CA,Verified,Document Upload
225,2024-04-15,UK,Verified,Utility Bill
226,2025-05-17,UK,Verified,Document Upload
227,2024-06-25,UK,Verified,Bank Verification
228,2024-02-10,CA,Failed,Bank Verification
229,2024-12-10,UK,Verified,Document Upload
230,2024-06-23,UK,Verified,Utility Bill
231,2025-02-18,CA,Verified,Utility Bill
232,2025-03-21,CA,Verified,Document Upload
233,2025-06-20,UK,Pending,Document Upload
234,2024-09-09,CA,Verified,Document Upload
235,2024-08-27,UK,Verified,Document Upload
236,2025-05-07,UK,Pending,Utility Bill
237,2025-02-11,CA,Verified,Document Upload
238,2024-07-07,CA,Verified,Document Upload
239,2024-11-25,CA,Failed,Bank Verification
240,2025-02-08,UK,Verified,Utility Bill
241,2025-06-17,UK,Verified,Utility Bill
242,2025-05-29,UK,Failed,Utility Bill
243,2024-06-22,CA,Verified,Document Upload
244,2025-04-16,US,Pending,Document Upload
245,2024-02-25,UK,Pending,Document Upload
246,2024-08-08,UK,Verified,Bank Verification
247,2025-01-28,US,Pending,Document Upload
248,2024-06-22,US,Pending,Bank Verification
249,2025-03-21,US,Verified,Document Upload
250,2024-12-17,UK,Verified,Bank Verification
251,2024-09-10,UK,Verified,Document Upload
252,2024-06-19,UK,Verified,Utility Bill
253,2025-04-03,US,Pending,Document Upload
254,2024-12-02,UK,Verified,Bank Verification
255,2025-04-29,UK,Verified,Utility Bill
256,2025-04-07,UK,Verified,Bank Verification
257,2025-02-13,US,Verified,Document Upload
258,2024-12-23,UK,Verified,Utility Bill
259,2024-01-20,CA,Verified,Bank Verification
260,2024-11-07,US,Verified,Bank Verification
261,2025-04-19,UK,Verified,Bank Verification
262,2024-01-17,CA,Verified,Document Upload
263,2024-07-31,US,Pending,Bank Verification
264,2025-04-16,US,Verified,Document Upload
265,2025-05-04,US,Failed,Utility Bill
266,2025-05-02,CA,Pending,Document Upload
267,2024-01-18,UK,Verified,Bank Verification
268,2024-08-04,UK,Verified,Bank Verification
269,2024-05-29,US,Verified,Document Upload
270,2023-12-19,UK,Verified,Bank Verification
271,2024-11-04,UK,Failed,Utility Bill
272,2024-01-20,US,Verified,Document Upload
273,2024-11-03,UK,Failed,Bank Verification
274,2024-05-17,US,Verified,Bank Verification
275,2024-03-06,US,Verified,Utility Bill
276,2025-05-13,CA,Verified,Document Upload
277,2024-04-28,US,Verified,Utility Bill
278,2024-03-18,UK,Verified,Bank Verification
279,2023-12-16,US,Verified,Document Upload
280,2024-05-27,CA,Verified,Bank Verification
281,2024-09-15,UK,Verified,Bank Verification
282,2025-03-30,UK,Verified,Document Upload
283,2024-04-09,UK,Verified,Document Upload
284,2024-09-28,UK,Verified,Document Upload
285,2024-03-18,UK,Verified,Bank Verification
286,2025-05-23,UK,Pending,Document Upload
287,2024-12-05,CA,Verified,Bank Verification
288,2024-03-20,UK,Verified,Utility Bill
289,2024-07-08,UK,Verified,Bank Verification
290,2024-05-07,US,Failed,Utility Bill
291,2024-07-19,CA,Verified,Bank Verification
292,2024-03-19,US,Verified,Bank Verification
293,2024-03-04,UK,Failed,Utility Bill
294,2024-04-13,UK,Verified,Bank Verification
295,2024-06-08,CA,Verified,Document Upload
296,2025-01-19,UK,Verified,Document Upload
297,2025-05-08,US,Failed,Utility Bill
298,2024-03-27,UK,Verified,Utility Bill
299,2024-12-02,US,Pending,Document Upload
300,2025-01-29,UK,Verified,Document Upload
301,2025-06-19,US,Verified,Document Upload
302,2025-04-03,UK,Verified,Utility Bill
303,2025-05-31,CA,Pending,Utility Bill
304,2024-11-10,CA,Verified,Utility Bill
305,2025-01-03,CA,Verified,Bank Verification
306,2024-09-10,US,Verified,Utility Bill
307,2024-07-29,US,Verified,Document Upload
308,2025-01-09,UK,Verified,Document Upload
309,2024-08-20,CA,Verified,Bank Verification
310,2024-07-10,UK,Verified,Document Upload
311,2024-06-02,US,Verified,Bank Verification
312,2024-07-12,CA,Verified,Document Upload
313,2025-06-01,CA,Verified,Document Upload
314,2025-02-04,UK,Verified,Bank Verification
315,2024-03-25,CA,Verified,Bank Verification
316,2024-07-01,CA,Verified,Bank Verification
317,2025-01-03,US,Verified,Bank Verification
318,2024-11-29,UK,Verified,Document Upload
319,2024-01-08,US,Verified,Bank Verification
320,2024-04-28,US,Verified,Document Upload
321,2024-11-19,CA,Verified,Document Upload
322,2025-01-06,UK,Verified,Document Upload
323,2025-04-08,CA,Verified,Bank Verification
324,2024-03-22,UK,Failed,Utility Bill
325,2024-06-27,UK,Verified,Bank Verification
326,2024-10-27,UK,Verified,Utility Bill
327,2024-05-22,UK,Failed,Utility Bill
328,2024-08-09,CA,Verified,Utility Bill
329,2024-08-21,US,Verified,Utility Bill
330,2024-06-02,UK,Verified,Document Upload
331,2024-04-10,CA,Verified,Document Upload
332,2024-08-29,US,Verified,Document Upload
333,2024-10-29,UK,Failed,Utility Bill
334,2025-01-25,CA,Verified,Bank Verification
335,2024-12-30,CA,Pending,Utility Bill
336,2023-12-10,CA,Verified,Bank Verification
337,2025-03-07,CA,Failed,Document Upload
338,2025-04-27,UK,Verified,Document Upload
339,2024-07-04,US,Verified,Document Upload
340,2024-12-17,US,Verified,Document Upload
341,2025-04-27,US,Verified,Bank Verification
342,2024-08-12,US,Verified,Document Upload
343,2024-04-19,UK,Verified,Document Upload
344,2025-06-04,CA,Failed,Document Upload
345,2024-09-16,UK,Verified,Document Upload
346,2025-03-24,UK,Verified,Bank Verification
347,2024-07-28,UK,Pending,Bank Verification
348,2024-03-22,CA,Verified,Utility Bill
349,2024-03-20,UK,Verified,Document Upload
350,2024-03-31,CA,Verified,Document Upload
351,2025-01-04,US,Pending,Document Upload
352,2024-06-22,CA,Verified,Document Upload
353,2024-06-15,CA,Verified,Document Upload
354,2024-01-23,US,Pending,Bank Verification
355,2024-05-20,CA,Pending,Document Upload
356,2024-04-16,CA,Pending,Document Upload
357,2025-04-25,US,Failed,Document Upload
358,2025-01-01,UK,Verified,Document Upload
359,2024-11-22,US,Verified,Utility Bill
360,2024-06-18,UK,Pending,Bank Verification
361,2024-02-11,US,Verified,Bank Verification
362,2024-12-09,US,Failed,Bank Verification
363,2024-09-10,UK,Verified,Bank Verification
364,2024-04-19,UK,Verified,Utility Bill
365,2025-03-02,CA,Verified,Document Upload
366,2024-11-13,US,Verified,Bank Verification
367,2025-03-01,UK,Verified,Document Upload
368,2025-03-25,US,Verified,Document Upload
369,2024-05-22,US,Verified,Document Upload
370,2024-02-07,UK,Verified,Utility Bill
371,2025-03-27,CA,Verified,Bank Verification
372,2024-05-23,CA,Verified,Utility Bill
373,2024-05-21,UK,Pending,Utility Bill
374,2024-04-22,UK,Verified,Document Upload
375,2024-05-16,CA,Verified,Bank Verification
376,2024-08-06,CA,Verified,Document Upload
377,2025-04-16,UK,Verified,Bank Verification
378,2024-03-31,UK,Verified,Document Upload
379,2025-03-01,US,Verified,Document Upload
380,2024-10-08,UK,Pending,Document Upload
381,2023-12-25,UK,Verified,Bank Verification
382,2024-08-02,UK,Verified,Document Upload
383,2025-01-06,US,Verified,Document Upload
384,2025-05-16,UK,Verified,Bank Verification
385,2025-01-25,CA,Verified,Utility Bill
386,2024-08-08,UK,Failed,Utility Bill
387,2024-02-22,CA,Verified,Bank Verification
388,2024-03-13,US,Pending,Bank Verification
389,2025-02-20,CA,Pending,Document Upload
390,2024-05-14,UK,Verified,Document Upload
391,2024-06-15,US,Verified,Document Upload
392,2024-03-20,UK,Verified,Bank Verification
393,2024-09-10,UK,Verified,Document Upload
394,2024-09-11,CA,Verified,Utility Bill
395,2024-10-24,CA,Verified,Document Upload
396,2024-02-04,US,Failed,Utility Bill
397,2024-08-26,UK,Verified,Utility Bill
398,2025-04-20,US,Pending,Bank Verification
399,2024-09-06,US,Verified,Document Upload
400,2024-02-07,CA,Verified,Document Upload
401,2024-03-01,CA,Pending,Document Upload
402,2024-11-21,CA,Verified,Bank Verification
403,2024-02-04,US,Pending,Bank Verification
404,2025-04-30,US,Verified,Utility Bill
405,2024-04-20,UK,Verified,Utility Bill
406,2024-07-02,UK,Verified,Document Upload
407,2025-06-16,UK,Verified,Utility Bill
408,2024-10-04,UK,Verified,Bank Verification
409,2024-11-16,US,Verified,Document Upload
410,2024-10-19,US,Verified,Document Upload
411,2025-01-24,US,Verified,Document Upload
412,2024-02-21,US,Verified,Document Upload
413,2024-03-07,US,Verified,Document Upload
414,2025-04-03,UK,Verified,Utility Bill
415,2024-04-11,UK,Verified,Document Upload
416,2024-07-04,Unknown,Verified,Utility Bill
417,2025-03-07,CA,Verified,Document Upload
418,2024-10-28,UK,Verified,Bank Verification
419,2025-01-12,CA,Verified,Document Upload
420,2024-08-23,UK,Failed,Utility Bill
421,2025-04-07,US,Verified,Document Upload
422,2024-09-09,CA,Verified,Document Upload
423,2025-04-15,UK,Pending,Utility Bill
424,2025-04-05,CA,Verified,Bank Verification
425,2024-02-21,US,Verified,Document Upload
426,2024-09-02,UK,Verified,Document Upload
427,2025-01-07,CA,Verified,Document Upload
428,2024-02-15,UK,Failed,Utility Bill
429,2024-12-11,CA,Verified,Document Upload
430,2025-03-15,US,Verified,Utility Bill
431,2024-01-25,CA,Verified,Bank Verification
432,2025-06-14,US,Failed,Utility Bill
433,2023-12-31,CA,Verified,Bank Verification
434,2025-05-13,UK,Verified,Bank Verification
435,2024-03-18,US,Verified,Document Upload
436,2024-10-01,US,Pending,Document Upload
437,2025-04-10,UK,Verified,Bank Verification
438,2023-12-13,US,Verified,Utility Bill
439,2024-10-20,US,Verified,Document Upload
440,2025-05-26,UK,Verified,Bank Verification
441,2024-05-06,UK,Verified,Document Upload
442,2023-12-04,US,Pending,Bank Verification
443,2025-03-24,US,Verified,Bank Verification
444,2024-08-19,US,Verified,Document Upload
445,2024-01-08,US,Verified,Bank Verification
446,2025-04-13,UK,Pending,Utility Bill
447,2024-03-28,UK,Failed,Utility Bill
448,2024-10-25,UK,Failed,Utility Bill
449,2025-05-20,CA,Verified,Document Upload
450,2025-02-22,CA,Verified,Document Upload
451,2024-02-18,CA,Verified,Document Upload
452,2024-05-09,CA,Failed,Utility Bill
453,2024-02-01,US,Pending,Bank Verification
454,2024-08-16,US,Pending,Bank Verification
455,2025-04-06,UK,Verified,Document Upload
456,2025-01-07,UK,Verified,Document Upload
457,2025-01-01,UK,Pending,Bank Verification
458,2025-01-26,UK,Pending,Utility Bill
459,2025-05-05,UK,Verified,Bank Verification
460,2024-02-12,UK,Verified,Document Upload
461,2025-04-28,UK,Verified,Document Upload
462,2024-04-10,CA,Verified,Document Upload
463,2024-05-08,UK,Verified,Bank Verification
464,2024-10-15,US,Verified,Document Upload
465,2024-06-29,UK,Verified,Bank Verification
466,2024-11-01,UK,Verified,Document Upload
467,2024-08-24,CA,Verified,Bank Verification
468,2024-04-26,UK,Verified,Bank Verification
469,2024-10-01,US,Verified,Document Upload
470,2023-12-15,CA,Verified,Utility Bill
471,2024-02-28,UK,Verified,Utility Bill
472,2025-05-06,UK,Verified,Document Upload
473,2024-01-22,US,Pending,Bank Verification
474,2025-03-22,US,Verified,Utility Bill
475,2025-02-21,UK,Verified,Bank Verification
476,2024-11-26,UK,Failed,Bank Verification
477,2024-03-12,CA,Verified,Document Upload
478,2024-09-04,UK,Verified,Document Upload
479,2024-04-15,US,Verified,Document Upload
480,2025-05-11,UK,Pending,Utility Bill
481,2024-04-19,CA,Verified,Document Upload
482,2025-05-21,US,Failed,Utility Bill
483,2025-01-31,UK,Pending,Document Upload
484,2025-02-15,CA,Pending,Bank Verification
485,2024-03-02,UK,Verified,Bank Verification
486,2024-11-13,CA,Failed,Utility Bill
487,2024-04-07,UK,Verified,Bank Verification
488,2024-04-25,UK,Verified,Bank Verification
489,2024-05-21,UK,Verified,Bank Verification
490,2024-07-08,US,Verified,Document Upload
491,2024-02-13,UK,Verified,Utility Bill
492,2025-06-04,UK,Failed,Bank Verification
493,2024-06-06,US,Verified,Bank Verification
494,2025-05-26,US,Verified,Bank Verification
495,2024-06-28,US,Failed,Bank Verification
496,2024-10-06,UK,Verified,Document Upload
497,2023-12-14,US,Failed,Utility Bill
498,2024-02-08,UK,Verified,Bank Verification
499,2025-05-18,UK,Pending,Utility Bill
500,2024-01-16,US,Verified,Document Upload
501,2025-03-09,UK,Verified,Bank Verification
502,2024-11-24,CA,Pending,Document Upload
503,2024-08-20,CA,Verified,Bank Verification
504,2024-02-01,CA,Failed,Utility Bill
505,2024-12-06,UK,Verified,Document Upload
506,2024-01-08,US,Verified,Document Upload
507,2025-01-02,UK,Verified,Document Upload
508,2024-11-01,UK,Verified,Document Upload
509,2024-01-08,US,Verified,Document Upload
510,2024-04-21,UK,Failed,Utility Bill
511,2024-05-29,US,Verified,Document Upload
512,2024-11-24,US,Pending,Bank Verification
513,2025-06-16,US,Verified,Utility Bill
514,2025-03-25,UK,Verified,Bank Verification
515,2024-12-24,US,Verified,Document Upload
516,2024-07-28,US,Failed,Bank Verification
517,2024-02-10,US,Verified,Utility Bill
518,2025-05-02,UK,Verified,Bank Verification
519,2025-05-18,UK,Pending,Utility Bill
520,2024-06-07,CA,Failed,Utility Bill
521,2025-02-04,UK,Failed,Utility Bill
522,2024-03-16,UK,Verified,Bank Verification
523,2024-07-25,UK,Verified,Utility Bill
524,2024-01-16,UK,Failed,Bank Verification
525,2024-10-07,UK,Verified,Utility Bill
526,2024-10-08,UK,Verified,Document Upload
527,2024-04-02,CA,Verified,Bank Verification
528,2025-04-15,UK,Pending,Document Upload
529,2025-02-18,CA,Verified,Document Upload
530,2024-01-23,UK,Verified,Bank Verification
531,2025-04-01,UK,Verified,Bank Verification
532,2024-02-10,UK,Failed,Bank Verification
533,2024-05-18,UK,Verified,Document Upload
534,2023-12-17,UK,Verified,Document Upload
535,2025-01-17,UK,Verified,Document Upload
536,2024-07-17,US,Failed,Bank Verification
537,2025-05-28,CA,Verified,Document Upload
538,2024-06-02,CA,Failed,Utility Bill
539,2025-05-21,CA,Verified,Bank Verification
540,2024-11-20,CA,Verified,Document Upload
541,2024-12-17,UK,Pending,Bank Verification
542,2025-03-08,US,Verified,Document Upload
543,2024-08-16,US,Pending,Bank Verification
544,2025-01-05,UK,Verified,Document Upload
545,2025-05-01,US,Verified,Bank Verification
546,2024-05-06,US,Verified,Document Upload
547,2025-03-06,CA,Verified,Bank Verification
548,2024-12-17,UK,Failed,Bank Verification
549,2024-12-21,CA,Verified,Document Upload
550,2024-05-22,UK,Verified,Document Upload
551,2024-05-04,US,Verified,Document Upload
552,2024-09-07,UK,Pending,Utility Bill
553,2025-05-06,US,Verified,Utility Bill
554,2024-10-08,UK,Verified,Bank Verification
555,2024-05-14,UK,Verified,Document Upload
556,2023-12-17,UK,Verified,Bank Verification
557,2023-12-22,US,Verified,Document Upload
558,2025-03-18,US,Verified,Document Upload
559,2025-01-30,CA,Verified,Bank Verification
560,2024-09-16,UK,Pending,Utility Bill
561,2025-01-25,CA,Verified,Bank Verification
562,2025-03-21,UK,Verified,Bank Verification
563,2025-02-14,UK,Verified,Utility Bill
564,2024-01-03,UK,Verified,Document Upload
565,2024-05-14,CA,Verified,Utility Bill
566,2024-09-15,UK,Pending,Utility Bill
567,2024-08-07,UK,Failed,Utility Bill
568,2024-12-13,CA,Pending,Bank Verification
569,2024-08-12,US,Pending,Utility Bill
570,2025-03-17,UK,Pending,Bank Verification
571,2025-05-17,CA,Verified,Document Upload
572,2024-07-17,CA,Verified,Bank Verification
573,2024-08-06,US,Verified,Document Upload
574,2024-11-05,UK,Verified,Document Upload
575,2024-10-03,US,Verified,Bank Verification
576,2025-04-09,UK,Verified,Bank Verification
577,2024-02-23,UK,Verified,Document Upload
578,2025-06-02,CA,Failed,Utility Bill
579,2024-09-21,UK,Verified,Document Upload
580,2024-11-09,CA,Verified,Document Upload
581,2024-04-02,UK,Verified,Bank Verification
582,2024-07-23,UK,Failed,Utility Bill
583,2025-03-05,UK,Verified,Bank Verification
584,2024-08-29,CA,Failed,Utility Bill
585,2024-07-14,UK,Verified,Bank Verification
586,2024-01-24,CA,Verified,Bank Verification
587,2024-08-28,CA,Verified,Utility Bill
588,2024-01-18,US,Verified,Document Upload
589,2024-12-09,US,Verified,Bank Verification
590,2024-01-04,US,Pending,Bank Verification
591,2023-12-30,CA,Verified,Document Upload
592,2024-03-22,UK,Pending,Document Upload
593,2024-02-20,US,Verified,Utility Bill
594,2024-09-21,US,Verified,Document Upload
595,2024-01-03,US,Verified,Utility Bill
596,2024-08-26,US,Verified,Document Upload
597,2024-07-18,UK,Verified,Document Upload
598,2024-11-06,UK,Verified,Document Upload
599,2024-07-24,UK,Verified,Document Upload
600,2024-11-05,CA,Verified,Bank Verification
601,2024-07-31,US,Verified,Document Upload
602,2025-05-28,US,Failed,Bank Verification
603,2025-05-14,CA,Pending,Document Upload
604,2024-03-22,US,Verified,Bank Verification
605,2024-02-17,US,Verified,Bank Verification
606,2025-01-31,UK,Failed,Bank Verification
607,2025-06-09,CA,Failed,Utility Bill
608,2025-06-04,UK,Verified,Document Upload
609,2024-04-02,UK,Verified,Bank Verification
610,2024-09-28,UK,Pending,Utility Bill
611,2025-01-19,UK,Verified,Document Upload
612,2024-05-07,UK,Verified,Document Upload
613,2024-08-28,US,Verified,Bank Verification
614,2024-10-15,US,Verified,Document Upload
615,2025-04-29,CA,Failed,Document Upload
616,2024-11-25,US,Verified,Bank Verification
617,2024-04-07,UK,Verified,Bank Verification
618,2024-06-10,UK,Verified,Document Upload
619,2024-09-25,US,Verified,Bank Verification
620,2025-03-20,UK,Verified,Bank Verification
621,2024-06-22,UK,Verified,Bank Verification
622,2025-06-14,CA,Verified,Utility Bill
623,2023-12-08,UK,Pending,Document Upload
624,2024-07-18,UK,Verified,Document Upload
625,2024-05-09,US,Verified,Document Upload
626,2024-08-22,UK,Verified,Bank Verification
627,2024-12-04,UK,Verified,Utility Bill
628,2024-02-13,CA,Verified,Bank Verification
629,2025-06-09,UK,Verified,Document Upload
630,2024-10-26,UK,Failed,Bank Verification
631,2024-04-29,US,Pending,Document Upload
632,2024-03-29,UK,Verified,Document Upload
633,2025-01-30,US,Verified,Document Upload
634,2025-06-10,CA,Verified,Utility Bill
635,2023-12-11,UK,Pending,Bank Verification
636,2025-06-05,CA,Failed,Utility Bill
637,2024-03-18,UK,Verified,Bank Verification
638,2024-07-14,UK,Verified,Document Upload
639,2025-06-19,CA,Verified,Document Upload
640,2025-02-12,CA,Pending,Document Upload
641,2025-03-09,UK,Pending,Document Upload
642,2025-05-13,UK,Verified,Bank Verification
643,2024-07-18,UK,Verified,Bank Verification
644,2025-04-09,US,Failed,Utility Bill
645,2024-12-12,UK,Verified,Document Upload
646,2024-11-19,US,Verified,Document Upload
647,2025-06-01,CA,Failed,Utility Bill
648,2024-12-10,UK,Verified,Document Upload
649,2024-07-07,US,Failed,Document Upload
650,2024-08-03,UK,Verified,Document Upload
651,2024-08-15,UK,Verified,Bank Verification
652,2024-02-01,UK,Verified,Utility Bill
653,2025-02-25,UK,Pending,Document Upload
654,2024-11-24,UK,Failed,Bank Verification
655,2024-06-01,US,Failed,Document Upload
656,2025-03-08,CA,Verified,Bank Verification
657,2024-12-28,UK,Verified,Document Upload
658,2024-07-26,UK,Verified,Document Upload
659,2024-05-10,CA,Verified,Bank Verification
660,2025-06-19,CA,Pending,Bank Verification
661,2024-11-10,UK,Failed,Utility Bill
662,2024-11-13,US,Verified,Document Upload
663,2024-12-21,CA,Verified,Document Upload
664,2024-12-22,UK,Verified,Document Upload
665,2024-02-27,UK,Verified,Document Upload
666,2024-11-12,CA,Failed,Utility Bill
667,2024-07-12,UK,Failed,Utility Bill
668,2025-05-23,UK,Verified,Utility Bill
669,2024-04-10,CA,Verified,Document Upload
670,2024-08-09,CA,Verified,Document Upload
671,2024-11-21,US,Verified,Document Upload
672,2024-06-30,UK,Verified,Bank Verification
673,2024-04-13,UK,Verified,Utility Bill
674,2024-04-19,US,Verified,Bank Verification
675,2024-02-18,UK,Verified,Document Upload
676,2023-12-23,CA,Verified,Bank Verification
677,2024-04-12,UK,Verified,Bank Verification
678,2024-11-30,CA,Verified,Document Upload
679,2024-04-13,US,Pending,Bank Verification
680,2024-06-11,CA,Verified,Document Upload
681,2024-12-17,UK,Pending,Document Upload
682,2024-10-12,CA,Verified,Bank Verification
683,2025-06-15,US,Verified,Document Upload
684,2025-02-18,UK,Verified,Document Upload
685,2025-04-05,US,Verified,Document Upload
686,2024-01-31,UK,Verified,Utility Bill
687,2024-01-11,UK,Verified,Bank Verification
688,2024-04-21,US,Verified,Utility Bill
689,2025-01-13,US,Verified,Bank Verification
690,2023-12-31,US,Verified,Document Upload
691,2025-02-05,US,Verified,Document Upload
692,2024-03-09,US,Verified,Document Upload
693,2024-04-11,US,Verified,Document Upload
694,2024-01-15,US,Verified,Document Upload
695,2024-04-27,UK,Pending,Document Upload
696,2025-04-09,US,Verified,Utility Bill
697,2025-06-14,UK,Pending,Document Upload
698,2025-06-12,UK,Verified,Document Upload
699,2023-12-13,UK,Verified,Bank Verification
700,2025-02-27,CA,Verified,Bank Verification
701,2024-02-26,US,Verified,Document Upload
702,2024-10-29,UK,Verified,Document Upload
703,2024-02-18,UK,Pending,Document Upload
704,2024-05-25,CA,Verified,Bank Verification
705,2025-05-14,US,Verified,Document Upload
706,2024-10-14,UK,Verified,Bank Verification
707,2024-06-05,UK,Verified,Bank Verification
708,2024-09-01,US,Verified,Utility Bill
709,2025-03-29,US,Verified,Bank Verification
710,2024-04-13,UK,Pending,Document Upload
711,2024-05-21,UK,Verified,Document Upload
712,2025-05-11,CA,Verified,Document Upload
713,2025-03-02,UK,Pending,Utility Bill
714,2024-05-30,CA,Failed,Document Upload
715,2025-04-11,US,Verified,Document Upload
716,2025-05-24,UK,Verified,Document Upload
717,2024-11-23,CA,Failed,Bank Verification
718,2025-01-30,UK,Verified,Bank Verification
719,2024-11-28,UK,Verified,Document Upload
720,2024-05-05,UK,Failed,Bank Verification
721,2025-02-11,CA,Verified,Bank Verification
722,2024-05-27,UK,Pending,Bank Verification
723,2024-07-21,CA,Verified,Document Upload
724,2024-11-01,CA,Verified,Document Upload
725,2025-04-17,US,Verified,Document Upload
726,2025-01-04,UK,Verified,Document Upload
727,2024-11-20,US,Verified,Utility Bill
728,2024-03-05,UK,Verified,Bank Verification
729,2025-06-20,UK,Verified,Document Upload
730,2025-01-15,CA,Pending,Utility Bill
731,2024-04-21,US,Verified,Bank Verification
732,2025-06-03,US,Verified,Document Upload
733,2024-07-26,CA,Verified,Document Upload
734,2025-01-31,US,Verified,Document Upload
735,2024-09-27,CA,Failed,Utility Bill
736,2025-06-08,US,Verified,Bank Verification
737,2025-02-03,CA,Verified,Document Upload
738,2024-03-15,UK,Verified,Utility Bill
739,2023-12-21,CA,Verified,Document Upload
740,2025-04-12,US,Verified,Utility Bill
741,2024-01-29,UK,Pending,Bank Verification
742,2023-12-13,US,Failed,Document Upload
743,2024-06-16,UK,Verified,Document Upload
744,2025-02-19,US,Verified,Bank Verification
745,2024-06-12,UK,Verified,Bank Verification
746,2024-12-28,US,Verified,Bank Verification
747,2024-12-10,Unknown,Verified,Document Upload
748,2024-07-22,US,Verified,Document Upload
749,2025-03-30,US,Verified,Document Upload
750,2024-12-27,CA,Verified,Bank Verification
751,2023-12-31,UK,Verified,Document Upload
752,2024-11-16,UK,Verified,Utility Bill
753,2024-06-26,UK,Verified,Utility Bill
754,2025-04-22,US,Verified,Document Upload
755,2024-05-06,CA,Verified,Document Upload
756,2024-11-11,US,Verified,Bank Verification
757,2024-07-13,CA,Verified,Bank Verification
758,2025-06-06,UK,Pending,Utility Bill
759,2025-03-08,CA,Failed,Document Upload
760,2025-02-13,US,Verified,Document Upload
761,2025-04-08,US,Verified,Bank Verification
762,2024-01-19,CA,Verified,Bank Verification
763,2024-09-05,CA,Failed,Utility Bill
764,2025-01-11,CA,Verified,Document Upload
765,2025-02-01,UK,Verified,Document Upload
766,2025-01-17,UK,Verified,Document Upload
767,2025-02-02,UK,Pending,Utility Bill
768,2024-05-29,UK,Verified,Document Upload
769,2024-08-14,UK,Verified,Document Upload
770,2024-02-03,CA,Verified,Document Upload
771,2024-03-08,US,Verified,Bank Verification
772,2025-01-03,US,Verified,Document Upload
773,2024-12-18,UK,Verified,Bank Verification
774,2024-11-18,US,Verified,Bank Verification
775,2024-03-03,UK,Verified,Document Upload
776,2024-05-09,UK,Pending,Bank Verification
777,2024-10-09,CA,Pending,Document Upload
778,2024-03-26,US,Verified,Bank Verification
779,2024-06-30,US,Verified,Document Upload
780,2024-07-06,UK,Verified,Document Upload
781,2024-04-30,UK,Verified,Document Upload
782,2025-03-10,US,Verified,Document Upload
783,2024-06-12,CA,Verified,Document Upload
784,2025-03-09,UK,Verified,Bank Verification
785,2025-04-25,US,Verified,Bank Verification
786,2024-04-14,UK,Verified,Document Upload
787,2025-05-29,CA,Verified,Document Upload
788,2024-05-14,US,Verified,Bank Verification
789,2025-02-19,US,Verified,Document Upload
790,2024-01-27,US,Verified,Bank Verification
791,2025-05-31,UK,Verified,Document Upload
792,2024-04-02,UK,Verified,Document Upload
793,2024-01-16,US,Pending,Bank Verification
794,2024-10-23,UK,Verified,Document Upload
795,2023-12-11,UK,Verified,Document Upload
796,2025-04-06,US,Failed,Utility Bill
797,2024-02-15,US,Pending,Document Upload
798,2024-01-30,US,Verified,Bank Verification
799,2025-02-10,US,Verified,Bank Verification
800,2024-05-20,UK,Verified,Document Upload
801,2024-04-21,US,Verified,Document Upload
802,2024-07-27,US,Verified,Document Upload
803,2025-05-29,US,Verified,Document Upload
804,2024-05-28,UK,Verified,Document Upload
805,2025-05-04,UK,Verified,Document Upload
806,2024-11-13,UK,Failed,Document Upload
807,2025-01-18,UK,Verified,Utility Bill
808,2024-12-07,UK,Verified,Document Upload
809,2023-12-03,US,Verified,Bank Verification
810,2024-07-27,UK,Verified,Document Upload
811,2024-12-08,CA,Failed,Utility Bill
812,2024-09-18,US,Pending,Utility Bill
813,2024-05-10,US,Verified,Bank Verification
814,2024-05-12,UK,Verified,Document Upload
815,2024-03-22,UK,Verified,Utility Bill
816,2024-01-04,UK,Failed,Utility Bill
817,2024-01-27,UK,Failed,Utility Bill
818,2024-02-24,US,Pending,Document Upload
819,2024-07-06,CA,Failed,Document Upload
820,2024-11-12,US,Verified,Bank Verification
821,2024-11-13,CA,Pending,Document Upload
822,2024-11-20,CA,Verified,Document Upload
823,2024-10-06,CA,Verified,Document Upload
824,2024-01-09,US,Verified,Document Upload
825,2024-06-09,CA,Failed,Utility Bill
826,2024-11-08,UK,Verified,Utility Bill
827,2024-03-26,US,Pending,Bank Verification
828,2024-03-21,US,Verified,Bank Verification
829,2025-03-28,CA,Failed,Utility Bill
830,2025-04-29,UK,Pending,Bank Verification
831,2024-10-14,US,Pending,Utility Bill
832,2024-10-06,US,Verified,Document Upload
833,2025-05-25,CA,Verified,Bank Verification
834,2024-08-30,US,Verified,Document Upload
835,2024-07-15,UK,Verified,Document Upload
836,2024-03-16,UK,Verified,Utility Bill
837,2024-07-22,UK,Verified,Bank Verification
838,2024-02-06,UK,Verified,Document Upload
839,2024-10-08,CA,Verified,Document Upload
840,2025-03-25,US,Failed,Utility Bill
841,2024-05-03,CA,Verified,Document Upload
842,2024-07-04,UK,Verified,Utility Bill
843,2024-09-19,US,Verified,Bank Verification
844,2024-06-27,CA,Verified,Bank Verification
845,2025-02-16,UK,Verified,Bank Verification
846,2025-03-26,UK,Pending,Utility Bill
847,2024-12-15,UK,Verified,Document Upload
848,2024-03-02,US,Failed,Utility Bill
849,2024-03-12,US,Pending,Bank Verification
850,2024-08-09,US,Verified,Bank Verification
851,2025-01-18,CA,Failed,Utility Bill
852,2023-12-20,UK,Verified,Document Upload
853,2023-12-14,UK,Verified,Document Upload
854,2025-03-06,CA,Failed,Bank Verification
855,2024-05-25,UK,Verified,Utility Bill
856,2024-08-25,US,Verified,Document Upload
857,2024-02-13,UK,Pending,Bank Verification
858,2024-12-18,US,Verified,Utility Bill
859,2024-09-17,CA,Failed,Utility Bill
860,2024-06-19,UK,Verified,Utility Bill
861,2024-06-15,US,Verified,Document Upload
862,2024-07-09,UK,Verified,Document Upload
863,2025-01-22,UK,Verified,Bank Verification
864,2024-09-01,UK,Verified,Bank Verification
865,2024-01-17,UK,Failed,Utility Bill
866,2024-12-17,UK,Verified,Bank Verification
867,2025-02-10,CA,Verified,Document Upload
868,2024-09-06,UK,Verified,Bank Verification
869,2024-09-29,US,Failed,Utility Bill
870,2024-11-20,CA,Verified,Bank Verification
871,2023-11-30,UK,Verified,Utility Bill
872,2024-01-30,UK,Failed,Utility Bill
873,2025-04-22,US,Verified,Bank Verification
874,2024-09-30,UK,Verified,Utility Bill
875,2024-06-20,CA,Verified,Document Upload
876,2024-09-23,CA,Pending,Bank Verification
877,2023-12-14,US,Pending,Document Upload
878,2025-01-24,UK,Verified,Document Upload
879,2024-01-08,US,Verified,Bank Verification
880,2025-01-27,CA,Verified,Bank Verification
881,2024-02-04,US,Verified,Utility Bill
882,2023-12-25,UK,Verified,Utility Bill
883,2025-01-25,US,Pending,Document Upload
884,2024-12-24,US,Failed,Bank Verification
885,2025-04-25,US,Verified,Utility Bill
886,2024-02-12,US,Verified,Document Upload
887,2025-03-18,UK,Verified,Utility Bill
888,2024-07-16,UK,Verified,Document Upload
889,2024-12-14,UK,Pending,Document Upload
890,2023-12-10,US,Verified,Document Upload
891,2024-06-17,CA,Verified,Document Upload
892,2025-03-19,CA,Failed,Utility Bill
893,2024-04-09,UK,Verified,Utility Bill
894,2024-01-01,US,Failed,Bank Verification
895,2024-08-01,UK,Verified,Document Upload
896,2024-04-06,UK,Verified,Document Upload
897,2024-05-07,UK,Verified,Utility Bill
898,2024-08-01,CA,Verified,Document Upload
899,2024-03-17,US,Verified,Utility Bill
900,2024-05-12,US,Verified,Document Upload
901,2025-03-10,US,Verified,Document Upload
902,2024-05-05,US,Verified,Utility Bill
903,2024-08-07,CA,Verified,Document Upload
904,2024-10-08,US,Failed,Utility Bill
905,2024-07-14,US,Pending,Bank Verification
906,2024-06-24,US,Failed,Utility Bill
907,2025-04-11,US,Verified,Bank Verification
908,2025-02-10,UK,Pending,Utility Bill
909,2024-04-05,US,Verified,Bank Verification
910,2025-06-08,UK,Verified,Utility Bill
911,2025-04-16,UK,Verified,Bank Verification
912,2024-05-31,US,Verified,Bank Verification
913,2025-03-01,US,Verified,Document Upload
914,2024-09-23,UK,Verified,Document Upload
915,2024-03-24,CA,Verified,Utility Bill
916,2024-01-21,US,Verified,Utility Bill
917,2024-03-07,CA,Verified,Document Upload
918,2025-01-21,US,Verified,Document Upload
919,2024-12-20,UK,Pending,Bank Verification
920,2024-03-11,UK,Failed,Document Upload
921,2024-03-31,CA,Pending,Document Upload
922,2023-12-06,US,Failed,Utility Bill
923,2024-04-25,UK,Failed,Utility Bill
924,2024-01-26,US,Verified,Utility Bill
925,2024-11-03,US,Verified,Document Upload
926,2023-12-19,UK,Verified,Utility Bill
927,2024-12-15,CA,Pending,Utility Bill
928,2025-03-22,CA,Verified,Utility Bill
929,2024-08-12,US,Verified,Document Upload
930,2025-03-18,UK,Verified,Document Upload
931,2025-05-27,CA,Verified,Bank Verification
932,2025-02-10,UK,Pending,Utility Bill
933,2024-11-18,UK,Verified,Bank Verification
934,2024-11-26,UK,Pending,Bank Verification
935,2025-06-11,UK,Verified,Document Upload
936,2025-04-16,UK,Pending,Document Upload
937,2025-04-14,UK,Verified,Document Upload
938,2025-03-27,UK,Verified,Bank Verification
939,2024-04-10,UK,Verified,Bank Verification
940,2025-06-10,CA,Failed,Document Upload
941,2024-12-17,UK,Verified,Document Upload
942,2024-01-06,UK,Pending,Bank Verification
943,2024-11-24,CA,Pending,Document Upload
944,2024-11-27,UK,Failed,Bank Verification
945,2024-04-25,UK,Failed,Bank Verification
946,2024-06-29,CA,Verified,Utility Bill
947,2025-02-01,UK,Verified,Document Upload
948,2024-10-04,UK,Failed,Utility Bill
949,2024-09-13,US,Verified,Utility Bill
950,2024-04-23,US,Verified,Bank Verification
951,2024-10-26,UK,Verified,Document Upload
952,2024-03-18,US,Verified,Document Upload
953,2024-10-18,US,Failed,Bank Verification
954,2024-11-14,CA,Verified,Document Upload
955,2024-12-14,UK,Verified,Document Upload
956,2024-08-19,US,Verified,Document Upload
957,2024-09-22,US,Verified,Bank Verification
958,2025-04-26,CA,Failed,Bank Verification
959,2024-11-02,UK,Pending,Bank Verification
960,2025-01-09,US,Failed,Utility Bill
961,2024-09-10,US,Verified,Bank Verification
962,2025-02-14,US,Verified,Document Upload
963,2024-02-06,CA,Verified,Document Upload
964,2024-12-27,UK,Verified,Bank Verification
965,2024-08-31,UK,Verified,Bank Verification
966,2024-12-18,CA,Verified,Bank Verification
967,2024-07-28,UK,Verified,Document Upload
968,2024-07-28,US,Verified,Document Upload
969,2024-11-18,US,Verified,Utility Bill
970,2024-12-13,CA,Verified,Utility Bill
971,2024-05-22,UK,Verified,Bank Verification
972,2024-12-16,US,Verified,Bank Verification
973,2024-10-03,UK,Verified,Document Upload
974,2024-03-04,UK,Verified,Bank Verification
975,2025-06-07,UK,Pending,Utility Bill
976,2025-06-14,US,Pending,Utility Bill
977,2024-09-23,UK,Verified,Document Upload
978,2025-06-18,UK,Verified,Utility Bill
979,2024-08-05,UK,Pending,Document Upload
980,2025-05-19,US,Verified,Utility Bill
981,2025-02-21,US,Pending,Document Upload
982,2024-02-13,UK,Verified,Utility Bill
983,2024-08-29,US,Verified,Utility Bill
984,2024-06-24,CA,Verified,Document Upload
985,2025-02-25,US,Verified,Document Upload
986,2024-05-02,UK,Verified,Bank Verification
987,2025-03-18,CA,Verified,Bank Verification
988,2023-12-23,CA,Verified,Utility Bill
989,2025-05-06,US,Verified,Document Upload
990,2025-02-16,US,Verified,Document Upload
991,2024-01-17,US,Verified,Utility Bill
992,2024-01-13,UK,Verified,Bank Verification
993,2025-02-22,US,Verified,Bank Verification
994,2025-02-02,US,Verified,Bank Verification
995,2023-12-13,UK,Verified,Utility Bill
996,2024-08-29,US,Verified,Document Upload
997,2024-05-21,US,Verified,Document Upload
998,2024-05-28,UK,Verified,Utility Bill
999,2024-07-18,UK,Pending,Bank Verification
1000,2024-03-23,CA,Verified,Document Upload
1001,2025-03-19,UK,Verified,Utility Bill
1002,2025-01-30,US,Verified,Bank Verification
1003,2025-03-25,US,Verified,Document Upload
1004,2024-09-22,UK,Verified,Document Upload
1005,2025-06-08,US,Verified,Bank Verification
1006,2025-05-26,US,Verified,Utility Bill
1007,2025-01-02,CA,Verified,Bank Verification
1008,2025-01-07,UK,Verified,Bank Verification
1009,2024-03-10,UK,Verified,Bank Verification
1010,2023-12-09,US,Verified,Bank Verification
1011,2024-12-27,CA,Verified,Utility Bill
1012,2024-01-22,US,Pending,Bank Verification
1013,2024-02-27,US,Verified,Document Upload
1014,2024-07-24,UK,Verified,Bank Verification
1015,2024-08-26,CA,Verified,Utility Bill
1016,2024-03-29,CA,Verified,Utility Bill
1017,2025-04-24,UK,Verified,Bank Verification
1018,2024-01-23,UK,Verified,Document Upload
1019,2025-03-04,UK,Verified,Bank Verification
1020,2024-12-13,US,Pending,Document Upload
1021,2024-02-20,US,Verified,Bank Verification
1022,2023-12-10,UK,Verified,Bank Verification
1023,2025-04-18,US,Verified,Bank Verification
1024,2024-10-08,UK,Verified,Bank Verification
1025,2024-01-19,UK,Pending,Bank Verification
1026,2025-03-22,US,Verified,Bank Verification
1027,2024-09-12,US,Verified,Document Upload
1028,2024-08-22,US,Failed,Utility Bill
1029,2025-06-10,US,Verified,Bank Verification
1030,2024-07-17,UK,Verified,Bank Verification
1031,2024-10-11,UK,Verified,Document Upload
1032,2024-05-22,UK,Verified,Utility Bill
1033,2024-03-01,CA,Verified,Document Upload
1034,2024-06-03,UK,Verified,Bank Verification
1035,2024-01-07,US,Verified,Bank Verification
1036,2025-05-28,UK,Verified,Bank Verification
1037,2024-03-01,CA,Verified,Utility Bill
1038,2024-06-21,UK,Verified,Document Upload
1039,2023-12-25,UK,Pending,Document Upload
1040,2024-01-12,US,Verified,Document Upload
1041,2024-07-14,UK,Verified,Bank Verification
1042,2024-06-04,CA,Verified,Bank Verification
1043,2024-08-02,CA,Verified,Document Upload
1044,2023-12-13,CA,Verified,Bank Verification
1045,2025-03-14,UK,Verified,Bank Verification
1046,2024-09-02,UK,Verified,Document Upload
1047,2024-02-18,US,Verified,Bank Verification
1048,2024-03-16,US,Verified,Bank Verification
1049,2024-11-07,UK,Verified,Document Upload
1050,2025-04-02,CA,Failed,Utility Bill
1051,2024-12-15,UK,Verified,Utility Bill
1052,2024-01-27,UK,Verified,Utility Bill
1053,2025-01-02,US,Verified,Document Upload
1054,2024-10-15,US,Verified,Document Upload
1055,2025-03-15,US,Verified,Bank Verification
1056,2024-02-07,UK,Verified,Utility Bill
1057,2024-09-23,UK,Failed,Document Upload
1058,2024-12-20,US,Verified,Document Upload
1059,2025-05-01,UK,Verified,Bank Verification
1060,2024-06-30,UK,Verified,Document Upload
1061,2024-10-09,UK,Verified,Document Upload
1062,2024-02-24,CA,Failed,Utility Bill
1063,2023-12-25,UK,Verified,Bank Verification
1064,2024-05-11,UK,Verified,Bank Verification
1065,2025-04-07,UK,Verified,Document Upload
1066,2024-07-02,UK,Verified,Document Upload
1067,2024-02-09,CA,Verified,Document Upload
1068,2023-12-15,UK,Verified,Document Upload
1069,2024-12-21,UK,Verified,Document Upload
1070,2025-05-01,US,Verified,Document Upload
1071,2025-02-21,UK,Verified,Utility Bill
1072,2025-04-23,CA,Verified,Document Upload
1073,2024-07-03,UK,Verified,Utility Bill
1074,2024-08-10,US,Verified,Document Upload
1075,2024-10-02,US,Pending,Document Upload
1076,2023-12-24,UK,Verified,Document Upload
1077,2025-03-10,UK,Verified,Document Upload
1078,2024-05-25,UK,Verified,Bank Verification
1079,2023-12-21,UK,Verified,Bank Verification
1080,2024-12-26,CA,Verified,Document Upload
1081,2024-08-16,CA,Verified,Document Upload
1082,2025-04-20,CA,Verified,Bank Verification
1083,2024-11-30,CA,Verified,Document Upload
1084,2024-10-08,US,Failed,Bank Verification
1085,2024-04-30,CA,Verified,Bank Verification
1086,2024-09-20,CA,Verified,Document Upload
1087,2024-03-27,UK,Verified,Bank Verification
1088,2024-09-27,US,Verified,Bank Verification
1089,2025-02-27,UK,Failed,Bank Verification
1090,2024-07-02,CA,Verified,Document Upload
1091,2025-03-25,UK,Pending,Bank Verification
1092,2025-01-16,UK,Verified,Bank Verification
1093,2024-02-02,US,Verified,Document Upload
1094,2024-02-05,UK,Pending,Document Upload
1095,2024-03-12,CA,Verified,Document Upload
1096,2025-01-07,CA,Failed,Bank Verification
1097,2024-05-30,US,Verified,Utility Bill
1098,2025-04-20,UK,Pending,Bank Verification
1099,2024-04-11,UK,Verified,Document Upload
1100,2024-12-04,US,Verified,Document Upload
1101,2025-03-17,UK,Verified,Document Upload
1102,2024-01-04,US,Verified,Document Upload
1103,2024-09-16,US,Verified,Document Upload
1104,2025-03-22,US,Verified,Document Upload
1105,2024-06-02,UK,Pending,Document Upload
1106,2025-01-13,UK,Verified,Bank Verification
1107,2024-05-29,UK,Pending,Utility Bill
1108,2024-01-09,UK,Verified,Document Upload
1109,2024-12-01,CA,Pending,Bank Verification
1110,2024-12-04,US,Verified,Document Upload
1111,2025-03-07,UK,Pending,Document Upload
1112,2024-02-26,CA,Verified,Utility Bill
1113,2024-11-28,CA,Verified,Bank Verification
1114,2025-05-26,US,Verified,Bank Verification
1115,2024-10-19,US,Verified,Utility Bill
1116,2024-01-31,US,Verified,Utility Bill
1117,2025-04-18,UK,Verified,Utility Bill
1118,2025-02-05,UK,Verified,Bank Verification
1119,2023-12-28,UK,Verified,Utility Bill
1120,2025-03-10,UK,Verified,Document Upload
1121,2025-04-18,CA,Pending,Bank Verification
1122,2024-04-23,UK,Verified,Document Upload
1123,2025-05-09,UK,Verified,Document Upload
1124,2023-12-05,UK,Verified,Document Upload
1125,2024-02-20,UK,Verified,Document Upload
1126,2023-12-22,UK,Verified,Bank Verification
1127,2024-05-16,UK,Verified,Document Upload
1128,2024-04-18,UK,Verified,Document Upload
1129,2025-04-11,CA,Verified,Bank Verification
1130,2024-01-16,US,Verified,Document Upload
1131,2024-01-12,UK,Pending,Utility Bill
1132,2023-12-06,CA,Verified,Bank Verification
1133,2024-07-03,UK,Failed,Utility Bill
1134,2024-08-09,UK,Verified,Utility Bill
1135,2025-03-09,UK,Verified,Bank Verification
1136,2025-03-30,UK,Verified,Document Upload
1137,2024-06-30,UK,Verified,Bank Verification
1138,2024-02-22,UK,Pending,Document Upload
1139,2024-05-12,UK,Verified,Bank Verification
1140,2024-11-07,CA,Verified,Bank Verification
1141,2024-06-24,UK,Failed,Bank Verification
1142,2024-12-24,CA,Verified,Bank Verification
1143,2025-06-05,UK,Verified,Document Upload
1144,2024-09-08,UK,Verified,Document Upload
1145,2024-01-02,UK,Verified,Utility Bill
1146,2025-06-01,UK,Verified,Utility Bill
1147,2025-01-21,US,Failed,Bank Verification
1148,2025-06-10,UK,Pending,Utility Bill
1149,2024-11-11,US,Verified,Document Upload
1150,2025-01-21,US,Verified,Bank Verification
1151,2025-03-19,UK,Verified,Document Upload
1152,2024-07-16,UK,Failed,Utility Bill
1153,2024-02-21,CA,Verified,Document Upload
1154,2024-04-19,UK,Verified,Bank Verification
1155,2024-02-04,UK,Pending,Document Upload
1156,2023-12-23,CA,Verified,Bank Verification
1157,2024-03-11,UK,Verified,Utility Bill
1158,2024-03-11,US,Pending,Utility Bill
1159,2025-05-12,UK,Verified,Document Upload
1160,2024-01-01,US,Failed,Utility Bill
1161,2025-05-07,US,Verified,Utility Bill
1162,2024-06-23,UK,Verified,Bank Verification
1163,2023-12-05,US,Verified,Bank Verification
1164,2024-04-28,CA,Failed,Utility Bill
1165,2024-04-29,CA,Verified,Bank Verification
1166,2024-07-21,UK,Verified,Bank Verification
1167,2025-01-09,CA,Verified,Utility Bill
1168,2025-05-05,CA,Verified,Bank Verification
1169,2024-06-19,UK,Failed,Utility Bill
1170,2025-05-16,US,Verified,Utility Bill
1171,2024-08-25,UK,Verified,Document Upload
1172,2024-04-13,UK,Failed,Utility Bill
1173,2025-03-14,UK,Verified,Document Upload
1174,2025-02-25,US,Verified,Bank Verification
1175,2024-01-19,US,Verified,Bank Verification
1176,2024-03-27,UK,Failed,Utility Bill
1177,2024-05-08,CA,Verified,Document Upload
1178,2024-09-29,UK,Failed,Utility Bill
1179,2023-12-31,UK,Failed,Bank Verification
1180,2025-06-17,UK,Verified,Utility Bill
1181,2025-01-28,UK,Verified,Document Upload
1182,2024-08-04,UK,Pending,Bank Verification
1183,2025-05-27,US,Verified,Bank Verification
1184,2024-10-11,UK,Verified,Utility Bill
1185,2024-08-26,CA,Verified,Utility Bill
1186,2025-05-09,UK,Pending,Document Upload
1187,2025-03-14,UK,Verified,Utility Bill
1188,2025-01-23,US,Verified,Document Upload
1189,2023-12-23,CA,Verified,Bank Verification
1190,2024-12-28,US,Failed,Document Upload
1191,2024-06-16,CA,Verified,Bank Verification
1192,2024-12-05,UK,Verified,Utility Bill
1193,2025-01-05,US,Verified,Bank Verification
1194,2024-05-14,UK,Verified,Document Upload
1195,2024-03-11,US,Failed,Utility Bill
1196,2025-03-17,UK,Failed,Bank Verification
1197,2025-03-18,CA,Verified,Document Upload
1198,2024-10-11,US,Verified,Bank Verification
1199,2024-09-19,CA,Verified,Document Upload
1200,2024-07-10,UK,Failed,Bank Verification
1201,2024-06-01,UK,Verified,Document Upload
1202,2023-12-29,UK,Verified,Document Upload
1203,2024-01-25,UK,Verified,Bank Verification
1204,2025-04-16,UK,Failed,Document Upload
1205,2025-02-21,US,Verified,Bank Verification
1206,2025-05-06,UK,Verified,Bank Verification
1207,2023-12-29,US,Verified,Bank Verification
1208,2025-03-03,UK,Verified,Document Upload
1209,2024-06-20,UK,Failed,Bank Verification
1210,2025-02-15,UK,Pending,Utility Bill
1211,2025-02-25,UK,Verified,Utility Bill
1212,2025-03-20,US,Verified,Bank Verification
1213,2023-12-24,UK,Failed,Utility Bill
1214,2025-05-08,US,Verified,Document Upload
1215,2024-02-09,UK,Verified,Bank Verification
1216,2025-02-21,UK,Verified,Document Upload
1217,2025-06-07,CA,Verified,Document Upload
1218,2025-02-13,UK,Verified,Bank Verification
1219,2024-12-01,UK,Verified,Document Upload
1220,2024-09-20,US,Verified,Bank Verification
1221,2024-07-20,CA,Verified,Document Upload
1222,2024-06-16,UK,Verified,Document Upload
1223,2024-08-04,US,Pending,Document Upload
1224,2024-11-25,UK,Pending,Utility Bill
1225,2024-12-23,UK,Verified,Document Upload
1226,2025-03-17,US,Pending,Utility Bill
1227,2024-11-02,US,Verified,Document Upload
1228,2025-04-28,CA,Verified,Document Upload
1229,2024-10-05,US,Verified,Bank Verification
1230,2025-01-22,US,Verified,Bank Verification
1231,2024-06-28,UK,Verified,Document Upload
1232,2025-03-15,UK,Failed,Document Upload
1233,2024-07-23,UK,Verified,Document Upload
1234,2024-09-19,UK,Verified,Document Upload
1235,2024-10-07,UK,Verified,Document Upload
1236,2024-02-10,UK,Failed,Bank Verification
1237,2024-10-27,UK,Failed,Bank Verification
1238,2024-05-08,UK,Verified,Document Upload
1239,2025-04-22,US,Verified,Bank Verification
1240,2025-02-25,US,Verified,Utility Bill
1241,2024-07-16,CA,Verified,Document Upload
1242,2025-05-31,US,Verified,Bank Verification
1243,2023-12-20,CA,Verified,Bank Verification
1244,2025-05-13,UK,Pending,Document Upload
1245,2024-06-02,UK,Verified,Bank Verification
1246,2024-10-15,UK,Verified,Document Upload
1247,2024-03-27,UK,Verified,Bank Verification
1248,2024-11-25,US,Verified,Bank Verification
1249,2023-12-13,CA,Verified,Document Upload
1250,2024-05-28,CA,Verified,Document Upload
1251,2025-05-15,US,Verified,Utility Bill
1252,2025-05-04,UK,Failed,Bank Verification
1253,2025-01-05,US,Verified,Document Upload
1254,2025-01-26,US,Failed,Utility Bill
1255,2024-02-09,CA,Verified,Document Upload
1256,2024-05-26,UK,Failed,Bank Verification
1257,2024-03-22,UK,Verified,Document Upload
1258,2024-08-01,US,Pending,Utility Bill
1259,2025-04-03,US,Verified,Bank Verification
1260,2024-08-30,US,Verified,Bank Verification
1261,2024-05-29,UK,Verified,Document Upload
1262,2024-01-24,US,Verified,Document Upload
1263,2024-11-14,US,Pending,Document Upload
1264,2025-04-17,UK,Verified,Utility Bill
1265,2025-01-13,UK,Verified,Document Upload
1266,2025-03-01,UK,Pending,Bank Verification
1267,2024-12-21,UK,Pending,Document Upload
1268,2024-08-02,UK,Verified,Document Upload
1269,2024-06-23,US,Verified,Document Upload
1270,2024-08-02,UK,Verified,Document Upload
1271,2025-06-10,US,Verified,Document Upload
1272,2023-12-10,US,Pending,Utility Bill
1273,2025-01-11,UK,Verified,Bank Verification
1274,2023-12-11,US,Verified,Document Upload
1275,2025-06-04,UK,Verified,Document Upload
1276,2024-07-21,UK,Verified,Bank Verification
1277,2024-05-15,UK,Verified,Utility Bill
1278,2024-04-14,UK,Verified,Document Upload
1279,2024-03-06,US,Verified,Bank Verification
1280,2024-05-19,UK,Verified,Document Upload
1281,2025-02-19,UK,Failed,Utility Bill
1282,2025-04-06,UK,Verified,Document Upload
1283,2024-06-14,US,Pending,Document Upload
1284,2024-07-12,UK,Failed,Bank Verification
1285,2024-09-18,UK,Verified,Document Upload
1286,2024-12-28,UK,Verified,Utility Bill
1287,2025-04-15,UK,Failed,Utility Bill
1288,2024-11-28,US,Verified,Bank Verification
1289,2024-12-12,UK,Failed,Utility Bill
1290,2025-03-23,UK,Verified,Bank Verification
1291,2025-06-01,CA,Pending,Document Upload
1292,2025-06-16,CA,Failed,Document Upload
1293,2024-06-26,UK,Verified,Document Upload
1294,2024-02-20,CA,Verified,Document Upload
1295,2024-06-16,CA,Pending,Document Upload
1296,2024-05-08,UK,Verified,Document Upload
1297,2025-01-02,CA,Verified,Document Upload
1298,2024-04-18,UK,Pending,Bank Verification
1299,2024-04-13,CA,Verified,Document Upload
1300,2025-01-07,US,Verified,Utility Bill
1301,2025-06-19,UK,Verified,Document Upload
1302,2024-10-26,UK,Pending,Document Upload
1303,2024-02-01,UK,Failed,Bank Verification
1304,2025-03-12,UK,Verified,Utility Bill
1305,2025-01-26,UK,Failed,Utility Bill
1306,2024-07-12,CA,Pending,Utility Bill
1307,2025-01-23,CA,Verified,Bank Verification
1308,2024-02-28,UK,Pending,Document Upload
1309,2024-10-18,UK,Pending,Document Upload
1310,2024-04-03,CA,Verified,Utility Bill
1311,2025-03-02,UK,Verified,Bank Verification
1312,2024-01-05,UK,Verified,Utility Bill
1313,2024-12-06,US,Failed,Utility Bill
1314,2025-01-23,UK,Verified,Bank Verification
1315,2024-10-20,UK,Pending,Utility Bill
1316,2024-05-17,CA,Verified,Document Upload
1317,2024-12-27,CA,Verified,Utility Bill
1318,2025-04-09,US,Verified,Utility Bill
1319,2024-03-23,UK,Failed,Bank Verification
1320,2024-08-19,UK,Pending,Bank Verification
1321,2024-01-06,CA,Pending,Bank Verification
1322,2025-04-19,US,Verified,Bank Verification
1323,2024-04-11,CA,Verified,Document Upload
1324,2024-08-17,UK,Verified,Utility Bill
1325,2024-04-13,CA,Pending,Document Upload
1326,2024-08-15,UK,Verified,Document Upload
1327,2025-05-05,US,Verified,Bank Verification
1328,2024-12-05,CA,Verified,Document Upload
1329,2024-10-03,UK,Verified,Utility Bill
1330,2024-12-03,CA,Failed,Utility Bill
1331,2024-12-14,US,Pending,Bank Verification
1332,2024-05-11,US,Verified,Document Upload
1333,2025-04-23,UK,Verified,Utility Bill
1334,2024-09-19,UK,Verified,Document Upload
1335,2023-12-20,US,Verified,Bank Verification
1336,2024-10-31,US,Verified,Document Upload
1337,2025-05-28,US,Verified,Bank Verification
1338,2025-04-17,UK,Pending,Bank Verification
1339,2023-12-25,CA,Pending,Document Upload
1340,2025-01-11,UK,Pending,Document Upload
1341,2025-01-15,US,Failed,Utility Bill
1342,2024-02-24,US,Failed,Utility Bill
1343,2025-01-29,UK,Verified,Document Upload
1344,2023-12-14,US,Pending,Utility Bill
1345,2025-04-06,UK,Verified,Bank Verification
1346,2024-11-20,US,Pending,Document Upload
1347,2024-09-19,US,Pending,Bank Verification
1348,2024-02-10,UK,Verified,Document Upload
1349,2024-07-24,US,Verified,Bank Verification
1350,2024-02-08,UK,Verified,Bank Verification
1351,2023-12-28,US,Verified,Bank Verification
1352,2025-02-16,UK,Pending,Document Upload
1353,2024-04-26,UK,Pending,Bank Verification
1354,2025-01-15,UK,Verified,Bank Verification
1355,2023-12-29,UK,Verified,Document Upload
1356,2024-05-20,US,Verified,Utility Bill
1357,2024-09-03,CA,Verified,Bank Verification
1358,2024-12-28,UK,Pending,Document Upload
1359,2024-06-19,US,Verified,Bank Verification
1360,2023-12-24,UK,Pending,Utility Bill
1361,2025-04-07,US,Pending,Bank Verification
1362,2024-11-24,US,Pending,Document Upload
1363,2024-03-01,UK,Failed,Utility Bill
1364,2024-04-30,US,Verified,Bank Verification
1365,2024-07-30,UK,Verified,Document Upload
1366,2024-05-13,US,Pending,Document Upload
1367,2024-11-16,CA,Verified,Utility Bill
1368,2025-02-19,US,Verified,Document Upload
1369,2024-12-12,UK,Pending,Bank Verification
1370,2024-02-13,UK,Verified,Document Upload
1371,2025-02-25,UK,Verified,Document Upload
1372,2024-12-15,CA,Verified,Document Upload
1373,2025-05-11,UK,Verified,Document Upload
1374,2025-04-19,US,Verified,Document Upload
1375,2024-07-25,CA,Verified,Document Upload
1376,2025-05-23,CA,Verified,Bank Verification
1377,2024-03-26,UK,Verified,Document Upload
1378,2024-10-06,CA,Verified,Bank Verification
1379,2024-07-02,CA,Verified,Bank Verification
1380,2024-06-25,UK,Verified,Bank Verification
1381,2023-11-29,CA,Failed,Utility Bill
1382,2025-01-17,UK,Verified,Utility Bill
1383,2025-01-18,CA,Verified,Utility Bill
1384,2024-02-27,US,Verified,Document Upload
1385,2024-07-30,US,Failed,Utility Bill
1386,2025-01-19,UK,Verified,Utility Bill
1387,2025-06-05,UK,Verified,Bank Verification
1388,2024-02-23,US,Failed,Utility Bill
1389,2025-03-04,UK,Pending,Document Upload
1390,2025-06-02,UK,Verified,Utility Bill
1391,2023-12-23,CA,Verified,Document Upload
1392,2025-01-22,UK,Verified,Utility Bill
1393,2025-05-31,UK,Verified,Document Upload
1394,2025-03-22,CA,Failed,Utility Bill
1395,2024-11-15,CA,Verified,Bank Verification
1396,2024-10-08,UK,Verified,Document Upload
1397,2024-09-11,UK,Verified,Document Upload
1398,2024-12-03,UK,Verified,Bank Verification
1399,2024-06-17,US,Verified,Document Upload
1400,2024-11-07,UK,Verified,Document Upload
1401,2024-11-09,UK,Verified,Utility Bill
1402,2024-02-21,US,Pending,Document Upload
1403,2024-09-03,US,Pending,Utility Bill
1404,2024-07-25,UK,Verified,Bank Verification
1405,2025-01-05,UK,Verified,Utility Bill
1406,2024-07-10,UK,Failed,Bank Verification
1407,2024-06-07,UK,Verified,Utility Bill
1408,2024-11-10,UK,Verified,Bank Verification
1409,2024-09-30,CA,Pending,Bank Verification
1410,2024-03-17,UK,Verified,Utility Bill
1411,2024-12-31,UK,Verified,Bank Verification
1412,2024-09-07,UK,Verified,Utility Bill
1413,2025-05-07,UK,Pending,Bank Verification
1414,2024-04-21,US,Verified,Bank Verification
1415,2025-03-19,CA,Verified,Document Upload
1416,2024-01-16,US,Verified,Document Upload
1417,2024-11-28,UK,Verified,Utility Bill
1418,2024-07-07,UK,Verified,Document Upload
1419,2024-05-11,CA,Verified,Document Upload
1420,2024-10-15,CA,Verified,Utility Bill
1421,2025-02-28,UK,Verified,Bank Verification
1422,2025-01-21,US,Verified,Document Upload
1423,2024-06-10,UK,Failed,Bank Verification
1424,2024-01-18,CA,Verified,Bank Verification
1425,2024-02-05,CA,Verified,Document Upload
1426,2024-04-11,CA,Verified,Utility Bill
1427,2024-03-07,US,Verified,Document Upload
1428,2024-03-22,CA,Failed,Utility Bill
1429,2024-12-02,UK,Verified,Document Upload
1430,2025-02-14,UK,Pending,Bank Verification
1431,2024-02-02,UK,Verified,Bank Verification
1432,2024-10-15,UK,Verified,Bank Verification
1433,2024-06-20,UK,Verified,Utility Bill
1434,2024-02-03,US,Verified,Document Upload
1435,2024-03-10,UK,Failed,Utility Bill
1436,2025-01-31,UK,Verified,Bank Verification
1437,2024-01-02,UK,Verified,Utility Bill
1438,2024-03-14,US,Pending,Document Upload
1439,2025-06-13,US,Verified,Document Upload
1440,2024-08-17,UK,Verified,Document Upload
1441,2025-06-11,US,Pending,Utility Bill
1442,2025-02-16,US,Failed,Document Upload
1443,2024-06-19,US,Pending,Utility Bill
1444,2024-11-18,US,Verified,Bank Verification
1445,2024-07-08,UK,Verified,Document Upload
1446,2025-05-08,UK,Verified,Bank Verification
1447,2025-04-10,CA,Verified,Document Upload
1448,2024-06-02,UK,Verified,Bank Verification
1449,2025-02-24,UK,Pending,Document Upload
1450,2024-05-02,UK,Verified,Bank Verification
1451,2025-02-12,US,Failed,Bank Verification
1452,2025-06-04,US,Verified,Bank Verification
1453,2025-05-30,UK,Pending,Bank Verification
1454,2024-12-31,US,Verified,Bank Verification
1455,2025-05-27,CA,Verified,Document Upload
1456,2024-04-08,CA,Pending,Document Upload
1457,2025-05-16,US,Failed,Utility Bill
1458,2025-02-26,UK,Verified,Bank Verification
1459,2024-06-23,US,Verified,Document Upload
1460,2024-08-18,UK,Verified,Document Upload
1461,2024-07-18,US,Verified,Utility Bill
1462,2024-03-18,CA,Verified,Bank Verification
1463,2024-06-14,UK,Verified,Bank Verification
1464,2024-07-31,CA,Verified,Bank Verification
1465,2025-01-13,UK,Verified,Bank Verification
1466,2025-04-12,UK,Verified,Utility Bill
1467,2023-12-15,CA,Verified,Document Upload
1468,2024-01-19,CA,Failed,Utility Bill
1469,2024-06-09,US,Failed,Bank Verification
1470,2024-04-21,US,Verified,Bank Verification
1471,2024-09-13,UK,Failed,Bank Verification
1472,2024-08-02,CA,Verified,Bank Verification
1473,2024-05-19,UK,Verified,Document Upload
1474,2024-12-13,CA,Verified,Utility Bill
1475,2024-10-04,UK,Verified,Bank Verification
1476,2024-07-24,US,Failed,Utility Bill
1477,2024-02-22,UK,Verified,Document Upload
1478,2024-11-09,UK,Verified,Document Upload
1479,2025-05-25,CA,Verified,Document Upload
1480,2025-04-14,UK,Verified,Document Upload
1481,2025-05-02,UK,Verified,Document Upload
1482,2025-04-12,US,Verified,Bank Verification
1483,2024-03-05,US,Verified,Bank Verification
1484,2025-05-26,UK,Verified,Utility Bill
1485,2024-05-09,UK,Verified,Utility Bill
1486,2025-03-15,UK,Verified,Bank Verification
1487,2025-02-10,UK,Verified,Utility Bill
1488,2025-02-01,CA,Verified,Bank Verification
1489,2024-08-31,UK,Pending,Bank Verification
1490,2024-06-23,UK,Failed,Utility Bill
1491,2024-07-18,US,Pending,Bank Verification
1492,2024-07-25,UK,Verified,Document Upload
1493,2025-04-11,US,Verified,Utility Bill
1494,2024-07-19,CA,Failed,Utility Bill
1495,2025-04-30,UK,Failed,Utility Bill
1496,2024-03-09,UK,Verified,Utility Bill
1497,2025-05-15,CA,Verified,Bank Verification
1498,2025-04-27,UK,Pending,Document Upload
1499,2025-03-03,UK,Verified,Document Upload
1500,2024-11-11,CA,Verified,Document Upload
1501,2024-02-25,CA,Verified,Bank Verification
1502,2025-05-06,US,Pending,Document Upload
1503,2025-03-04,UK,Verified,Bank Verification
1504,2024-10-25,UK,Verified,Document Upload
1505,2025-02-11,UK,Verified,Document Upload
1506,2025-05-07,US,Verified,Utility Bill
1507,2024-08-06,UK,Verified,Document Upload
1508,2025-05-14,CA,Verified,Utility Bill
1509,2024-05-09,CA,Verified,Bank Verification
1510,2025-04-22,US,Verified,Document Upload
1511,2024-10-12,US,Verified,Document Upload
1512,2024-11-10,CA,Verified,Bank Verification
1513,2024-04-19,UK,Verified,Document Upload
1514,2024-04-12,UK,Verified,Bank Verification
1515,2024-09-24,UK,Verified,Bank Verification
1516,2025-01-11,UK,Verified,Document Upload
1517,2024-02-16,UK,Verified,Document Upload
1518,2024-04-24,US,Verified,Bank Verification
1519,2025-01-24,CA,Pending,Document Upload
1520,2025-02-08,UK,Pending,Bank Verification
1521,2024-02-06,UK,Failed,Utility Bill
1522,2025-01-08,CA,Failed,Utility Bill
1523,2025-03-30,UK,Failed,Utility Bill
1524,2024-09-25,CA,Verified,Document Upload
1525,2024-08-04,UK,Pending,Utility Bill
1526,2025-05-09,US,Verified,Document Upload
1527,2024-01-06,UK,Verified,Document Upload
1528,2024-10-08,CA,Pending,Bank Verification
1529,2024-06-23,UK,Verified,Document Upload
1530,2024-07-23,UK,Pending,Bank Verification
1531,2024-01-13,UK,Pending,Document Upload
1532,2024-03-07,CA,Verified,Bank Verification
1533,2024-11-08,CA,Pending,Bank Verification
1534,2025-05-19,UK,Verified,Document Upload
1535,2024-06-26,US,Verified,Bank Verification
1536,2024-03-22,US,Verified,Utility Bill
1537,2024-02-21,CA,Verified,Document Upload
1538,2024-07-31,UK,Verified,Document Upload
1539,2024-08-15,US,Verified,Document Upload
1540,2024-07-26,CA,Failed,Utility Bill
1541,2025-03-28,UK,Verified,Bank Verification
1542,2025-05-22,US,Verified,Document Upload
1543,2024-09-29,UK,Verified,Document Upload
1544,2024-02-05,US,Failed,Utility Bill
1545,2025-01-03,UK,Pending,Document Upload
1546,2025-01-13,UK,Failed,Bank Verification
1547,2023-12-01,UK,Pending,Document Upload
1548,2024-08-13,CA,Verified,Document Upload
1549,2025-04-29,UK,Verified,Bank Verification
1550,2024-08-17,US,Pending,Bank Verification
1551,2025-06-01,CA,Verified,Utility Bill
1552,2024-01-19,US,Verified,Bank Verification
1553,2024-03-27,UK,Verified,Utility Bill
1554,2024-07-13,US,Verified,Bank Verification
1555,2023-12-09,US,Verified,Bank Verification
1556,2023-12-03,UK,Verified,Document Upload
1557,2024-11-21,US,Verified,Document Upload
1558,2025-02-08,UK,Failed,Utility Bill
1559,2025-01-15,US,Verified,Bank Verification
1560,2024-06-08,UK,Verified,Document Upload
1561,2025-01-31,UK,Pending,Document Upload
1562,2024-07-27,US,Verified,Bank Verification
1563,2024-09-09,UK,Verified,Bank Verification
1564,2024-09-01,UK,Failed,Bank Verification
1565,2024-03-30,US,Verified,Bank Verification
1566,2024-06-28,US,Verified,Document Upload
1567,2024-08-14,UK,Verified,Document Upload
1568,2024-08-11,US,Verified,Document Upload
1569,2024-11-09,US,Verified,Document Upload
1570,2024-12-11,UK,Verified,Bank Verification
1571,2024-03-06,US,Verified,Utility Bill
1572,2024-06-20,US,Verified,Bank Verification
1573,2024-11-23,UK,Verified,Utility Bill
1574,2025-05-04,US,Pending,Utility Bill
1575,2024-03-17,UK,Verified,Document Upload
1576,2024-09-20,UK,Verified,Bank Verification
1577,2024-03-30,CA,Failed,Utility Bill
1578,2024-10-05,UK,Failed,Utility Bill
1579,2024-06-12,CA,Pending,Utility Bill
1580,2025-02-19,CA,Verified,Document Upload
1581,2025-03-09,UK,Verified,Document Upload
1582,2024-08-01,UK,Verified,Document Upload
1583,2024-04-19,US,Verified,Bank Verification
1584,2024-06-04,UK,Verified,Document Upload
1585,2024-05-20,US,Failed,Bank Verification
1586,2025-04-10,UK,Verified,Document Upload
1587,2024-04-15,UK,Verified,Bank Verification
1588,2025-01-02,UK,Verified,Document Upload
1589,2024-08-07,CA,Verified,Utility Bill
1590,2025-05-16,US,Verified,Document Upload
1591,2025-04-04,UK,Verified,Bank Verification
1592,2024-07-15,CA,Verified,Utility Bill
1593,2023-12-21,UK,Pending,Bank Verification
1594,2025-05-05,US,Pending,Bank Verification
1595,2025-03-05,US,Verified,Utility Bill
1596,2025-02-10,CA,Pending,Document Upload
1597,2024-05-13,UK,Pending,Document Upload
1598,2024-10-08,UK,Pending,Document Upload
1599,2024-03-24,UK,Verified,Document Upload
1600,2024-10-06,UK,Verified,Document Upload
1601,2024-01-18,UK,Verified,Utility Bill
1602,2025-06-02,UK,Failed,Utility Bill
1603,2024-07-31,US,Failed,Utility Bill
1604,2023-12-29,US,Verified,Document Upload
1605,2024-04-21,US,Verified,Document Upload
1606,2025-02-09,US,Verified,Bank Verification
1607,2025-03-13,UK,Pending,Bank Verification
1608,2024-07-08,UK,Failed,Bank Verification
1609,2025-04-24,US,Verified,Document Upload
1610,2025-02-14,US,Verified,Bank Verification
1611,2024-08-23,UK,Verified,Bank Verification
1612,2024-07-16,US,Verified,Bank Verification
1613,2024-01-30,UK,Verified,Bank Verification
1614,2024-12-01,CA,Verified,Bank Verification
1615,2025-02-05,UK,Verified,Document Upload
1616,2024-12-21,US,Pending,Document Upload
1617,2024-07-24,US,Verified,Document Upload
1618,2024-09-23,UK,Verified,Document Upload
1619,2025-06-02,US,Pending,Bank Verification
1620,2024-07-21,UK,Failed,Utility Bill
1621,2024-04-11,CA,Verified,Document Upload
1622,2024-07-15,UK,Verified,Bank Verification
1623,2024-08-26,CA,Verified,Bank Verification
1624,2024-05-24,UK,Verified,Document Upload
1625,2024-09-01,CA,Verified,Document Upload
1626,2025-01-18,US,Verified,Document Upload
1627,2025-03-27,UK,Pending,Utility Bill
1628,2025-04-29,CA,Verified,Utility Bill
1629,2024-11-05,CA,Failed,Utility Bill
1630,2025-01-27,UK,Verified,Utility Bill
1631,2024-05-31,CA,Verified,Bank Verification
1632,2024-12-16,US,Pending,Document Upload
1633,2024-08-08,UK,Verified,Document Upload
1634,2024-07-09,UK,Verified,Utility Bill
1635,2024-04-25,US,Verified,Document Upload
1636,2024-10-27,US,Verified,Document Upload
1637,2024-11-27,UK,Verified,Utility Bill
1638,2024-12-25,US,Verified,Document Upload
1639,2024-06-03,UK,Verified,Document Upload
1640,2025-04-25,UK,Verified,Document Upload
1641,2024-06-17,CA,Verified,Document Upload
1642,2024-07-15,UK,Verified,Bank Verification
1643,2025-02-12,CA,Verified,Document Upload
1644,2025-04-19,CA,Verified,Bank Verification
1645,2024-12-09,US,Verified,Document Upload
1646,2024-08-30,UK,Verified,Document Upload
1647,2025-01-28,UK,Verified,Bank Verification
1648,2024-05-24,UK,Verified,Bank Verification
1649,2024-07-04,UK,Verified,Document Upload
1650,2024-06-30,UK,Verified,Document Upload
1651,2024-11-13,US,Verified,Document Upload
1652,2025-03-21,US,Failed,Utility Bill
1653,2024-09-13,US,Failed,Utility Bill
1654,2024-11-30,UK,Verified,Document Upload
1655,2024-03-15,CA,Verified,Bank Verification
1656,2024-01-01,US,Failed,Utility Bill
1657,2025-06-04,UK,Verified,Bank Verification
1658,2025-04-30,UK,Verified,Bank Verification
1659,2024-10-03,US,Verified,Document Upload
1660,2024-05-30,UK,Failed,Utility Bill
1661,2025-04-15,CA,Verified,Document Upload
1662,2024-10-15,US,Verified,Utility Bill
1663,2024-10-01,US,Verified,Document Upload
1664,2024-07-06,UK,Verified,Document Upload
1665,2024-03-29,UK,Verified,Bank Verification
1666,2024-11-08,CA,Pending,Document Upload
1667,2025-04-30,UK,Verified,Document Upload
1668,2025-04-11,CA,Verified,Document Upload
1669,2024-06-04,UK,Verified,Utility Bill
1670,2024-08-04,US,Verified,Document Upload
1671,2024-01-03,US,Verified,Document Upload
1672,2025-06-17,UK,Pending,Document Upload
1673,2024-01-02,UK,Verified,Bank Verification
1674,2024-02-14,CA,Verified,Document Upload
1675,2024-04-08,UK,Verified,Bank Verification
1676,2024-03-22,US,Verified,Bank Verification
1677,2025-03-28,US,Failed,Utility Bill
1678,2024-11-19,UK,Verified,Document Upload
1679,2025-04-03,US,Verified,Document Upload
1680,2024-08-18,CA,Verified,Bank Verification
1681,2024-10-24,UK,Verified,Utility Bill
1682,2024-08-24,US,Verified,Document Upload
1683,2024-03-27,UK,Failed,Bank Verification
1684,2023-12-10,CA,Failed,Bank Verification
1685,2024-02-17,UK,Verified,Bank Verification
1686,2025-05-27,US,Verified,Document Upload
1687,2024-09-28,US,Pending,Utility Bill
1688,2025-01-02,UK,Verified,Bank Verification
1689,2024-06-30,UK,Verified,Document Upload
1690,2024-10-31,UK,Verified,Document Upload
1691,2024-10-14,UK,Failed,Bank Verification
1692,2024-03-29,UK,Verified,Document Upload
1693,2024-03-31,US,Verified,Document Upload
1694,2024-04-30,US,Verified,Utility Bill
1695,2025-01-12,US,Verified,Document Upload
1696,2024-10-22,UK,Verified,Bank Verification
1697,2024-10-13,US,Verified,Document Upload
1698,2025-06-14,US,Verified,Document Upload
1699,2024-08-02,US,Failed,Bank Verification
1700,2024-06-16,US,Verified,Document Upload
1701,2025-06-20,UK,Verified,Bank Verification
1702,2024-11-01,US,Verified,Document Upload
1703,2025-02-16,UK,Failed,Utility Bill
1704,2025-04-15,Unknown,Pending,Bank Verification
1705,2023-12-25,UK,Verified,Document Upload
1706,2024-06-26,UK,Verified,Document Upload
1707,2023-12-28,US,Verified,Document Upload
1708,2024-10-10,UK,Verified,Utility Bill
1709,2025-05-14,US,Verified,Bank Verification
1710,2024-12-28,CA,Verified,Document Upload
1711,2025-05-16,UK,Verified,Bank Verification
1712,2025-01-18,CA,Failed,Utility Bill
1713,2024-06-14,UK,Verified,Document Upload
1714,2024-08-28,UK,Verified,Document Upload
1715,2024-07-13,US,Verified,Document Upload
1716,2025-01-30,UK,Verified,Bank Verification
1717,2024-12-18,UK,Verified,Document Upload
1718,2024-11-08,UK,Pending,Document Upload
1719,2025-03-01,US,Verified,Document Upload
1720,2024-01-01,UK,Verified,Document Upload
1721,2024-04-13,US,Verified,Document Upload
1722,2024-09-21,US,Verified,Document Upload
1723,2024-07-03,UK,Pending,Bank Verification
1724,2025-01-27,US,Verified,Document Upload
1725,2024-05-13,UK,Verified,Utility Bill
1726,2024-08-27,UK,Verified,Utility Bill
1727,2025-05-18,UK,Failed,Utility Bill
1728,2024-01-15,UK,Verified,Document Upload
1729,2024-04-28,CA,Pending,Document Upload
1730,2024-02-13,UK,Pending,Utility Bill
1731,2023-12-18,UK,Pending,Document Upload
1732,2024-05-30,US,Pending,Document Upload
1733,2024-02-21,UK,Verified,Document Upload
1734,2024-01-25,CA,Verified,Bank Verification
1735,2024-12-26,US,Verified,Utility Bill
1736,2024-04-15,UK,Verified,Document Upload
1737,2024-10-30,UK,Pending,Document Upload
1738,2024-05-29,UK,Verified,Document Upload
1739,2024-01-14,UK,Verified,Utility Bill
1740,2024-10-20,US,Verified,Bank Verification
1741,2023-12-06,UK,Verified,Bank Verification
1742,2025-03-27,US,Verified,Document Upload
1743,2024-02-01,UK,Verified,Document Upload
1744,2024-04-29,UK,Pending,Document Upload
1745,2025-06-07,US,Verified,Bank Verification
1746,2024-06-24,UK,Verified,Document Upload
1747,2024-02-15,CA,Verified,Bank Verification
1748,2023-12-17,UK,Failed,Utility Bill
1749,2025-04-17,UK,Verified,Bank Verification
1750,2024-12-20,US,Verified,Bank Verification
1751,2024-07-20,US,Verified,Bank Verification
1752,2024-02-07,US,Pending,Document Upload
1753,2025-01-03,UK,Verified,Document Upload
1754,2025-02-16,UK,Verified,Document Upload
1755,2024-03-15,UK,Verified,Document Upload
1756,2023-12-29,UK,Pending,Document Upload
1757,2025-05-31,UK,Verified,Document Upload
1758,2023-12-01,CA,Failed,Document Upload
1759,2024-06-12,UK,Pending,Bank Verification
1760,2025-05-25,CA,Pending,Utility Bill
1761,2024-10-07,UK,Verified,Bank Verification
1762,2024-12-17,UK,Failed,Bank Verification
1763,2024-10-19,UK,Verified,Document Upload
1764,2023-11-29,US,Verified,Document Upload
1765,2024-04-15,US,Verified,Document Upload
1766,2023-12-17,UK,Failed,Bank Verification
1767,2024-03-06,US,Verified,Bank Verification
1768,2024-06-03,UK,Verified,Bank Verification
1769,2024-05-02,CA,Verified,Utility Bill
1770,2025-04-05,Unknown,Failed,Bank Verification
1771,2025-03-31,UK,Verified,Document Upload
1772,2025-06-17,US,Failed,Utility Bill
1773,2024-05-05,UK,Failed,Utility Bill
1774,2025-01-29,CA,Pending,Bank Verification
1775,2024-10-17,US,Verified,Bank Verification
1776,2023-12-30,UK,Verified,Document Upload
1777,2023-12-14,UK,Verified,Bank Verification
1778,2024-03-19,UK,Verified,Bank Verification
1779,2025-06-07,US,Verified,Utility Bill
1780,2024-10-19,CA,Verified,Bank Verification
1781,2023-12-23,US,Verified,Document Upload
1782,2024-04-13,US,Verified,Bank Verification
1783,2025-05-14,CA,Failed,Utility Bill
1784,2024-01-23,CA,Verified,Document Upload
1785,2025-01-28,US,Verified,Bank Verification
1786,2025-01-01,US,Verified,Document Upload
1787,2025-05-02,UK,Verified,Document Upload
1788,2024-02-08,UK,Verified,Utility Bill
1789,2024-08-28,CA,Failed,Utility Bill
1790,2025-01-18,UK,Verified,Document Upload
1791,2025-03-10,CA,Pending,Bank Verification
1792,2024-12-15,UK,Verified,Document Upload
1793,2024-10-28,UK,Verified,Bank Verification
1794,2025-05-26,UK,Verified,Document Upload
1795,2025-05-17,CA,Verified,Utility Bill
1796,2025-03-21,UK,Verified,Document Upload
1797,2024-05-31,US,Verified,Document Upload
1798,2024-08-11,UK,Verified,Document Upload
1799,2023-12-08,UK,Verified,Utility Bill
1800,2025-06-07,CA,Verified,Bank Verification
1801,2025-06-07,UK,Verified,Bank Verification
1802,2024-08-13,UK,Failed,Utility Bill
1803,2025-05-03,US,Verified,Bank Verification
1804,2025-03-16,UK,Verified,Document Upload
1805,2024-01-15,CA,Verified,Document Upload
1806,2024-04-20,US,Pending,Document Upload
1807,2024-08-25,UK,Verified,Document Upload
1808,2025-04-09,US,Verified,Document Upload
1809,2024-06-29,UK,Verified,Document Upload
1810,2025-02-23,UK,Verified,Document Upload
1811,2024-01-18,CA,Verified,Bank Verification
1812,2025-01-18,UK,Verified,Bank Verification
1813,2025-06-06,UK,Pending,Bank Verification
1814,2024-07-23,UK,Verified,Document Upload
1815,2024-12-18,UK,Failed,Utility Bill
1816,2024-03-17,UK,Verified,Bank Verification
1817,2024-11-13,UK,Verified,Document Upload
1818,2024-04-17,US,Failed,Document Upload
1819,2024-05-14,UK,Verified,Document Upload
1820,2024-04-24,US,Verified,Utility Bill
1821,2024-07-05,UK,Verified,Document Upload
1822,2024-05-28,UK,Verified,Utility Bill
1823,2024-04-11,UK,Verified,Bank Verification
1824,2024-08-15,US,Verified,Utility Bill
1825,2024-06-06,CA,Pending,Document Upload
1826,2024-12-07,US,Verified,Utility Bill
1827,2024-03-19,UK,Verified,Document Upload
1828,2025-03-10,UK,Verified,Bank Verification
1829,2025-06-04,CA,Verified,Document Upload
1830,2024-02-14,UK,Failed,Utility Bill
1831,2024-03-04,US,Verified,Document Upload
1832,2024-10-30,UK,Verified,Bank Verification
1833,2024-08-05,UK,Verified,Document Upload
1834,2024-06-15,UK,Verified,Bank Verification
1835,2025-04-13,US,Verified,Bank Verification
1836,2025-05-13,CA,Verified,Document Upload
1837,2024-08-22,UK,Verified,Document Upload
1838,2024-11-27,UK,Failed,Utility Bill
1839,2024-10-31,CA,Verified,Bank Verification
1840,2025-04-24,UK,Verified,Document Upload
1841,2025-02-28,UK,Failed,Utility Bill
1842,2024-11-30,CA,Verified,Bank Verification
1843,2024-01-24,US,Verified,Utility Bill
1844,2024-04-29,US,Failed,Utility Bill
1845,2023-11-29,US,Verified,Utility Bill
1846,2024-12-08,US,Pending,Utility Bill
1847,2024-08-17,UK,Verified,Bank Verification
1848,2024-05-28,UK,Verified,Utility Bill
1849,2024-08-31,US,Verified,Utility Bill
1850,2025-04-11,US,Verified,Document Upload
1851,2024-06-13,UK,Verified,Document Upload
1852,2024-11-13,UK,Failed,Bank Verification
1853,2024-06-27,UK,Verified,Bank Verification
1854,2024-10-30,UK,Verified,Document Upload
1855,2024-05-26,US,Verified,Bank Verification
1856,2024-09-03,UK,Verified,Document Upload
1857,2025-04-13,UK,Pending,Document Upload
1858,2025-02-10,UK,Pending,Document Upload
1859,2024-09-07,UK,Failed,Utility Bill
1860,2024-05-18,CA,Verified,Document Upload
1861,2025-02-15,US,Verified,Document Upload
1862,2024-02-04,US,Pending,Document Upload
1863,2025-01-09,CA,Verified,Document Upload
1864,2024-03-14,UK,Verified,Document Upload
1865,2023-12-24,UK,Verified,Utility Bill
1866,2025-06-03,US,Verified,Document Upload
1867,2023-12-06,US,Verified,Bank Verification
1868,2024-09-15,US,Verified,Bank Verification
1869,2024-11-05,UK,Pending,Utility Bill
1870,2024-12-06,UK,Pending,Bank Verification
1871,2023-12-08,UK,Verified,Bank Verification
1872,2024-07-29,UK,Verified,Document Upload
1873,2024-11-15,US,Verified,Bank Verification
1874,2025-05-04,US,Verified,Document Upload
1875,2024-08-23,CA,Verified,Document Upload
1876,2024-05-01,UK,Verified,Bank Verification
1877,2024-02-18,US,Verified,Utility Bill
1878,2024-10-26,US,Verified,Document Upload
1879,2024-11-16,US,Verified,Document Upload
1880,2023-12-30,CA,Failed,Bank Verification
1881,2025-02-27,CA,Verified,Document Upload
1882,2025-06-10,UK,Verified,Document Upload
1883,2024-10-26,UK,Failed,Utility Bill
1884,2024-10-25,UK,Verified,Bank Verification
1885,2025-06-09,CA,Verified,Utility Bill
1886,2024-09-16,UK,Verified,Utility Bill
1887,2024-10-10,CA,Verified,Document Upload
1888,2024-03-04,US,Verified,Bank Verification
1889,2025-06-02,US,Verified,Bank Verification
1890,2024-04-15,CA,Verified,Document Upload
1891,2025-05-31,US,Verified,Bank Verification
1892,2025-03-09,US,Verified,Document Upload
1893,2024-01-17,UK,Verified,Bank Verification
1894,2024-12-27,UK,Verified,Document Upload
1895,2024-06-20,US,Verified,Document Upload
1896,2024-04-27,UK,Verified,Bank Verification
1897,2024-10-23,UK,Verified,Bank Verification
1898,2024-10-24,UK,Verified,Document Upload
1899,2024-10-21,UK,Verified,Bank Verification
1900,2025-01-22,UK,Verified,Bank Verification
1901,2024-09-11,CA,Verified,Bank Verification
1902,2024-01-07,US,Pending,Bank Verification
1903,2025-02-02,UK,Pending,Document Upload
1904,2024-02-26,UK,Verified,Utility Bill
1905,2024-10-17,CA,Pending,Document Upload
1906,2024-11-30,US,Verified,Document Upload
1907,2024-03-21,US,Pending,Bank Verification
1908,2024-08-11,US,Failed,Utility Bill
1909,2024-06-25,UK,Failed,Utility Bill
1910,2024-01-08,US,Verified,Bank Verification
1911,2023-12-02,UK,Verified,Document Upload
1912,2025-02-17,US,Verified,Bank Verification
1913,2024-07-03,UK,Verified,Document Upload
1914,2024-01-19,UK,Pending,Bank Verification
1915,2025-05-01,US,Verified,Document Upload
1916,2024-02-02,US,Verified,Document Upload
1917,2025-01-15,UK,Verified,Bank Verification
1918,2024-05-02,US,Pending,Bank Verification
1919,2025-02-21,US,Pending,Document Upload
1920,2024-05-25,UK,Failed,Document Upload
1921,2024-06-13,UK,Pending,Utility Bill
1922,2024-05-26,UK,Verified,Bank Verification
1923,2025-04-29,UK,Verified,Document Upload
1924,2024-08-14,UK,Verified,Document Upload
1925,2024-12-28,UK,Verified,Bank Verification
1926,2024-07-24,UK,Verified,Utility Bill
1927,2023-12-23,US,Failed,Utility Bill
1928,2025-02-28,UK,Pending,Document Upload
1929,2024-07-23,UK,Verified,Document Upload
1930,2024-08-04,UK,Verified,Bank Verification
1931,2025-03-26,UK,Verified,Document Upload
1932,2024-06-02,US,Verified,Utility Bill
1933,2024-06-24,UK,Verified,Document Upload
1934,2024-09-17,UK,Verified,Document Upload
1935,2024-04-03,CA,Verified,Document Upload
1936,2024-05-29,CA,Verified,Document Upload
1937,2025-02-07,UK,Verified,Document Upload
1938,2024-10-02,CA,Pending,Document Upload
1939,2025-03-07,UK,Verified,Bank Verification
1940,2024-03-20,UK,Failed,Bank Verification
1941,2024-06-30,CA,Failed,Utility Bill
1942,2024-05-06,US,Pending,Document Upload
1943,2024-08-24,UK,Verified,Bank Verification
1944,2025-05-01,CA,Verified,Bank Verification
1945,2025-04-08,UK,Verified,Bank Verification
1946,2024-04-08,UK,Verified,Document Upload
1947,2024-07-11,CA,Verified,Bank Verification
1948,2025-01-09,CA,Verified,Utility Bill
1949,2024-07-07,UK,Failed,Utility Bill
1950,2025-05-05,UK,Verified,Document Upload
1951,2024-11-17,UK,Verified,Bank Verification
1952,2025-04-12,UK,Verified,Bank Verification
1953,2024-09-20,UK,Failed,Utility Bill
1954,2024-12-18,CA,Verified,Document Upload
1955,2024-02-25,CA,Verified,Document Upload
1956,2024-08-25,US,Verified,Bank Verification
1957,2023-12-09,US,Failed,Utility Bill
1958,2024-12-14,US,Failed,Utility Bill
1959,2024-02-13,US,Verified,Document Upload
1960,2025-02-25,US,Verified,Bank Verification
1961,2024-05-22,CA,Verified,Document Upload
1962,2024-04-08,US,Failed,Utility Bill
1963,2024-01-03,UK,Verified,Bank Verification
1964,2024-11-19,UK,Verified,Document Upload
1965,2024-04-16,US,Pending,Document Upload
1966,2024-02-08,UK,Pending,Utility Bill
1967,2024-10-23,CA,Pending,Utility Bill
1968,2025-02-01,US,Verified,Bank Verification
1969,2024-07-31,UK,Pending,Bank Verification
1970,2024-05-23,CA,Verified,Bank Verification
1971,2025-04-08,US,Verified,Document Upload
1972,2024-11-29,CA,Verified,Document Upload
1973,2024-07-21,CA,Verified,Bank Verification
1974,2024-02-22,UK,Verified,Document Upload
1975,2024-12-16,UK,Failed,Bank Verification
1976,2024-06-17,US,Failed,Bank Verification
1977,2024-04-27,UK,Verified,Bank Verification
1978,2024-05-30,UK,Verified,Document Upload
1979,2025-03-08,CA,Pending,Utility Bill
1980,2025-04-29,UK,Verified,Bank Verification
1981,2025-03-20,UK,Failed,Utility Bill
1982,2024-04-18,UK,Verified,Document Upload
1983,2024-08-22,UK,Verified,Bank Verification
1984,2024-11-30,CA,Verified,Bank Verification
1985,2025-06-05,UK,Pending,Bank Verification
1986,2024-04-25,US,Verified,Bank Verification
1987,2024-10-15,UK,Verified,Bank Verification
1988,2024-02-25,CA,Verified,Utility Bill
1989,2024-09-13,US,Verified,Bank Verification
1990,2025-04-12,CA,Failed,Utility Bill
1991,2024-03-16,UK,Verified,Bank Verification
1992,2025-06-12,CA,Verified,Document Upload
1993,2024-11-09,CA,Verified,Document Upload
1994,2024-04-14,US,Failed,Bank Verification
1995,2024-10-04,US,Verified,Bank Verification
1996,2023-12-16,US,Verified,Utility Bill
1997,2024-07-26,UK,Verified,Bank Verification
1998,2024-01-24,UK,Pending,Bank Verification
1999,2024-02-25,US,Verified,Bank Verification
2000,2024-10-15,UK,Verified,Document Upload
2001,2024-02-15,UK,Verified,Document Upload
2002,2024-03-02,US,Failed,Utility Bill
2003,2025-01-09,CA,Verified,Document Upload
2004,2025-06-07,UK,Verified,Document Upload
2005,2024-04-06,CA,Verified,Document Upload
2006,2025-05-18,US,Verified,Document Upload
2007,2024-01-07,UK,Verified,Document Upload
2008,2024-07-24,CA,Verified,Document Upload
2009,2024-06-25,UK,Pending,Bank Verification
2010,2024-08-24,UK,Verified,Document Upload
2011,2023-12-12,UK,Verified,Bank Verification
2012,2024-03-07,US,Verified,Bank Verification
2013,2024-06-05,UK,Failed,Utility Bill
2014,2025-02-07,CA,Verified,Document Upload
2015,2024-07-23,CA,Verified,Document Upload
2016,2024-09-30,CA,Verified,Utility Bill
2017,2024-05-04,UK,Verified,Document Upload
2018,2023-12-04,US,Verified,Utility Bill
2019,2025-02-22,UK,Verified,Document Upload
2020,2024-12-30,US,Verified,Document Upload
2021,2023-12-08,UK,Verified,Utility Bill
2022,2024-11-02,UK,Verified,Bank Verification
2023,2024-02-05,US,Verified,Document Upload
2024,2024-07-09,UK,Verified,Document Upload
2025,2025-02-03,UK,Pending,Utility Bill
2026,2023-12-01,US,Pending,Document Upload
2027,2024-03-20,US,Verified,Utility Bill
2028,2025-03-08,US,Verified,Document Upload
2029,2024-07-17,US,Verified,Bank Verification
2030,2024-05-23,UK,Verified,Document Upload
2031,2024-07-19,US,Failed,Bank Verification
2032,2024-10-27,UK,Verified,Document Upload
2033,2024-12-14,US,Verified,Document Upload
2034,2024-11-04,UK,Verified,Document Upload
2035,2024-04-10,US,Verified,Bank Verification
2036,2025-01-25,US,Verified,Bank Verification
2037,2024-02-17,UK,Verified,Bank Verification
2038,2024-09-28,US,Failed,Bank Verification
2039,2025-03-09,UK,Verified,Bank Verification
2040,2024-07-28,UK,Pending,Document Upload
2041,2025-02-28,UK,Verified,Bank Verification
2042,2024-11-09,CA,Verified,Document Upload
2043,2025-04-05,UK,Failed,Document Upload
2044,2024-09-05,US,Verified,Document Upload
2045,2025-04-25,CA,Verified,Document Upload
2046,2024-06-23,CA,Verified,Document Upload
2047,2024-02-16,UK,Verified,Document Upload
2048,2024-02-21,UK,Verified,Document Upload
2049,2025-03-27,UK,Pending,Utility Bill
2050,2024-08-05,UK,Verified,Utility Bill
2051,2024-10-16,CA,Verified,Bank Verification
2052,2024-11-14,UK,Verified,Document Upload
2053,2024-09-25,UK,Verified,Bank Verification
2054,2023-12-20,US,Verified,Document Upload
2055,2025-01-05,UK,Failed,Utility Bill
2056,2025-03-14,US,Verified,Bank Verification
2057,2024-03-26,UK,Verified,Document Upload
2058,2025-05-26,UK,Verified,Bank Verification
2059,2024-09-26,UK,Verified,Document Upload
2060,2024-01-20,US,Verified,Utility Bill
2061,2024-09-13,CA,Pending,Bank Verification
2062,2025-01-20,UK,Failed,Document Upload
2063,2024-12-29,UK,Verified,Document Upload
2064,2025-03-26,UK,Failed,Utility Bill
2065,2024-03-14,CA,Verified,Document Upload
2066,2024-11-13,US,Verified,Bank Verification
2067,2024-12-05,US,Pending,Bank Verification
2068,2024-12-07,CA,Verified,Document Upload
2069,2024-04-29,UK,Pending,Bank Verification
2070,2024-11-30,US,Verified,Bank Verification
2071,2024-04-29,CA,Verified,Document Upload
2072,2024-02-21,UK,Verified,Bank Verification
2073,2024-02-14,UK,Verified,Utility Bill
2074,2025-01-06,UK,Verified,Bank Verification
2075,2024-04-29,US,Verified,Document Upload
2076,2025-04-06,US,Verified,Document Upload
2077,2025-01-17,UK,Verified,Utility Bill
2078,2025-02-18,UK,Verified,Utility Bill
2079,2024-07-14,UK,Verified,Document Upload
2080,2023-12-27,US,Verified,Bank Verification
2081,2024-05-16,UK,Verified,Document Upload
2082,2024-10-19,CA,Failed,Utility Bill
2083,2025-02-02,US,Verified,Document Upload
2084,2024-11-27,UK,Verified,Document Upload
2085,2023-12-26,UK,Failed,Utility Bill
2086,2024-04-03,UK,Pending,Document Upload
2087,2024-12-14,CA,Verified,Document Upload
2088,2024-01-04,UK,Verified,Utility Bill
2089,2024-11-22,US,Verified,Utility Bill
2090,2024-09-03,CA,Pending,Bank Verification
2091,2024-10-23,US,Verified,Document Upload
2092,2024-03-13,US,Pending,Document Upload
2093,2023-12-19,UK,Verified,Document Upload
2094,2025-01-21,UK,Verified,Document Upload
2095,2024-09-07,UK,Pending,Document Upload
2096,2024-12-03,US,Pending,Bank Verification
2097,2025-04-05,UK,Verified,Bank Verification
2098,2024-07-27,UK,Verified,Document Upload
2099,2024-02-11,UK,Verified,Document Upload
2100,2025-02-06,US,Failed,Document Upload
2101,2025-06-20,UK,Verified,Document Upload
2102,2025-01-15,CA,Verified,Document Upload
2103,2024-11-03,CA,Verified,Document Upload
2104,2025-03-06,CA,Failed,Document Upload
2105,2024-03-11,UK,Verified,Document Upload
2106,2025-01-22,CA,Verified,Document Upload
2107,2024-09-05,UK,Verified,Document Upload
2108,2024-02-28,UK,Verified,Bank Verification
2109,2024-03-17,CA,Verified,Document Upload
2110,2024-03-24,CA,Verified,Bank Verification
2111,2023-12-09,UK,Verified,Utility Bill
2112,2025-04-17,US,Verified,Document Upload
2113,2024-06-07,UK,Failed,Document Upload
2114,2024-12-04,UK,Verified,Bank Verification
2115,2024-09-20,US,Verified,Bank Verification
2116,2024-05-05,UK,Verified,Document Upload
2117,2025-04-12,UK,Verified,Utility Bill
2118,2024-02-16,US,Verified,Document Upload
2119,2025-02-04,UK,Pending,Bank Verification
2120,2024-08-05,UK,Verified,Document Upload
2121,2024-08-14,UK,Verified,Bank Verification
2122,2024-05-02,CA,Verified,Document Upload
2123,2024-03-22,UK,Verified,Bank Verification
2124,2025-02-05,US,Verified,Bank Verification
2125,2024-12-03,CA,Verified,Document Upload
2126,2024-04-01,UK,Verified,Bank Verification
2127,2024-03-02,UK,Verified,Bank Verification
2128,2024-03-10,US,Verified,Document Upload
2129,2024-05-05,US,Pending,Bank Verification
2130,2024-11-01,UK,Verified,Document Upload
2131,2024-03-28,UK,Verified,Document Upload
2132,2025-02-06,UK,Verified,Bank Verification
2133,2024-04-18,CA,Failed,Bank Verification
2134,2025-06-02,CA,Verified,Bank Verification
2135,2024-05-09,CA,Pending,Bank Verification
2136,2024-06-27,UK,Verified,Bank Verification
2137,2024-08-25,US,Verified,Document Upload
2138,2024-06-25,UK,Verified,Utility Bill
2139,2024-07-07,UK,Verified,Document Upload
2140,2025-06-20,UK,Verified,Document Upload
2141,2024-05-28,UK,Verified,Document Upload
2142,2024-08-28,UK,Verified,Document Upload
2143,2025-06-05,UK,Pending,Utility Bill
2144,2024-01-03,US,Pending,Utility Bill
2145,2025-05-28,CA,Failed,Utility Bill
2146,2025-06-04,US,Verified,Bank Verification
2147,2025-03-13,US,Verified,Utility Bill
2148,2025-04-03,UK,Failed,Utility Bill
2149,2025-01-21,UK,Pending,Document Upload
2150,2025-05-19,UK,Pending,Bank Verification
2151,2024-07-13,UK,Verified,Document Upload
2152,2024-10-15,UK,Verified,Utility Bill
2153,2024-05-15,CA,Verified,Document Upload
2154,2024-11-13,UK,Verified,Utility Bill
2155,2024-04-22,UK,Failed,Bank Verification
2156,2024-02-11,US,Verified,Bank Verification
2157,2024-11-25,UK,Failed,Document Upload
2158,2025-05-14,UK,Failed,Utility Bill
2159,2024-04-21,US,Verified,Document Upload
2160,2025-02-26,US,Verified,Document Upload
2161,2025-04-20,CA,Failed,Document Upload
2162,2024-01-03,UK,Verified,Bank Verification
2163,2024-01-01,CA,Verified,Bank Verification
2164,2025-06-10,UK,Verified,Document Upload
2165,2023-12-11,CA,Verified,Utility Bill
2166,2025-01-24,UK,Verified,Document Upload
2167,2024-03-02,CA,Verified,Utility Bill
2168,2024-11-08,UK,Failed,Bank Verification
2169,2024-01-23,CA,Failed,Utility Bill
2170,2025-06-20,UK,Verified,Document Upload
2171,2024-06-24,CA,Verified,Bank Verification
2172,2025-01-08,US,Verified,Bank Verification
2173,2023-12-04,UK,Verified,Document Upload
2174,2024-07-12,CA,Failed,Bank Verification
2175,2024-03-26,CA,Verified,Bank Verification
2176,2024-07-05,UK,Pending,Utility Bill
2177,2025-06-04,UK,Verified,Utility Bill
2178,2024-07-09,US,Verified,Document Upload
2179,2024-11-11,UK,Verified,Document Upload
2180,2024-06-15,US,Verified,Document Upload
2181,2025-03-13,US,Verified,Bank Verification
2182,2024-07-05,CA,Failed,Utility Bill
2183,2024-03-11,CA,Pending,Utility Bill
2184,2025-06-01,US,Verified,Document Upload
2185,2024-10-30,US,Verified,Bank Verification
2186,2024-06-12,US,Verified,Document Upload
2187,2025-03-19,US,Verified,Utility Bill
2188,2024-07-23,UK,Verified,Utility Bill
2189,2025-04-21,CA,Verified,Document Upload
2190,2025-02-16,UK,Pending,Document Upload
2191,2025-04-22,CA,Verified,Document Upload
2192,2024-10-24,UK,Pending,Bank Verification
2193,2024-06-03,UK,Verified,Bank Verification
2194,2025-02-05,UK,Verified,Bank Verification
2195,2024-02-01,UK,Verified,Document Upload
2196,2024-02-12,UK,Verified,Bank Verification
2197,2024-05-20,UK,Verified,Bank Verification
2198,2025-01-13,UK,Verified,Utility Bill
2199,2024-02-29,CA,Verified,Document Upload
2200,2025-03-20,UK,Failed,Bank Verification
2201,2025-03-18,CA,Verified,Document Upload
2202,2024-03-23,UK,Verified,Bank Verification
2203,2024-04-30,UK,Verified,Bank Verification
2204,2024-04-13,UK,Pending,Document Upload
2205,2024-10-31,UK,Failed,Utility Bill
2206,2024-02-21,CA,Verified,Bank Verification
2207,2025-01-05,UK,Verified,Document Upload
2208,2024-05-30,CA,Verified,Utility Bill
2209,2024-11-05,UK,Verified,Document Upload
2210,2024-10-26,CA,Verified,Utility Bill
2211,2024-09-16,UK,Verified,Bank Verification
2212,2024-09-22,CA,Verified,Document Upload
2213,2024-06-22,UK,Verified,Document Upload
2214,2024-08-08,UK,Verified,Document Upload
2215,2024-02-16,UK,Verified,Utility Bill
2216,2024-07-16,UK,Verified,Bank Verification
2217,2023-12-01,US,Verified,Utility Bill
2218,2023-12-30,US,Failed,Bank Verification
2219,2024-01-13,UK,Verified,Utility Bill
2220,2025-01-20,UK,Verified,Document Upload
2221,2024-02-19,US,Verified,Document Upload
2222,2024-04-09,UK,Verified,Utility Bill
2223,2024-05-29,US,Verified,Bank Verification
2224,2025-06-11,UK,Verified,Utility Bill
2225,2024-07-03,US,Failed,Utility Bill
2226,2025-03-04,US,Verified,Bank Verification
2227,2025-02-24,UK,Verified,Bank Verification
2228,2023-12-30,US,Verified,Document Upload
2229,2024-08-18,UK,Pending,Document Upload
2230,2025-01-28,UK,Pending,Bank Verification
2231,2024-07-31,CA,Verified,Bank Verification
2232,2024-09-02,US,Verified,Utility Bill
2233,2025-01-10,CA,Verified,Document Upload
2234,2024-01-15,US,Verified,Document Upload
2235,2024-03-05,CA,Failed,Utility Bill
2236,2024-06-12,CA,Pending,Bank Verification
2237,2024-02-26,CA,Verified,Bank Verification
2238,2024-09-15,UK,Verified,Bank Verification
2239,2024-02-10,UK,Pending,Document Upload
2240,2024-05-16,CA,Verified,Document Upload
2241,2024-06-23,CA,Pending,Utility Bill
2242,2023-12-11,UK,Verified,Document Upload
2243,2025-06-08,US,Failed,Utility Bill
2244,2024-01-01,CA,Verified,Utility Bill
2245,2024-10-26,US,Verified,Document Upload
2246,2025-03-09,UK,Pending,Bank Verification
2247,2025-05-10,CA,Verified,Document Upload
2248,2025-04-02,UK,Verified,Bank Verification
2249,2025-01-22,UK,Pending,Utility Bill
2250,2025-01-07,CA,Verified,Document Upload
2251,2024-05-13,UK,Verified,Document Upload
2252,2025-03-30,UK,Failed,Utility Bill
2253,2025-03-22,UK,Verified,Utility Bill
2254,2024-04-11,US,Pending,Document Upload
2255,2025-02-11,UK,Failed,Utility Bill
2256,2024-03-02,US,Verified,Bank Verification
2257,2024-08-28,UK,Verified,Document Upload
2258,2025-04-01,CA,Failed,Document Upload
2259,2024-12-26,US,Verified,Bank Verification
2260,2025-05-10,UK,Pending,Document Upload
2261,2024-08-11,CA,Verified,Bank Verification
2262,2024-12-18,US,Verified,Document Upload
2263,2025-01-01,UK,Verified,Utility Bill
2264,2024-05-25,US,Verified,Document Upload
2265,2024-12-26,CA,Verified,Document Upload
2266,2024-04-07,UK,Pending,Utility Bill
2267,2025-02-23,CA,Pending,Document Upload
2268,2024-10-01,UK,Verified,Bank Verification
2269,2025-01-12,UK,Verified,Utility Bill
2270,2024-06-21,UK,Verified,Bank Verification
2271,2024-02-07,UK,Verified,Document Upload
2272,2024-01-15,CA,Verified,Document Upload
2273,2024-02-19,UK,Verified,Utility Bill
2274,2024-02-05,UK,Verified,Document Upload
2275,2024-07-18,US,Verified,Document Upload
2276,2025-04-14,US,Verified,Document Upload
2277,2024-06-19,UK,Verified,Document Upload
2278,2024-05-10,UK,Verified,Bank Verification
2279,2024-07-26,UK,Verified,Document Upload
2280,2024-04-04,UK,Verified,Document Upload
2281,2024-10-11,US,Verified,Bank Verification
2282,2024-01-20,US,Verified,Bank Verification
2283,2023-12-29,UK,Verified,Bank Verification
2284,2024-10-25,UK,Verified,Bank Verification
2285,2024-05-06,US,Verified,Bank Verification
2286,2025-03-24,CA,Verified,Document Upload
2287,2024-08-05,US,Verified,Document Upload
2288,2024-09-23,UK,Verified,Document Upload
2289,2024-05-30,US,Verified,Document Upload
2290,2024-11-21,US,Verified,Document Upload
2291,2025-04-23,US,Verified,Utility Bill
2292,2024-11-08,Unknown,Verified,Document Upload
2293,2024-02-12,US,Verified,Bank Verification
2294,2024-03-20,UK,Verified,Bank Verification
2295,2024-02-10,US,Verified,Utility Bill
2296,2024-06-14,CA,Verified,Bank Verification
2297,2024-09-17,US,Verified,Bank Verification
2298,2024-05-29,US,Failed,Utility Bill
2299,2024-03-29,UK,Verified,Bank Verification
2300,2024-06-13,UK,Verified,Document Upload
2301,2025-04-28,UK,Verified,Utility Bill
2302,2025-04-01,UK,Verified,Bank Verification
2303,2024-10-16,UK,Verified,Document Upload
2304,2025-05-18,CA,Failed,Utility Bill
2305,2024-11-30,UK,Verified,Bank Verification
2306,2024-11-07,UK,Verified,Document Upload
2307,2024-05-06,CA,Verified,Bank Verification
2308,2024-02-22,UK,Pending,Bank Verification
2309,2024-09-08,UK,Verified,Bank Verification
2310,2024-06-16,UK,Failed,Utility Bill
2311,2024-05-08,CA,Verified,Document Upload
2312,2024-03-26,UK,Verified,Bank Verification
2313,2024-10-19,US,Failed,Utility Bill
2314,2024-07-01,UK,Verified,Utility Bill
2315,2025-03-20,US,Verified,Utility Bill
2316,2024-03-30,US,Verified,Bank Verification
2317,2024-06-03,CA,Verified,Document Upload
2318,2023-12-01,US,Verified,Document Upload
2319,2024-01-22,UK,Verified,Document Upload
2320,2024-05-10,UK,Verified,Bank Verification
2321,2025-06-02,UK,Verified,Document Upload
2322,2024-02-15,UK,Failed,Utility Bill
2323,2024-07-25,UK,Verified,Utility Bill
2324,2023-12-14,US,Verified,Bank Verification
2325,2024-12-30,UK,Failed,Bank Verification
2326,2024-04-24,UK,Verified,Document Upload
2327,2025-04-04,CA,Verified,Utility Bill
2328,2024-03-14,UK,Failed,Utility Bill
2329,2024-10-16,UK,Verified,Bank Verification
2330,2025-05-07,UK,Verified,Bank Verification
2331,2024-08-28,UK,Verified,Document Upload
2332,2025-05-31,UK,Verified,Utility Bill
2333,2024-09-23,UK,Verified,Document Upload
2334,2024-01-11,US,Verified,Utility Bill
2335,2024-12-26,UK,Verified,Bank Verification
2336,2025-02-05,UK,Failed,Utility Bill
2337,2024-07-12,US,Verified,Document Upload
2338,2024-12-28,US,Verified,Document Upload
2339,2025-03-17,UK,Pending,Bank Verification
2340,2025-04-04,US,Verified,Bank Verification
2341,2025-02-23,UK,Verified,Bank Verification
2342,2024-06-24,UK,Pending,Document Upload
2343,2025-01-14,UK,Verified,Document Upload
2344,2025-06-04,CA,Verified,Document Upload
2345,2024-01-03,UK,Verified,Document Upload
2346,2024-03-22,UK,Verified,Bank Verification
2347,2025-02-24,CA,Failed,Utility Bill
2348,2025-01-01,UK,Verified,Bank Verification
2349,2025-04-23,US,Pending,Bank Verification
2350,2024-04-22,US,Verified,Document Upload
2351,2024-07-02,UK,Verified,Document Upload
2352,2024-01-18,CA,Failed,Utility Bill
2353,2025-06-04,CA,Verified,Utility Bill
2354,2024-05-23,UK,Verified,Document Upload
2355,2025-03-26,CA,Verified,Bank Verification
2356,2024-10-22,US,Failed,Utility Bill
2357,2024-03-14,UK,Verified,Utility Bill
2358,2024-06-29,UK,Verified,Bank Verification
2359,2023-11-29,UK,Pending,Document Upload
2360,2024-02-19,UK,Verified,Document Upload
2361,2024-10-08,UK,Verified,Document Upload
2362,2024-05-11,UK,Verified,Document Upload
2363,2023-12-28,UK,Verified,Bank Verification
2364,2025-01-28,US,Verified,Document Upload
2365,2023-12-17,UK,Verified,Utility Bill
2366,2025-06-16,UK,Failed,Document Upload
2367,2024-09-10,US,Verified,Document Upload
2368,2024-02-05,CA,Failed,Utility Bill
2369,2024-08-06,UK,Verified,Bank Verification
2370,2024-06-30,UK,Verified,Bank Verification
2371,2024-09-01,CA,Verified,Bank Verification
2372,2025-05-15,UK,Verified,Document Upload
2373,2025-02-20,UK,Verified,Document Upload
2374,2024-08-10,US,Verified,Document Upload
2375,2024-11-01,UK,Verified,Bank Verification
2376,2024-07-20,US,Pending,Bank Verification
2377,2024-05-07,UK,Verified,Bank Verification
2378,2025-01-04,UK,Failed,Bank Verification
2379,2025-02-25,UK,Verified,Bank Verification
2380,2024-02-01,CA,Verified,Utility Bill
2381,2024-07-13,UK,Verified,Bank Verification
2382,2025-02-04,US,Verified,Document Upload
2383,2024-08-10,CA,Verified,Bank Verification
2384,2025-03-31,CA,Verified,Document Upload
2385,2024-04-29,US,Pending,Document Upload
2386,2024-12-26,UK,Pending,Document Upload
2387,2023-11-30,CA,Verified,Bank Verification
2388,2024-12-10,CA,Verified,Document Upload
2389,2024-02-27,US,Verified,Document Upload
2390,2024-02-03,UK,Verified,Bank Verification
2391,2025-03-29,US,Failed,Utility Bill
2392,2024-06-11,UK,Failed,Utility Bill
2393,2024-12-05,UK,Failed,Document Upload
2394,2025-04-12,US,Pending,Document Upload
2395,2024-08-27,UK,Verified,Bank Verification
2396,2024-11-08,UK,Failed,Utility Bill
2397,2024-11-11,CA,Verified,Document Upload
2398,2025-04-23,US,Pending,Document Upload
2399,2024-12-03,CA,Pending,Utility Bill
2400,2024-05-14,UK,Pending,Bank Verification
2401,2024-12-20,US,Verified,Bank Verification
2402,2024-02-19,UK,Verified,Bank Verification
2403,2024-11-19,US,Verified,Document Upload
2404,2025-04-28,UK,Verified,Bank Verification
2405,2024-03-08,UK,Verified,Document Upload
2406,2024-09-09,CA,Verified,Bank Verification
2407,2025-03-20,UK,Pending,Bank Verification
2408,2025-02-01,UK,Failed,Bank Verification
2409,2024-02-06,UK,Verified,Bank Verification
2410,2025-01-09,US,Verified,Document Upload
2411,2024-10-24,US,Verified,Bank Verification
2412,2024-04-21,CA,Verified,Document Upload
2413,2024-06-13,US,Verified,Document Upload
2414,2023-12-12,UK,Verified,Document Upload
2415,2024-03-07,UK,Verified,Document Upload
2416,2025-01-13,US,Failed,Utility Bill
2417,2024-01-29,US,Pending,Utility Bill
2418,2024-08-15,US,Verified,Document Upload
2419,2025-02-11,US,Verified,Bank Verification
2420,2024-12-26,US,Verified,Document Upload
2421,2024-11-05,CA,Verified,Document Upload
2422,2025-05-16,CA,Failed,Bank Verification
2423,2025-05-25,UK,Verified,Utility Bill
2424,2024-07-12,US,Verified,Utility Bill
2425,2024-03-08,CA,Verified,Utility Bill
2426,2025-03-24,US,Failed,Utility Bill
2427,2025-04-07,UK,Pending,Utility Bill
2428,2024-05-25,US,Pending,Document Upload
2429,2024-05-25,UK,Verified,Document Upload
2430,2024-04-21,CA,Verified,Document Upload
2431,2024-01-18,US,Verified,Document Upload
2432,2025-03-31,UK,Verified,Document Upload
2433,2024-09-08,UK,Verified,Document Upload
2434,2024-07-16,UK,Verified,Bank Verification
2435,2024-08-07,US,Failed,Utility Bill
2436,2025-02-22,UK,Failed,Bank Verification
2437,2025-01-08,US,Failed,Bank Verification
2438,2024-04-12,UK,Pending,Bank Verification
2439,2023-12-30,UK,Failed,Utility Bill
2440,2025-01-09,UK,Verified,Bank Verification
2441,2024-09-05,US,Failed,Utility Bill
2442,2024-05-23,UK,Verified,Document Upload
2443,2024-04-22,UK,Pending,Document Upload
2444,2024-06-16,CA,Verified,Bank Verification
2445,2024-02-11,CA,Verified,Document Upload
2446,2024-07-28,UK,Verified,Document Upload
2447,2025-06-18,CA,Verified,Document Upload
2448,2025-02-16,US,Verified,Utility Bill
2449,2024-02-20,UK,Verified,Document Upload
2450,2024-03-02,CA,Verified,Bank Verification
2451,2025-01-19,US,Verified,Document Upload
2452,2024-11-30,CA,Verified,Bank Verification
2453,2024-12-16,UK,Verified,Bank Verification
2454,2024-04-07,UK,Verified,Document Upload
2455,2025-05-27,CA,Verified,Bank Verification
2456,2024-09-23,CA,Verified,Document Upload
2457,2024-08-11,UK,Verified,Bank Verification
2458,2024-10-08,US,Pending,Bank Verification
2459,2024-08-02,UK,Pending,Document Upload
2460,2024-05-11,US,Verified,Document Upload
2461,2024-04-09,US,Pending,Document Upload
2462,2024-12-08,CA,Verified,Document Upload
2463,2024-05-05,US,Verified,Bank Verification
2464,2024-04-11,US,Failed,Bank Verification
2465,2024-02-16,UK,Verified,Utility Bill
2466,2024-10-10,UK,Verified,Document Upload
2467,2025-04-16,UK,Verified,Document Upload
2468,2024-04-24,UK,Verified,Utility Bill
2469,2024-07-09,US,Verified,Bank Verification
2470,2024-05-19,UK,Verified,Bank Verification
2471,2024-05-04,CA,Verified,Bank Verification
2472,2023-12-30,UK,Verified,Bank Verification
2473,2023-12-14,CA,Pending,Utility Bill
2474,2024-10-31,UK,Pending,Document Upload
2475,2025-06-05,US,Verified,Bank Verification
2476,2024-12-04,US,Verified,Document Upload
2477,2025-05-19,CA,Pending,Document Upload
2478,2023-12-01,US,Verified,Document Upload
2479,2024-04-11,US,Verified,Document Upload
2480,2024-08-30,US,Verified,Document Upload
2481,2024-05-18,UK,Verified,Bank Verification
2482,2024-10-25,UK,Failed,Utility Bill
2483,2024-02-24,US,Verified,Utility Bill
2484,2024-05-17,US,Verified,Bank Verification
2485,2024-04-17,US,Verified,Document Upload
2486,2025-01-29,US,Verified,Bank Verification
2487,2025-04-13,UK,Verified,Document Upload
2488,2023-12-23,UK,Failed,Utility Bill
2489,2024-03-30,UK,Failed,Utility Bill
2490,2024-04-17,UK,Verified,Document Upload
2491,2025-04-10,US,Verified,Document Upload
2492,2024-06-16,US,Verified,Bank Verification
2493,2024-06-26,US,Verified,Utility Bill
2494,2025-01-05,CA,Failed,Document Upload
2495,2024-06-10,UK,Verified,Bank Verification
2496,2024-03-16,UK,Verified,Document Upload
2497,2024-04-20,UK,Verified,Bank Verification
2498,2024-01-14,UK,Verified,Bank Verification
2499,2024-09-20,US,Verified,Utility Bill
2500,2024-03-26,UK,Verified,Utility Bill
2501,2024-06-15,US,Pending,Document Upload
2502,2024-01-17,US,Verified,Document Upload
2503,2023-12-28,US,Verified,Bank Verification
2504,2025-04-29,UK,Pending,Document Upload
2505,2024-01-09,CA,Verified,Bank Verification
2506,2024-04-24,UK,Failed,Utility Bill
2507,2024-11-11,UK,Verified,Bank Verification
2508,2024-02-13,UK,Pending,Bank Verification
2509,2024-01-16,US,Verified,Utility Bill
2510,2024-09-22,UK,Failed,Utility Bill
2511,2024-10-27,UK,Verified,Bank Verification
2512,2025-05-06,UK,Verified,Bank Verification
2513,2025-01-17,US,Verified,Document Upload
2514,2024-08-15,UK,Verified,Document Upload
2515,2024-02-26,UK,Verified,Bank Verification
2516,2025-02-02,UK,Verified,Bank Verification
2517,2024-04-06,US,Verified,Document Upload
2518,2025-06-02,US,Pending,Bank Verification
2519,2025-06-18,UK,Verified,Document Upload
2520,2024-01-04,UK,Failed,Utility Bill
2521,2025-06-14,US,Verified,Bank Verification
2522,2024-03-03,UK,Verified,Document Upload
2523,2024-06-19,US,Failed,Utility Bill
2524,2024-06-24,US,Verified,Document Upload
2525,2024-03-12,UK,Verified,Bank Verification
2526,2024-04-20,UK,Verified,Document Upload
2527,2024-02-22,UK,Verified,Bank Verification
2528,2024-06-03,UK,Verified,Document Upload
2529,2023-11-29,CA,Pending,Document Upload
2530,2024-09-30,US,Pending,Bank Verification
2531,2024-10-23,UK,Pending,Bank Verification
2532,2025-04-12,UK,Verified,Bank Verification
2533,2023-12-26,Unknown,Verified,Bank Verification
2534,2025-01-07,CA,Verified,Bank Verification
2535,2024-01-26,US,Failed,Document Upload
2536,2024-09-05,CA,Verified,Document Upload
2537,2025-01-28,UK,Pending,Document Upload
2538,2024-07-24,UK,Failed,Bank Verification
2539,2025-04-20,CA,Failed,Bank Verification
2540,2024-12-31,CA,Verified,Document Upload
2541,2024-07-26,US,Verified,Bank Verification
2542,2025-04-09,US,Verified,Document Upload
2543,2025-05-07,UK,Pending,Document Upload
2544,2024-12-07,UK,Verified,Utility Bill
2545,2024-04-04,UK,Verified,Utility Bill
2546,2025-03-07,US,Verified,Utility Bill
2547,2023-12-25,US,Verified,Document Upload
2548,2024-01-07,US,Failed,Bank Verification
2549,2025-04-30,CA,Pending,Document Upload
2550,2025-02-15,US,Verified,Document Upload
2551,2024-09-06,US,Verified,Document Upload
2552,2024-11-08,CA,Verified,Bank Verification
2553,2024-12-02,CA,Pending,Utility Bill
2554,2024-08-16,US,Verified,Bank Verification
2555,2024-07-02,CA,Verified,Document Upload
2556,2025-01-28,CA,Verified,Document Upload
2557,2024-09-17,CA,Verified,Document Upload
2558,2024-09-11,CA,Failed,Utility Bill
2559,2025-02-03,UK,Verified,Document Upload
2560,2024-08-09,UK,Verified,Document Upload
2561,2024-06-12,CA,Pending,Utility Bill
2562,2025-05-24,UK,Verified,Document Upload
2563,2024-03-22,UK,Verified,Utility Bill
2564,2023-12-28,UK,Verified,Document Upload
2565,2024-05-09,CA,Verified,Utility Bill
2566,2024-08-18,US,Verified,Bank Verification
2567,2024-03-18,UK,Verified,Bank Verification
2568,2025-03-29,UK,Verified,Bank Verification
2569,2024-11-09,UK,Verified,Bank Verification
2570,2023-12-09,UK,Failed,Utility Bill
2571,2024-04-07,UK,Verified,Bank Verification
2572,2025-03-17,UK,Verified,Bank Verification
2573,2025-02-01,UK,Verified,Utility Bill
2574,2024-05-02,US,Verified,Bank Verification
2575,2024-07-26,US,Verified,Document Upload
2576,2024-09-19,US,Verified,Bank Verification
2577,2025-03-29,CA,Failed,Bank Verification
2578,2025-01-25,UK,Pending,Document Upload
2579,2024-08-02,UK,Failed,Bank Verification
2580,2024-11-16,US,Pending,Document Upload
2581,2024-03-10,CA,Verified,Bank Verification
2582,2024-09-19,US,Verified,Utility Bill
2583,2024-02-08,US,Verified,Utility Bill
2584,2024-11-21,US,Pending,Utility Bill
2585,2024-02-22,CA,Verified,Document Upload
2586,2025-01-31,US,Failed,Utility Bill
2587,2024-10-17,US,Pending,Utility Bill
2588,2024-10-26,UK,Verified,Bank Verification
2589,2024-04-17,UK,Verified,Document Upload
2590,2024-10-15,US,Verified,Bank Verification
2591,2025-01-08,UK,Pending,Document Upload
2592,2024-05-24,UK,Verified,Bank Verification
2593,2025-02-06,UK,Verified,Document Upload
2594,2025-02-28,CA,Verified,Document Upload
2595,2024-05-22,UK,Verified,Bank Verification
2596,2025-05-26,UK,Verified,Utility Bill
2597,2024-11-21,US,Verified,Document Upload
2598,2024-03-02,US,Pending,Bank Verification
2599,2024-01-27,UK,Verified,Utility Bill
2600,2025-05-12,CA,Pending,Utility Bill
2601,2024-02-03,UK,Pending,Document Upload
2602,2024-06-26,UK,Verified,Document Upload
2603,2024-08-05,US,Verified,Document Upload
2604,2024-08-12,US,Verified,Utility Bill
2605,2025-05-27,UK,Verified,Document Upload
2606,2023-12-13,US,Verified,Bank Verification
2607,2024-06-30,UK,Verified,Utility Bill
2608,2025-03-04,US,Verified,Bank Verification
2609,2023-12-22,UK,Verified,Utility Bill
2610,2024-02-01,CA,Verified,Bank Verification
2611,2024-07-25,US,Verified,Document Upload
2612,2025-04-07,CA,Verified,Document Upload
2613,2025-03-08,UK,Failed,Utility Bill
2614,2025-03-15,US,Verified,Document Upload
2615,2024-01-26,UK,Verified,Document Upload
2616,2024-06-13,US,Verified,Document Upload
2617,2024-12-23,UK,Pending,Bank Verification
2618,2025-03-18,UK,Verified,Utility Bill
2619,2024-10-19,UK,Pending,Utility Bill
2620,2024-07-21,UK,Pending,Document Upload
2621,2024-09-24,UK,Verified,Document Upload
2622,2024-06-01,UK,Verified,Bank Verification
2623,2024-08-18,US,Verified,Document Upload
2624,2025-04-10,UK,Pending,Document Upload
2625,2024-03-21,CA,Verified,Bank Verification
2626,2024-03-27,UK,Verified,Bank Verification
2627,2024-05-10,UK,Pending,Document Upload
2628,2024-10-22,CA,Verified,Document Upload
2629,2025-05-28,UK,Failed,Utility Bill
2630,2023-12-17,UK,Verified,Utility Bill
2631,2023-12-06,CA,Verified,Document Upload
2632,2025-06-14,US,Verified,Bank Verification
2633,2025-02-14,CA,Verified,Bank Verification
2634,2025-05-07,UK,Verified,Utility Bill
2635,2024-07-14,CA,Pending,Document Upload
2636,2024-07-02,UK,Verified,Utility Bill
2637,2024-04-15,US,Verified,Bank Verification
2638,2025-01-25,CA,Verified,Document Upload
2639,2025-02-27,CA,Verified,Document Upload
2640,2024-11-03,UK,Verified,Document Upload
2641,2024-04-04,UK,Verified,Document Upload
2642,2024-01-19,UK,Failed,Bank Verification
2643,2024-06-01,CA,Verified,Document Upload
2644,2024-12-07,UK,Verified,Utility Bill
2645,2024-07-20,UK,Verified,Bank Verification
2646,2025-05-22,UK,Failed,Utility Bill
2647,2023-12-03,US,Verified,Document Upload
2648,2025-03-31,US,Failed,Utility Bill
2649,2024-11-11,US,Verified,Utility Bill
2650,2024-08-08,US,Verified,Bank Verification
2651,2024-09-15,UK,Verified,Document Upload
2652,2024-04-05,UK,Verified,Bank Verification
2653,2024-12-14,UK,Verified,Utility Bill
2654,2024-04-15,CA,Verified,Utility Bill
2655,2024-09-04,US,Failed,Bank Verification
2656,2024-09-25,CA,Pending,Document Upload
2657,2024-11-09,CA,Pending,Document Upload
2658,2025-02-04,US,Failed,Utility Bill
2659,2024-10-03,UK,Failed,Utility Bill
2660,2025-04-08,US,Verified,Document Upload
2661,2025-06-11,UK,Pending,Document Upload
2662,2025-02-13,US,Failed,Utility Bill
2663,2024-02-16,UK,Verified,Document Upload
2664,2025-02-26,CA,Verified,Document Upload
2665,2025-04-30,UK,Verified,Bank Verification
2666,2024-01-20,UK,Verified,Utility Bill
2667,2025-04-01,UK,Verified,Bank Verification
2668,2024-10-31,UK,Verified,Document Upload
2669,2024-02-12,US,Verified,Document Upload
2670,2025-04-15,UK,Verified,Document Upload
2671,2024-10-12,US,Verified,Utility Bill
2672,2024-06-22,UK,Verified,Document Upload
2673,2024-03-09,US,Verified,Document Upload
2674,2024-10-03,US,Verified,Document Upload
2675,2025-04-11,UK,Verified,Document Upload
2676,2025-06-04,UK,Verified,Utility Bill
2677,2024-03-04,US,Pending,Document Upload
2678,2023-12-10,UK,Pending,Bank Verification
2679,2025-02-23,CA,Verified,Utility Bill
2680,2023-12-29,UK,Verified,Document Upload
2681,2024-06-29,US,Verified,Document Upload
2682,2025-01-22,US,Verified,Document Upload
2683,2024-12-05,UK,Verified,Document Upload
2684,2024-03-03,CA,Verified,Document Upload
2685,2025-03-30,UK,Failed,Utility Bill
2686,2024-10-04,US,Failed,Utility Bill
2687,2024-10-16,CA,Pending,Bank Verification
2688,2024-06-02,CA,Verified,Utility Bill
2689,2023-12-30,UK,Verified,Document Upload
2690,2024-06-13,UK,Verified,Document Upload
2691,2024-01-27,UK,Failed,Bank Verification
2692,2024-04-29,UK,Verified,Document Upload
2693,2024-12-06,UK,Verified,Bank Verification
2694,2024-10-12,UK,Pending,Bank Verification
2695,2025-03-05,US,Verified,Utility Bill
2696,2025-03-29,UK,Failed,Utility Bill
2697,2024-11-13,US,Verified,Document Upload
2698,2024-03-19,US,Verified,Bank Verification
2699,2024-08-27,US,Verified,Bank Verification
2700,2024-10-12,US,Verified,Bank Verification
2701,2024-04-16,UK,Pending,Bank Verification
2702,2024-10-12,UK,Verified,Bank Verification
2703,2024-12-13,CA,Verified,Document Upload
2704,2024-04-14,UK,Verified,Document Upload
2705,2024-10-17,US,Verified,Document Upload
2706,2024-05-26,UK,Verified,Utility Bill
2707,2025-05-15,UK,Verified,Utility Bill
2708,2023-12-05,CA,Verified,Bank Verification
2709,2024-11-09,UK,Failed,Utility Bill
2710,2024-11-11,US,Pending,Utility Bill
2711,2024-01-25,CA,Verified,Bank Verification
2712,2024-06-24,CA,Verified,Document Upload
2713,2024-10-21,US,Pending,Document Upload
2714,2025-05-04,UK,Pending,Document Upload
2715,2024-07-07,US,Failed,Utility Bill
2716,2025-04-17,US,Verified,Document Upload
2717,2024-07-27,CA,Verified,Utility Bill
2718,2025-01-26,UK,Verified,Document Upload
2719,2024-04-23,UK,Verified,Bank Verification
2720,2025-01-12,UK,Verified,Utility Bill
2721,2023-12-11,US,Verified,Document Upload
2722,2024-10-09,US,Verified,Utility Bill
2723,2024-12-03,US,Failed,Utility Bill
2724,2025-02-10,US,Verified,Document Upload
2725,2024-09-15,US,Pending,Utility Bill
2726,2024-01-04,CA,Pending,Utility Bill
2727,2025-04-06,UK,Pending,Document Upload
2728,2024-10-20,US,Verified,Utility Bill
2729,2024-09-27,UK,Verified,Document Upload
2730,2024-11-15,UK,Failed,Utility Bill
2731,2025-05-02,UK,Verified,Utility Bill
2732,2024-01-23,US,Verified,Bank Verification
2733,2024-01-20,UK,Verified,Bank Verification
2734,2024-03-24,UK,Failed,Document Upload
2735,2024-03-23,UK,Verified,Document Upload
2736,2024-04-07,US,Verified,Bank Verification
2737,2025-05-17,US,Pending,Document Upload
2738,2024-01-16,CA,Verified,Bank Verification
2739,2024-01-29,UK,Verified,Bank Verification
2740,2024-04-27,UK,Verified,Bank Verification
2741,2024-10-04,UK,Verified,Document Upload
2742,2024-12-28,UK,Verified,Bank Verification
2743,2024-01-18,US,Verified,Bank Verification
2744,2023-12-21,UK,Verified,Document Upload
2745,2025-03-23,CA,Verified,Document Upload
2746,2025-06-05,UK,Failed,Utility Bill
2747,2025-04-16,UK,Verified,Document Upload
2748,2024-01-26,UK,Verified,Document Upload
2749,2024-08-22,CA,Verified,Document Upload
2750,2024-10-24,CA,Verified,Utility Bill
2751,2024-12-25,US,Verified,Bank Verification
2752,2024-12-10,UK,Verified,Document Upload
2753,2023-12-08,CA,Verified,Bank Verification
2754,2024-09-23,US,Verified,Utility Bill
2755,2025-04-18,US,Failed,Utility Bill
2756,2024-11-05,UK,Verified,Bank Verification
2757,2025-05-22,UK,Verified,Utility Bill
2758,2024-02-16,UK,Verified,Document Upload
2759,2024-08-15,UK,Verified,Document Upload
2760,2024-03-18,UK,Verified,Document Upload
2761,2024-04-22,UK,Verified,Document Upload
2762,2024-04-21,US,Verified,Document Upload
2763,2025-06-06,UK,Verified,Utility Bill
2764,2025-02-08,US,Verified,Utility Bill
2765,2024-01-31,CA,Verified,Utility Bill
2766,2024-10-13,US,Verified,Bank Verification
2767,2024-10-28,US,Failed,Bank Verification
2768,2025-05-09,UK,Pending,Document Upload
2769,2025-03-15,US,Verified,Bank Verification
2770,2024-04-23,UK,Verified,Document Upload
2771,2025-05-16,UK,Failed,Utility Bill
2772,2025-05-27,UK,Verified,Document Upload
2773,2024-09-20,UK,Verified,Utility Bill
2774,2024-11-07,UK,Verified,Document Upload
2775,2024-02-25,UK,Pending,Document Upload
2776,2025-03-26,CA,Failed,Utility Bill
2777,2023-12-01,UK,Verified,Utility Bill
2778,2024-02-21,CA,Verified,Bank Verification
2779,2024-11-19,US,Verified,Bank Verification
2780,2024-01-14,CA,Verified,Utility Bill
2781,2024-09-01,US,Verified,Bank Verification
2782,2025-01-06,UK,Verified,Document Upload
2783,2024-08-02,UK,Verified,Document Upload
2784,2024-02-09,UK,Verified,Bank Verification
2785,2025-02-10,US,Verified,Utility Bill
2786,2025-03-11,US,Verified,Document Upload
2787,2024-02-04,UK,Verified,Utility Bill
2788,2024-05-11,US,Verified,Bank Verification
2789,2024-11-15,UK,Verified,Document Upload
2790,2025-01-29,UK,Verified,Document Upload
2791,2025-02-22,CA,Verified,Document Upload
2792,2024-10-10,UK,Verified,Bank Verification
2793,2024-02-01,CA,Verified,Document Upload
2794,2024-07-07,UK,Verified,Bank Verification
2795,2024-08-22,CA,Failed,Bank Verification
2796,2024-12-02,UK,Verified,Document Upload
2797,2024-09-19,UK,Verified,Bank Verification
2798,2025-02-28,CA,Verified,Bank Verification
2799,2024-02-25,UK,Failed,Bank Verification
2800,2024-07-20,UK,Pending,Document Upload
2801,2024-10-21,UK,Verified,Document Upload
2802,2024-03-25,UK,Pending,Document Upload
2803,2024-07-31,CA,Pending,Bank Verification
2804,2023-12-01,UK,Verified,Utility Bill
2805,2025-05-23,UK,Verified,Bank Verification
2806,2024-12-19,UK,Verified,Document Upload
2807,2024-07-28,US,Verified,Document Upload
2808,2025-01-25,US,Verified,Document Upload
2809,2024-07-11,UK,Verified,Bank Verification
2810,2025-05-08,CA,Pending,Utility Bill
2811,2025-03-01,UK,Failed,Utility Bill
2812,2025-02-24,UK,Failed,Bank Verification
2813,2024-09-03,US,Pending,Bank Verification
2814,2025-06-06,UK,Verified,Document Upload
2815,2025-03-12,CA,Verified,Bank Verification
2816,2025-01-29,US,Verified,Bank Verification
2817,2024-02-20,UK,Verified,Utility Bill
2818,2024-05-03,Unknown,Pending,Bank Verification
2819,2024-09-21,CA,Pending,Document Upload
2820,2025-04-16,US,Failed,Utility Bill
2821,2024-01-05,UK,Verified,Document Upload
2822,2024-06-17,US,Verified,Utility Bill
2823,2024-05-08,UK,Verified,Bank Verification
2824,2025-01-03,UK,Verified,Utility Bill
2825,2025-01-07,US,Failed,Utility Bill
2826,2025-02-10,UK,Verified,Document Upload
2827,2024-05-18,UK,Verified,Utility Bill
2828,2024-09-18,UK,Verified,Bank Verification
2829,2024-01-25,US,Verified,Bank Verification
2830,2024-10-15,UK,Verified,Document Upload
2831,2023-12-16,US,Failed,Bank Verification
2832,2024-10-09,CA,Verified,Bank Verification
2833,2024-07-02,US,Verified,Document Upload
2834,2025-04-14,US,Verified,Document Upload
2835,2025-04-16,UK,Verified,Bank Verification
2836,2024-08-03,US,Verified,Document Upload
2837,2024-06-08,CA,Verified,Document Upload
2838,2024-01-23,CA,Verified,Document Upload
2839,2024-03-16,UK,Pending,Document Upload
2840,2025-06-15,UK,Verified,Document Upload
2841,2025-04-23,CA,Verified,Document Upload
2842,2025-05-05,UK,Verified,Document Upload
2843,2024-09-17,US,Verified,Document Upload
2844,2024-07-22,US,Verified,Bank Verification
2845,2025-02-20,UK,Verified,Bank Verification
2846,2024-12-21,UK,Verified,Document Upload
2847,2024-10-04,UK,Verified,Document Upload
2848,2025-01-28,US,Pending,Document Upload
2849,2025-02-12,US,Verified,Bank Verification
2850,2023-12-05,UK,Verified,Document Upload
2851,2025-02-08,UK,Verified,Document Upload
2852,2024-12-27,US,Verified,Utility Bill
2853,2025-04-19,UK,Verified,Bank Verification
2854,2024-01-13,US,Pending,Bank Verification
2855,2024-06-22,CA,Verified,Document Upload
2856,2024-07-04,UK,Verified,Document Upload
2857,2024-11-27,US,Verified,Document Upload
2858,2025-06-03,CA,Verified,Document Upload
2859,2025-05-02,UK,Verified,Document Upload
2860,2025-01-20,US,Verified,Document Upload
2861,2024-10-24,US,Verified,Utility Bill
2862,2025-05-08,UK,Verified,Document Upload
2863,2025-03-09,CA,Verified,Document Upload
2864,2024-08-18,UK,Pending,Document Upload
2865,2024-04-17,UK,Pending,Document Upload
2866,2024-01-20,UK,Verified,Bank Verification
2867,2024-07-08,US,Failed,Document Upload
2868,2025-05-22,CA,Verified,Document Upload
2869,2024-06-16,UK,Verified,Utility Bill
2870,2025-06-05,UK,Pending,Bank Verification
2871,2025-01-30,UK,Pending,Document Upload
2872,2025-06-04,UK,Pending,Document Upload
2873,2025-03-21,CA,Failed,Utility Bill
2874,2025-01-16,UK,Verified,Utility Bill
2875,2024-06-07,UK,Verified,Document Upload
2876,2025-03-18,US,Verified,Utility Bill
2877,2024-07-13,UK,Verified,Bank Verification
2878,2023-12-17,US,Verified,Utility Bill
2879,2024-12-07,UK,Verified,Bank Verification
2880,2024-04-05,CA,Verified,Document Upload
2881,2024-06-26,UK,Verified,Utility Bill
2882,2024-01-02,UK,Verified,Document Upload
2883,2024-12-19,US,Verified,Utility Bill
2884,2024-07-25,US,Verified,Document Upload
2885,2024-12-13,UK,Verified,Bank Verification
2886,2024-03-09,CA,Verified,Bank Verification
2887,2025-05-27,UK,Pending,Bank Verification
2888,2024-05-12,UK,Verified,Utility Bill
2889,2025-05-26,UK,Verified,Bank Verification
2890,2025-01-05,UK,Verified,Bank Verification
2891,2024-05-05,UK,Verified,Bank Verification
2892,2024-06-13,UK,Verified,Document Upload
2893,2024-10-31,UK,Verified,Document Upload
2894,2025-01-07,UK,Verified,Document Upload
2895,2024-09-12,UK,Verified,Document Upload
2896,2024-09-29,UK,Failed,Utility Bill
2897,2025-02-11,UK,Verified,Bank Verification
2898,2024-03-09,UK,Verified,Bank Verification
2899,2024-11-07,UK,Verified,Document Upload
2900,2025-02-15,CA,Verified,Utility Bill
2901,2025-01-30,CA,Verified,Bank Verification
2902,2025-03-13,US,Verified,Document Upload
2903,2024-02-02,CA,Verified,Document Upload
2904,2024-02-21,UK,Failed,Utility Bill
2905,2025-03-02,CA,Verified,Document Upload
2906,2024-09-29,UK,Verified,Utility Bill
2907,2024-08-01,UK,Verified,Document Upload
2908,2025-03-13,US,Verified,Utility Bill
2909,2025-06-13,US,Verified,Bank Verification
2910,2024-12-21,UK,Verified,Document Upload
2911,2024-02-04,US,Verified,Bank Verification
2912,2025-01-12,CA,Verified,Bank Verification
2913,2024-05-13,CA,Verified,Document Upload
2914,2024-01-27,UK,Verified,Document Upload
2915,2025-03-05,CA,Verified,Document Upload
2916,2024-09-24,CA,Verified,Document Upload
2917,2024-10-18,US,Pending,Utility Bill
2918,2024-01-13,US,Verified,Document Upload
2919,2024-07-23,UK,Verified,Bank Verification
2920,2024-09-25,UK,Verified,Document Upload
2921,2024-12-20,UK,Verified,Document Upload
2922,2024-01-02,CA,Verified,Utility Bill
2923,2025-04-07,UK,Verified,Document Upload
2924,2024-01-15,UK,Verified,Document Upload
2925,2024-07-04,UK,Verified,Utility Bill
2926,2024-08-01,CA,Verified,Bank Verification
2927,2024-08-26,UK,Verified,Bank Verification
2928,2024-03-29,US,Pending,Utility Bill
2929,2025-02-28,CA,Verified,Document Upload
2930,2025-01-08,UK,Verified,Utility Bill
2931,2025-02-02,UK,Verified,Document Upload
2932,2025-04-16,US,Verified,Bank Verification
2933,2025-06-06,UK,Verified,Bank Verification
2934,2024-07-11,UK,Verified,Document Upload
2935,2024-07-01,CA,Verified,Document Upload
2936,2025-05-20,UK,Verified,Document Upload
2937,2024-07-03,UK,Verified,Utility Bill
2938,2024-09-27,US,Verified,Document Upload
2939,2024-08-31,US,Verified,Bank Verification
2940,2024-07-02,CA,Verified,Bank Verification
2941,2024-08-01,UK,Pending,Utility Bill
2942,2024-04-09,US,Failed,Document Upload
2943,2023-12-21,US,Failed,Bank Verification
2944,2024-01-26,UK,Verified,Document Upload
2945,2024-12-06,UK,Verified,Document Upload
2946,2025-02-24,US,Verified,Document Upload
2947,2025-01-17,UK,Verified,Utility Bill
2948,2024-02-13,UK,Verified,Document Upload
2949,2024-11-30,UK,Verified,Document Upload
2950,2024-09-11,US,Verified,Bank Verification
2951,2025-04-23,US,Verified,Document Upload
2952,2024-07-01,CA,Verified,Bank Verification
2953,2024-10-16,UK,Verified,Utility Bill
2954,2024-09-30,UK,Verified,Bank Verification
2955,2024-05-30,US,Pending,Document Upload
2956,2024-02-23,UK,Failed,Utility Bill
2957,2024-08-13,US,Verified,Utility Bill
2958,2025-01-01,UK,Pending,Utility Bill
2959,2024-12-19,US,Verified,Document Upload
2960,2025-06-16,UK,Verified,Document Upload
2961,2023-12-31,UK,Pending,Utility Bill
2962,2024-03-05,US,Verified,Bank Verification
2963,2025-03-21,US,Verified,Document Upload
2964,2024-06-08,CA,Verified,Bank Verification
2965,2024-08-01,UK,Verified,Document Upload
2966,2024-05-08,US,Verified,Bank Verification
2967,2025-04-06,UK,Verified,Document Upload
2968,2025-04-11,CA,Failed,Utility Bill
2969,2024-05-25,CA,Pending,Bank Verification
2970,2025-02-23,CA,Verified,Bank Verification
2971,2024-08-18,UK,Verified,Document Upload
2972,2024-06-29,CA,Verified,Document Upload
2973,2023-12-25,US,Verified,Document Upload
2974,2024-04-21,US,Verified,Document Upload
2975,2024-01-19,UK,Verified,Document Upload
2976,2024-06-09,US,Verified,Document Upload
2977,2024-06-14,US,Verified,Utility Bill
2978,2024-07-16,UK,Verified,Bank Verification
2979,2024-04-01,UK,Pending,Utility Bill
2980,2024-06-12,UK,Pending,Document Upload
2981,2024-03-08,UK,Pending,Bank Verification
2982,2025-03-28,UK,Failed,Utility Bill
2983,2025-05-22,US,Verified,Document Upload
2984,2024-10-07,UK,Verified,Bank Verification
2985,2024-03-20,UK,Verified,Document Upload
2986,2024-12-15,US,Verified,Bank Verification
2987,2024-05-08,US,Verified,Document Upload
2988,2024-04-27,US,Verified,Bank Verification
2989,2024-04-03,UK,Pending,Document Upload
2990,2024-08-30,UK,Verified,Document Upload
2991,2024-01-26,UK,Verified,Document Upload
2992,2024-05-06,US,Verified,Document Upload
2993,2024-07-25,UK,Verified,Bank Verification
2994,2024-05-20,CA,Verified,Utility Bill
2995,2024-07-24,US,Verified,Bank Verification
2996,2024-01-22,US,Verified,Document Upload
2997,2024-06-21,UK,Verified,Document Upload
2998,2024-02-18,CA,Verified,Utility Bill
2999,2024-02-21,UK,Verified,Document Upload
3000,2025-05-22,US,Verified,Document Upload
3001,2025-01-03,UK,Verified,Bank Verification
3002,2024-06-05,CA,Pending,Utility Bill
3003,2024-06-06,US,Failed,Utility Bill
3004,2024-11-20,CA,Failed,Utility Bill
3005,2024-03-05,US,Verified,Document Upload
3006,2025-04-24,UK,Verified,Bank Verification
3007,2024-11-11,US,Verified,Bank Verification
3008,2024-09-21,UK,Verified,Document Upload
3009,2025-04-01,US,Verified,Document Upload
3010,2024-02-26,CA,Verified,Document Upload
3011,2025-05-25,US,Verified,Utility Bill
3012,2024-03-24,US,Verified,Document Upload
3013,2024-01-24,UK,Verified,Bank Verification
3014,2025-04-21,UK,Verified,Bank Verification
3015,2024-10-14,US,Verified,Bank Verification
3016,2025-02-25,US,Failed,Bank Verification
3017,2024-02-24,UK,Verified,Document Upload
3018,2024-05-20,UK,Verified,Document Upload
3019,2024-12-26,US,Verified,Bank Verification
3020,2023-12-17,US,Verified,Document Upload
3021,2025-02-28,CA,Verified,Bank Verification
3022,2025-05-08,US,Verified,Bank Verification
3023,2024-10-29,UK,Verified,Bank Verification
3024,2025-05-01,UK,Verified,Bank Verification
3025,2024-07-24,UK,Verified,Bank Verification
3026,2024-05-20,UK,Failed,Bank Verification
3027,2024-02-06,Unknown,Failed,Utility Bill
3028,2024-07-04,US,Failed,Utility Bill
3029,2025-05-30,US,Verified,Utility Bill
3030,2024-03-15,US,Verified,Document Upload
3031,2024-09-06,US,Verified,Utility Bill
3032,2025-02-27,US,Pending,Bank Verification
3033,2024-06-22,CA,Verified,Bank Verification
3034,2024-09-12,UK,Pending,Utility Bill
3035,2024-11-22,UK,Verified,Utility Bill
3036,2024-03-21,US,Verified,Utility Bill
3037,2024-06-26,UK,Verified,Document Upload
3038,2024-11-15,CA,Verified,Utility Bill
3039,2024-03-11,CA,Verified,Document Upload
3040,2024-11-05,UK,Verified,Bank Verification
3041,2024-01-14,CA,Verified,Utility Bill
3042,2025-06-02,US,Pending,Document Upload
3043,2024-10-15,UK,Verified,Bank Verification
3044,2024-03-23,US,Verified,Document Upload
3045,2024-08-12,UK,Verified,Document Upload
3046,2024-10-09,US,Verified,Utility Bill
3047,2024-09-06,CA,Failed,Utility Bill
3048,2024-11-17,UK,Verified,Utility Bill
3049,2024-02-17,UK,Verified,Document Upload
3050,2024-06-12,US,Verified,Document Upload
3051,2023-12-19,CA,Verified,Document Upload
3052,2024-02-20,CA,Verified,Document Upload
3053,2023-12-08,UK,Pending,Bank Verification
3054,2024-02-13,UK,Failed,Utility Bill
3055,2024-10-06,US,Failed,Utility Bill
3056,2024-12-07,US,Pending,Document Upload
3057,2025-01-22,UK,Pending,Document Upload
3058,2024-07-09,UK,Pending,Document Upload
3059,2024-11-09,US,Verified,Utility Bill
3060,2024-11-12,US,Verified,Document Upload
3061,2024-05-12,UK,Failed,Utility Bill
3062,2024-02-28,UK,Verified,Document Upload
3063,2024-03-24,CA,Verified,Document Upload
3064,2024-03-25,UK,Verified,Bank Verification
3065,2024-03-21,CA,Verified,Bank Verification
3066,2024-06-08,US,Verified,Bank Verification
3067,2025-04-19,UK,Failed,Document Upload
3068,2024-03-08,UK,Failed,Utility Bill
3069,2024-03-20,CA,Failed,Utility Bill
3070,2024-09-03,UK,Verified,Document Upload
3071,2024-12-19,UK,Verified,Bank Verification
3072,2024-07-30,UK,Verified,Document Upload
3073,2024-03-20,US,Failed,Document Upload
3074,2025-03-20,UK,Verified,Utility Bill
3075,2025-01-19,UK,Pending,Bank Verification
3076,2024-05-13,CA,Verified,Document Upload
3077,2024-06-07,US,Verified,Bank Verification
3078,2025-01-07,UK,Verified,Document Upload
3079,2024-03-26,US,Pending,Utility Bill
3080,2024-08-04,CA,Verified,Document Upload
3081,2024-12-10,UK,Verified,Bank Verification
3082,2025-06-19,UK,Verified,Document Upload
3083,2024-02-19,UK,Failed,Document Upload
3084,2024-11-06,UK,Failed,Utility Bill
3085,2024-09-07,UK,Verified,Bank Verification
3086,2024-07-04,UK,Failed,Utility Bill
3087,2024-01-22,UK,Failed,Utility Bill
3088,2024-06-26,US,Verified,Bank Verification
3089,2024-05-25,US,Verified,Bank Verification
3090,2024-08-03,CA,Verified,Bank Verification
3091,2024-07-15,US,Verified,Document Upload
3092,2025-01-28,UK,Pending,Bank Verification
3093,2024-08-15,CA,Verified,Document Upload
3094,2024-06-13,US,Verified,Bank Verification
3095,2024-12-09,US,Pending,Bank Verification
3096,2024-06-09,UK,Verified,Document Upload
3097,2024-06-02,US,Verified,Document Upload
3098,2024-07-19,UK,Verified,Document Upload
3099,2024-04-10,CA,Verified,Utility Bill
3100,2024-11-18,CA,Pending,Document Upload
3101,2024-11-17,UK,Verified,Document Upload
3102,2025-03-26,UK,Verified,Bank Verification
3103,2024-05-14,UK,Verified,Bank Verification
3104,2024-08-07,US,Pending,Document Upload
3105,2024-09-08,Unknown,Verified,Document Upload
3106,2025-05-22,US,Failed,Bank Verification
3107,2024-07-16,US,Verified,Document Upload
3108,2024-01-15,UK,Verified,Document Upload
3109,2025-05-21,UK,Pending,Utility Bill
3110,2024-12-02,UK,Verified,Bank Verification
3111,2024-10-03,UK,Verified,Document Upload
3112,2025-01-10,UK,Verified,Document Upload
3113,2025-03-25,UK,Pending,Document Upload
3114,2024-10-07,UK,Verified,Bank Verification
3115,2023-11-29,UK,Verified,Utility Bill
3116,2025-04-22,US,Verified,Utility Bill
3117,2025-03-12,CA,Verified,Document Upload
3118,2024-02-03,CA,Verified,Bank Verification
3119,2024-01-25,US,Verified,Bank Verification
3120,2023-12-10,US,Verified,Document Upload
3121,2025-04-27,US,Verified,Document Upload
3122,2024-03-08,US,Verified,Bank Verification
3123,2024-07-04,US,Verified,Utility Bill
3124,2024-07-28,UK,Verified,Document Upload
3125,2024-02-23,CA,Verified,Utility Bill
3126,2024-01-01,US,Verified,Utility Bill
3127,2024-03-07,UK,Verified,Document Upload
3128,2024-12-14,UK,Pending,Bank Verification
3129,2024-06-15,CA,Verified,Bank Verification
3130,2024-09-28,UK,Verified,Bank Verification
3131,2024-09-23,UK,Failed,Bank Verification
3132,2025-03-15,US,Verified,Utility Bill
3133,2024-10-03,CA,Pending,Utility Bill
3134,2024-10-21,UK,Verified,Document Upload
3135,2025-06-10,CA,Verified,Bank Verification
3136,2024-01-09,UK,Verified,Utility Bill
3137,2024-10-16,US,Verified,Document Upload
3138,2024-06-07,US,Verified,Bank Verification
3139,2025-04-21,UK,Verified,Utility Bill
3140,2024-08-13,US,Verified,Utility Bill
3141,2024-06-21,UK,Verified,Bank Verification
3142,2024-08-19,CA,Verified,Bank Verification
3143,2024-09-08,UK,Pending,Bank Verification
3144,2024-06-24,UK,Verified,Document Upload
3145,2024-02-29,US,Verified,Document Upload
3146,2024-07-08,UK,Verified,Bank Verification
3147,2025-06-19,CA,Verified,Utility Bill
3148,2024-10-06,UK,Verified,Utility Bill
3149,2024-10-26,US,Failed,Utility Bill
3150,2024-09-02,UK,Verified,Document Upload
3151,2024-05-14,US,Verified,Document Upload
3152,2025-04-24,UK,Verified,Document Upload
3153,2024-03-14,CA,Failed,Utility Bill
3154,2024-10-11,UK,Failed,Bank Verification
3155,2024-08-29,UK,Verified,Document Upload
3156,2024-06-01,UK,Verified,Bank Verification
3157,2024-09-09,UK,Failed,Utility Bill
3158,2025-02-13,CA,Pending,Bank Verification
3159,2024-10-22,US,Verified,Document Upload
3160,2025-01-14,US,Verified,Bank Verification
3161,2025-04-12,UK,Verified,Document Upload
3162,2024-03-19,US,Verified,Document Upload
3163,2024-08-01,UK,Verified,Bank Verification
3164,2025-04-04,CA,Pending,Bank Verification
3165,2025-01-10,CA,Verified,Document Upload
3166,2025-03-01,US,Verified,Bank Verification
3167,2024-09-08,CA,Verified,Document Upload
3168,2024-03-11,CA,Verified,Document Upload
3169,2024-06-22,UK,Verified,Utility Bill
3170,2025-04-13,US,Verified,Bank Verification
3171,2024-04-30,CA,Verified,Bank Verification
3172,2024-12-31,US,Verified,Document Upload
3173,2024-04-28,UK,Verified,Bank Verification
3174,2024-01-19,UK,Verified,Document Upload
3175,2024-09-04,CA,Verified,Document Upload
3176,2024-10-28,UK,Verified,Utility Bill
3177,2023-12-03,US,Verified,Utility Bill
3178,2024-03-12,UK,Verified,Bank Verification
3179,2024-04-18,UK,Failed,Document Upload
3180,2024-04-11,UK,Failed,Bank Verification
3181,2024-07-28,CA,Pending,Document Upload
3182,2025-06-09,UK,Verified,Document Upload
3183,2024-07-19,CA,Verified,Document Upload
3184,2025-02-15,UK,Failed,Utility Bill
3185,2024-01-03,UK,Verified,Utility Bill
3186,2024-01-18,US,Verified,Utility Bill
3187,2024-02-11,CA,Pending,Document Upload
3188,2024-12-19,CA,Verified,Bank Verification
3189,2024-02-20,UK,Verified,Bank Verification
3190,2024-11-02,US,Verified,Utility Bill
3191,2024-08-14,US,Verified,Document Upload
3192,2024-01-05,UK,Verified,Document Upload
3193,2024-08-21,US,Pending,Document Upload
3194,2025-04-19,UK,Pending,Document Upload
3195,2024-04-27,UK,Verified,Document Upload
3196,2023-12-15,UK,Verified,Document Upload
3197,2025-01-21,UK,Pending,Bank Verification
3198,2024-06-17,US,Verified,Bank Verification
3199,2024-08-18,CA,Pending,Bank Verification
3200,2024-06-27,UK,Verified,Utility Bill
3201,2024-03-22,UK,Failed,Utility Bill
3202,2025-06-20,US,Verified,Document Upload
3203,2024-01-31,UK,Failed,Utility Bill
3204,2024-06-26,UK,Verified,Document Upload
3205,2024-12-21,US,Verified,Document Upload
3206,2024-03-09,CA,Verified,Utility Bill
3207,2024-07-01,CA,Verified,Utility Bill
3208,2024-11-08,CA,Failed,Bank Verification
3209,2024-02-26,CA,Verified,Document Upload
3210,2025-05-10,UK,Verified,Document Upload
3211,2024-10-20,CA,Failed,Utility Bill
3212,2025-04-06,UK,Verified,Document Upload
3213,2024-04-06,CA,Verified,Bank Verification
3214,2025-05-07,US,Failed,Document Upload
3215,2025-03-24,UK,Verified,Bank Verification
3216,2024-10-27,CA,Verified,Utility Bill
3217,2024-01-30,UK,Verified,Bank Verification
3218,2024-03-12,CA,Verified,Document Upload
3219,2024-01-07,UK,Pending,Document Upload
3220,2025-05-18,CA,Verified,Bank Verification
3221,2024-03-09,UK,Verified,Utility Bill
3222,2024-11-01,UK,Verified,Document Upload
3223,2024-05-16,CA,Verified,Document Upload
3224,2024-11-04,UK,Verified,Utility Bill
3225,2024-02-15,US,Verified,Document Upload
3226,2024-11-06,CA,Failed,Utility Bill
3227,2025-01-04,UK,Verified,Document Upload
3228,2024-08-24,UK,Pending,Document Upload
3229,2025-06-11,CA,Verified,Utility Bill
3230,2024-08-19,US,Pending,Utility Bill
3231,2024-08-02,UK,Verified,Bank Verification
3232,2025-02-24,US,Verified,Document Upload
3233,2025-04-05,CA,Verified,Document Upload
3234,2024-03-25,UK,Pending,Utility Bill
3235,2024-02-24,UK,Verified,Bank Verification
3236,2024-08-30,UK,Failed,Utility Bill
3237,2025-04-05,UK,Verified,Utility Bill
3238,2024-12-02,UK,Verified,Bank Verification
3239,2024-01-19,CA,Verified,Document Upload
3240,2023-12-19,UK,Verified,Document Upload
3241,2025-03-14,US,Verified,Utility Bill
3242,2024-05-14,CA,Failed,Utility Bill
3243,2024-01-11,UK,Verified,Document Upload
3244,2025-03-20,US,Verified,Bank Verification
3245,2024-05-24,CA,Verified,Utility Bill
3246,2023-12-16,US,Verified,Document Upload
3247,2025-04-24,CA,Failed,Bank Verification
3248,2024-07-26,US,Verified,Bank Verification
3249,2025-01-04,US,Verified,Document Upload
3250,2024-12-09,UK,Pending,Document Upload
3251,2024-12-26,CA,Verified,Document Upload
3252,2025-02-05,UK,Verified,Bank Verification
3253,2025-03-20,US,Failed,Utility Bill
3254,2025-05-13,CA,Verified,Bank Verification
3255,2024-07-18,US,Verified,Document Upload
3256,2025-02-01,UK,Verified,Bank Verification
3257,2024-06-27,US,Verified,Document Upload
3258,2025-01-07,US,Verified,Utility Bill
3259,2024-10-07,UK,Verified,Bank Verification
3260,2024-12-06,UK,Verified,Bank Verification
3261,2025-04-05,UK,Verified,Bank Verification
3262,2023-12-05,UK,Verified,Utility Bill
3263,2024-06-24,UK,Pending,Bank Verification
3264,2024-07-18,US,Verified,Bank Verification
3265,2024-12-29,UK,Failed,Bank Verification
3266,2025-03-03,UK,Verified,Bank Verification
3267,2025-05-17,CA,Verified,Bank Verification
3268,2024-11-21,UK,Pending,Utility Bill
3269,2024-03-29,UK,Verified,Document Upload
3270,2024-10-17,UK,Verified,Bank Verification
3271,2025-05-04,US,Failed,Bank Verification
3272,2025-05-04,CA,Failed,Utility Bill
3273,2024-05-21,US,Failed,Utility Bill
3274,2024-09-27,US,Verified,Bank Verification
3275,2024-12-15,US,Verified,Bank Verification
3276,2024-09-04,UK,Verified,Document Upload
3277,2025-06-11,UK,Verified,Document Upload
3278,2024-01-19,CA,Verified,Document Upload
3279,2024-10-23,UK,Verified,Utility Bill
3280,2024-10-17,US,Pending,Document Upload
3281,2025-04-27,UK,Pending,Document Upload
3282,2024-05-24,UK,Failed,Bank Verification
3283,2024-06-19,UK,Verified,Document Upload
3284,2024-05-29,UK,Verified,Document Upload
3285,2024-12-11,UK,Failed,Utility Bill
3286,2025-03-13,UK,Failed,Utility Bill
3287,2024-04-26,CA,Verified,Document Upload
3288,2024-08-01,UK,Verified,Bank Verification
3289,2024-09-15,CA,Verified,Utility Bill
3290,2024-10-08,US,Verified,Document Upload
3291,2024-01-18,UK,Pending,Bank Verification
3292,2025-03-20,CA,Pending,Document Upload
3293,2024-06-07,CA,Verified,Utility Bill
3294,2025-06-07,UK,Verified,Document Upload
3295,2025-01-22,US,Verified,Document Upload
3296,2023-12-01,US,Pending,Bank Verification
3297,2025-03-18,UK,Verified,Bank Verification
3298,2025-04-30,UK,Verified,Document Upload
3299,2024-10-25,US,Verified,Bank Verification
3300,2024-02-01,UK,Verified,Document Upload
3301,2024-07-02,US,Verified,Bank Verification
3302,2024-11-24,US,Verified,Bank Verification
3303,2024-04-20,UK,Failed,Utility Bill
3304,2025-05-05,US,Verified,Document Upload
3305,2023-12-01,US,Verified,Bank Verification
3306,2023-12-19,UK,Verified,Document Upload
3307,2025-05-02,UK,Verified,Bank Verification
3308,2024-06-09,UK,Pending,Bank Verification
3309,2024-06-17,UK,Verified,Document Upload
3310,2024-11-02,UK,Verified,Document Upload
3311,2024-08-29,CA,Verified,Bank Verification
3312,2024-02-29,CA,Verified,Bank Verification
3313,2024-06-16,US,Pending,Utility Bill
3314,2024-05-13,CA,Verified,Bank Verification
3315,2025-04-14,UK,Pending,Utility Bill
3316,2024-10-27,CA,Verified,Bank Verification
3317,2024-04-01,UK,Verified,Bank Verification
3318,2024-05-07,UK,Verified,Document Upload
3319,2025-01-28,US,Pending,Bank Verification
3320,2024-04-26,US,Failed,Utility Bill
3321,2024-03-10,CA,Verified,Document Upload
3322,2025-03-14,US,Failed,Utility Bill
3323,2023-12-22,UK,Verified,Bank Verification
3324,2024-05-08,US,Verified,Document Upload
3325,2024-06-25,US,Verified,Document Upload
3326,2024-01-15,UK,Verified,Bank Verification
3327,2025-02-28,US,Pending,Document Upload
3328,2024-05-25,Unknown,Verified,Document Upload
3329,2024-07-13,US,Verified,Document Upload
3330,2024-03-22,UK,Failed,Utility Bill
3331,2025-01-29,UK,Verified,Document Upload
3332,2023-12-04,CA,Failed,Utility Bill
3333,2024-01-30,US,Verified,Document Upload
3334,2024-03-24,CA,Verified,Document Upload
3335,2024-10-26,UK,Verified,Utility Bill
3336,2024-09-26,CA,Verified,Document Upload
3337,2024-04-05,CA,Failed,Utility Bill
3338,2024-08-04,UK,Verified,Bank Verification
3339,2024-10-20,UK,Verified,Bank Verification
3340,2024-04-09,US,Verified,Utility Bill
3341,2024-10-02,UK,Failed,Utility Bill
3342,2024-06-25,CA,Verified,Document Upload
3343,2025-04-30,UK,Verified,Bank Verification
3344,2025-05-11,UK,Verified,Utility Bill
3345,2025-02-18,UK,Verified,Document Upload
3346,2025-05-17,UK,Verified,Document Upload
3347,2025-02-22,UK,Failed,Utility Bill
3348,2025-01-16,UK,Verified,Bank Verification
3349,2024-06-16,UK,Verified,Utility Bill
3350,2024-03-11,US,Pending,Bank Verification
3351,2025-01-05,CA,Verified,Document Upload
3352,2025-02-14,UK,Failed,Utility Bill
3353,2024-11-10,US,Verified,Document Upload
3354,2024-12-21,CA,Verified,Utility Bill
3355,2025-06-09,US,Verified,Bank Verification
3356,2024-03-08,UK,Verified,Document Upload
3357,2024-04-24,US,Verified,Document Upload
3358,2025-04-08,UK,Failed,Utility Bill
3359,2024-02-05,CA,Failed,Utility Bill
3360,2025-01-12,US,Verified,Document Upload
3361,2025-02-19,US,Verified,Utility Bill
3362,2025-01-25,CA,Verified,Document Upload
3363,2025-05-22,US,Verified,Utility Bill
3364,2025-05-25,CA,Verified,Bank Verification
3365,2024-11-21,UK,Verified,Bank Verification
3366,2024-04-23,US,Verified,Bank Verification
3367,2024-01-03,UK,Verified,Utility Bill
3368,2024-12-20,US,Verified,Document Upload
3369,2025-05-14,UK,Failed,Utility Bill
3370,2024-10-31,CA,Verified,Utility Bill
3371,2024-12-18,UK,Pending,Bank Verification
3372,2024-12-13,UK,Verified,Bank Verification
3373,2025-06-06,US,Verified,Bank Verification
3374,2025-05-14,US,Failed,Bank Verification
3375,2025-02-13,CA,Verified,Bank Verification
3376,2024-02-25,UK,Verified,Document Upload
3377,2025-05-27,UK,Verified,Utility Bill
3378,2025-04-05,US,Pending,Bank Verification
3379,2024-03-24,UK,Verified,Document Upload
3380,2025-01-09,US,Verified,Bank Verification
3381,2025-05-29,UK,Verified,Document Upload
3382,2024-05-06,CA,Pending,Bank Verification
3383,2025-03-04,US,Failed,Utility Bill
3384,2024-12-04,US,Pending,Document Upload
3385,2025-05-01,US,Verified,Bank Verification
3386,2024-09-05,US,Verified,Document Upload
3387,2024-04-11,US,Pending,Document Upload
3388,2024-12-14,UK,Verified,Document Upload
3389,2024-05-14,US,Verified,Utility Bill
3390,2024-08-05,UK,Verified,Document Upload
3391,2024-11-24,CA,Verified,Document Upload
3392,2024-12-22,CA,Pending,Utility Bill
3393,2024-07-11,UK,Failed,Document Upload
3394,2024-10-03,CA,Pending,Utility Bill
3395,2024-05-08,UK,Failed,Bank Verification
3396,2025-06-15,UK,Verified,Document Upload
3397,2024-11-12,US,Verified,Bank Verification
3398,2025-06-12,UK,Failed,Utility Bill
3399,2024-12-20,CA,Verified,Bank Verification
3400,2024-09-05,US,Verified,Document Upload
3401,2024-06-19,UK,Pending,Document Upload
3402,2024-03-12,UK,Pending,Document Upload
3403,2025-02-17,UK,Verified,Document Upload
3404,2023-11-29,UK,Verified,Bank Verification
3405,2024-10-15,US,Verified,Bank Verification
3406,2024-03-20,US,Verified,Document Upload
3407,2025-04-24,US,Verified,Document Upload
3408,2024-08-26,US,Verified,Bank Verification
3409,2023-12-08,CA,Verified,Document Upload
3410,2024-06-18,UK,Verified,Bank Verification
3411,2024-11-14,CA,Verified,Document Upload
3412,2024-06-03,US,Verified,Document Upload
3413,2024-03-01,US,Verified,Bank Verification
3414,2024-05-01,UK,Verified,Document Upload
3415,2024-09-07,UK,Verified,Bank Verification
3416,2023-12-03,UK,Verified,Bank Verification
3417,2024-01-21,UK,Failed,Utility Bill
3418,2024-12-07,UK,Verified,Document Upload
3419,2024-09-13,US,Verified,Bank Verification
3420,2024-10-09,CA,Verified,Document Upload
3421,2025-04-16,CA,Pending,Utility Bill
3422,2024-04-02,US,Verified,Bank Verification
3423,2025-03-22,US,Verified,Bank Verification
3424,2025-02-17,UK,Verified,Utility Bill
3425,2024-05-25,CA,Pending,Bank Verification
3426,2025-04-27,US,Failed,Document Upload
3427,2024-04-29,CA,Verified,Document Upload
3428,2024-01-25,UK,Verified,Utility Bill
3429,2024-06-21,UK,Verified,Document Upload
3430,2025-06-11,UK,Pending,Bank Verification
3431,2024-06-10,UK,Verified,Bank Verification
3432,2024-01-28,UK,Verified,Bank Verification
3433,2024-01-09,UK,Verified,Utility Bill
3434,2024-01-16,UK,Verified,Bank Verification
3435,2025-06-06,UK,Verified,Utility Bill
3436,2025-03-18,US,Verified,Document Upload
3437,2024-07-17,CA,Verified,Utility Bill
3438,2024-04-16,US,Verified,Document Upload
3439,2024-08-03,CA,Verified,Bank Verification
3440,2025-01-07,US,Verified,Utility Bill
3441,2025-03-02,CA,Verified,Bank Verification
3442,2025-01-17,UK,Verified,Document Upload
3443,2024-03-05,US,Verified,Utility Bill
3444,2023-12-08,UK,Verified,Document Upload
3445,2024-03-11,US,Verified,Document Upload
3446,2024-02-01,CA,Pending,Utility Bill
3447,2024-07-24,UK,Verified,Document Upload
3448,2024-04-11,CA,Verified,Document Upload
3449,2024-02-04,US,Failed,Utility Bill
3450,2024-10-15,US,Pending,Bank Verification
3451,2024-05-08,US,Verified,Document Upload
3452,2023-12-07,CA,Verified,Document Upload
3453,2025-06-14,CA,Verified,Utility Bill
3454,2024-07-30,US,Pending,Utility Bill
3455,2025-05-20,CA,Verified,Utility Bill
3456,2023-12-10,US,Verified,Utility Bill
3457,2024-10-08,CA,Verified,Document Upload
3458,2024-05-05,US,Verified,Utility Bill
3459,2024-01-11,UK,Verified,Document Upload
3460,2025-05-25,CA,Verified,Document Upload
3461,2024-07-24,UK,Verified,Document Upload
3462,2024-03-23,UK,Verified,Document Upload
3463,2024-02-08,US,Verified,Document Upload
3464,2024-02-29,US,Verified,Utility Bill
3465,2023-12-14,UK,Verified,Document Upload
3466,2024-02-04,US,Failed,Utility Bill
3467,2024-09-12,US,Verified,Document Upload
3468,2024-07-01,UK,Failed,Document Upload
3469,2025-02-12,US,Verified,Document Upload
3470,2025-05-30,US,Failed,Utility Bill
3471,2025-04-29,UK,Verified,Document Upload
3472,2024-02-12,US,Verified,Bank Verification
3473,2023-12-07,CA,Verified,Utility Bill
3474,2024-10-23,CA,Verified,Bank Verification
3475,2025-02-17,UK,Verified,Document Upload
3476,2025-02-28,US,Failed,Utility Bill
3477,2023-12-15,UK,Verified,Document Upload
3478,2025-02-22,US,Failed,Utility Bill
3479,2024-12-05,UK,Verified,Document Upload
3480,2025-02-26,US,Verified,Document Upload
3481,2024-05-07,CA,Verified,Document Upload
3482,2024-03-13,UK,Verified,Document Upload
3483,2024-03-13,UK,Verified,Utility Bill
3484,2025-05-10,UK,Verified,Document Upload
3485,2023-11-29,Unknown,Verified,Document Upload
3486,2024-01-14,US,Verified,Bank Verification
3487,2024-07-19,UK,Verified,Bank Verification
3488,2025-06-11,US,Verified,Document Upload
3489,2024-05-16,US,Verified,Bank Verification
3490,2024-05-04,UK,Failed,Document Upload
3491,2025-05-18,UK,Verified,Document Upload
3492,2025-02-09,CA,Verified,Document Upload
3493,2025-03-09,UK,Verified,Document Upload
3494,2024-08-31,UK,Verified,Document Upload
3495,2025-01-04,US,Verified,Document Upload
3496,2025-03-11,US,Verified,Bank Verification
3497,2025-02-16,UK,Verified,Utility Bill
3498,2024-01-25,UK,Pending,Document Upload
3499,2024-01-09,CA,Verified,Utility Bill
3500,2025-03-24,UK,Pending,Document Upload
3501,2023-12-14,US,Verified,Bank Verification
3502,2024-09-27,UK,Pending,Document Upload
3503,2025-03-12,UK,Verified,Bank Verification
3504,2024-07-09,UK,Verified,Document Upload
3505,2025-03-13,CA,Verified,Bank Verification
3506,2024-10-05,UK,Verified,Utility Bill
3507,2024-12-10,CA,Verified,Document Upload
3508,2025-02-17,UK,Failed,Utility Bill
3509,2025-01-12,UK,Verified,Document Upload
3510,2025-01-06,UK,Verified,Bank Verification
3511,2025-03-05,CA,Verified,Document Upload
3512,2024-01-05,UK,Verified,Bank Verification
3513,2024-03-19,US,Verified,Utility Bill
3514,2025-04-10,CA,Verified,Document Upload
3515,2025-03-16,CA,Failed,Bank Verification
3516,2025-06-10,US,Verified,Document Upload
3517,2024-06-13,US,Verified,Bank Verification
3518,2024-01-20,UK,Pending,Document Upload
3519,2024-02-22,UK,Verified,Utility Bill
3520,2024-02-01,US,Verified,Bank Verification
3521,2024-07-29,UK,Verified,Utility Bill
3522,2024-05-26,CA,Verified,Document Upload
3523,2024-11-03,US,Verified,Bank Verification
3524,2024-09-24,UK,Verified,Bank Verification
3525,2025-05-04,US,Verified,Document Upload
3526,2023-12-26,UK,Verified,Bank Verification
3527,2024-03-04,US,Failed,Utility Bill
3528,2024-10-28,Unknown,Verified,Utility Bill
3529,2025-02-13,UK,Verified,Document Upload
3530,2025-06-13,US,Verified,Bank Verification
3531,2025-03-04,US,Verified,Document Upload
3532,2024-10-15,CA,Failed,Utility Bill
3533,2024-03-06,UK,Verified,Bank Verification
3534,2024-08-23,US,Verified,Document Upload
3535,2024-03-12,US,Verified,Utility Bill
3536,2024-08-12,UK,Verified,Utility Bill
3537,2025-01-29,US,Verified,Bank Verification
3538,2024-01-31,US,Verified,Utility Bill
3539,2024-11-19,Unknown,Verified,Document Upload
3540,2025-05-13,CA,Verified,Document Upload
3541,2024-06-05,US,Verified,Bank Verification
3542,2024-02-20,US,Verified,Bank Verification
3543,2024-06-25,UK,Failed,Bank Verification
3544,2024-08-27,CA,Pending,Utility Bill
3545,2024-11-17,UK,Verified,Document Upload
3546,2024-04-29,UK,Verified,Bank Verification
3547,2025-04-07,CA,Verified,Document Upload
3548,2024-10-28,UK,Verified,Utility Bill
3549,2024-08-17,UK,Verified,Document Upload
3550,2025-01-03,CA,Pending,Document Upload
3551,2024-04-28,UK,Verified,Utility Bill
3552,2024-12-11,CA,Verified,Bank Verification
3553,2025-01-28,UK,Verified,Bank Verification
3554,2025-01-15,UK,Failed,Utility Bill
3555,2024-05-21,UK,Pending,Utility Bill
3556,2024-10-05,CA,Verified,Utility Bill
3557,2024-04-14,US,Verified,Utility Bill
3558,2024-07-15,UK,Failed,Utility Bill
3559,2025-04-01,UK,Failed,Document Upload
3560,2024-03-04,CA,Verified,Document Upload
3561,2024-01-21,UK,Verified,Utility Bill
3562,2025-03-13,UK,Verified,Bank Verification
3563,2024-11-11,CA,Failed,Utility Bill
3564,2024-10-07,CA,Verified,Utility Bill
3565,2025-04-12,US,Verified,Bank Verification
3566,2024-08-21,US,Verified,Bank Verification
3567,2024-04-10,UK,Verified,Bank Verification
3568,2024-03-11,US,Verified,Bank Verification
3569,2025-01-14,UK,Verified,Bank Verification
3570,2024-05-12,US,Verified,Document Upload
3571,2024-03-10,UK,Verified,Document Upload
3572,2024-06-30,UK,Verified,Bank Verification
3573,2024-09-13,UK,Verified,Bank Verification
3574,2024-06-01,CA,Verified,Document Upload
3575,2024-04-23,UK,Verified,Document Upload
3576,2024-10-08,UK,Verified,Document Upload
3577,2025-03-27,CA,Verified,Utility Bill
3578,2024-03-18,US,Verified,Utility Bill
3579,2024-06-05,US,Pending,Document Upload
3580,2024-02-29,UK,Verified,Document Upload
3581,2024-05-03,UK,Failed,Document Upload
3582,2024-08-02,UK,Verified,Bank Verification
3583,2024-03-26,UK,Verified,Bank Verification
3584,2025-04-15,CA,Verified,Document Upload
3585,2024-01-10,CA,Failed,Utility Bill
3586,2024-10-21,US,Pending,Utility Bill
3587,2025-04-01,US,Verified,Document Upload
3588,2025-01-21,UK,Verified,Document Upload
3589,2024-04-15,UK,Verified,Bank Verification
3590,2025-03-03,US,Verified,Document Upload
3591,2024-09-04,US,Pending,Utility Bill
3592,2025-01-02,US,Verified,Document Upload
3593,2024-10-30,US,Verified,Document Upload
3594,2024-03-10,US,Verified,Document Upload
3595,2024-02-10,UK,Verified,Utility Bill
3596,2024-12-04,UK,Failed,Utility Bill
3597,2024-04-27,US,Failed,Bank Verification
3598,2024-10-19,CA,Pending,Utility Bill
3599,2024-03-06,CA,Failed,Bank Verification
3600,2024-11-14,UK,Pending,Document Upload
3601,2025-04-02,US,Verified,Document Upload
3602,2025-03-07,CA,Verified,Utility Bill
3603,2024-08-18,UK,Verified,Document Upload
3604,2024-07-30,US,Pending,Document Upload
3605,2025-06-11,UK,Verified,Bank Verification
3606,2024-10-26,UK,Verified,Utility Bill
3607,2023-12-04,UK,Pending,Utility Bill
3608,2024-01-04,UK,Failed,Bank Verification
3609,2024-02-23,US,Verified,Document Upload
3610,2024-07-03,UK,Pending,Document Upload
3611,2025-02-11,UK,Verified,Utility Bill
3612,2023-12-11,UK,Verified,Document Upload
3613,2025-04-27,UK,Verified,Bank Verification
3614,2024-02-17,UK,Verified,Document Upload
3615,2024-07-23,UK,Verified,Document Upload
3616,2024-09-14,US,Verified,Bank Verification
3617,2023-12-23,CA,Verified,Bank Verification
3618,2025-06-11,UK,Verified,Utility Bill
3619,2024-05-06,UK,Verified,Bank Verification
3620,2025-02-19,US,Verified,Bank Verification
3621,2024-01-08,CA,Failed,Utility Bill
3622,2025-04-13,UK,Verified,Bank Verification
3623,2024-11-12,US,Verified,Document Upload
3624,2024-04-26,US,Verified,Bank Verification
3625,2024-10-13,CA,Verified,Document Upload
3626,2025-04-03,UK,Verified,Document Upload
3627,2024-12-31,CA,Failed,Bank Verification
3628,2024-06-18,UK,Verified,Bank Verification
3629,2024-09-05,US,Verified,Document Upload
3630,2024-12-19,UK,Verified,Utility Bill
3631,2024-09-03,UK,Verified,Document Upload
3632,2024-09-20,UK,Verified,Bank Verification
3633,2024-08-23,UK,Verified,Document Upload
3634,2024-04-15,UK,Verified,Bank Verification
3635,2025-05-29,CA,Pending,Bank Verification
3636,2025-01-01,US,Verified,Document Upload
3637,2025-05-06,UK,Verified,Bank Verification
3638,2025-03-15,UK,Verified,Utility Bill
3639,2024-04-28,CA,Verified,Bank Verification
3640,2025-01-07,US,Pending,Document Upload
3641,2025-04-27,CA,Verified,Bank Verification
3642,2023-12-31,CA,Failed,Utility Bill
3643,2024-07-30,UK,Verified,Document Upload
3644,2024-08-09,US,Verified,Document Upload
3645,2024-10-30,UK,Verified,Bank Verification
3646,2025-01-08,UK,Verified,Document Upload
3647,2025-05-10,CA,Verified,Bank Verification
3648,2025-03-29,UK,Verified,Document Upload
3649,2024-07-07,UK,Failed,Utility Bill
3650,2025-05-13,UK,Verified,Utility Bill
3651,2025-01-06,UK,Pending,Document Upload
3652,2024-12-12,US,Verified,Utility Bill
3653,2024-04-02,UK,Verified,Document Upload
3654,2024-07-06,US,Verified,Document Upload
3655,2025-01-21,CA,Verified,Utility Bill
3656,2024-10-03,CA,Verified,Document Upload
3657,2024-12-22,UK,Verified,Bank Verification
3658,2024-03-15,US,Verified,Bank Verification
3659,2023-12-14,UK,Verified,Document Upload
3660,2023-12-02,UK,Verified,Document Upload
3661,2025-03-12,CA,Verified,Document Upload
3662,2024-07-30,CA,Verified,Document Upload
3663,2024-09-13,US,Verified,Document Upload
3664,2024-12-06,US,Verified,Bank Verification
3665,2025-04-30,US,Verified,Document Upload
3666,2024-03-25,UK,Verified,Document Upload
3667,2024-03-24,UK,Verified,Document Upload
3668,2025-05-01,US,Verified,Bank Verification
3669,2024-06-22,CA,Failed,Utility Bill
3670,2024-04-14,US,Failed,Utility Bill
3671,2024-04-12,UK,Pending,Document Upload
3672,2024-02-04,UK,Verified,Bank Verification
3673,2024-09-12,UK,Verified,Utility Bill
3674,2024-04-04,US,Verified,Document Upload
3675,2024-10-16,CA,Failed,Utility Bill
3676,2025-04-25,UK,Verified,Document Upload
3677,2024-02-05,CA,Verified,Bank Verification
3678,2024-07-24,UK,Pending,Document Upload
3679,2024-12-14,UK,Verified,Bank Verification
3680,2024-03-20,UK,Failed,Utility Bill
3681,2023-12-11,UK,Pending,Bank Verification
3682,2024-10-29,US,Failed,Utility Bill
3683,2025-02-03,UK,Verified,Utility Bill
3684,2024-02-25,UK,Failed,Utility Bill
3685,2024-02-06,UK,Verified,Document Upload
3686,2025-03-18,UK,Verified,Document Upload
3687,2024-11-29,UK,Verified,Utility Bill
3688,2024-08-23,UK,Pending,Document Upload
3689,2024-05-14,UK,Verified,Bank Verification
3690,2024-08-06,UK,Verified,Bank Verification
3691,2025-06-20,UK,Verified,Document Upload
3692,2024-03-28,US,Pending,Bank Verification
3693,2025-04-14,US,Verified,Utility Bill
3694,2024-10-29,CA,Verified,Bank Verification
3695,2024-10-14,UK,Verified,Utility Bill
3696,2025-01-24,US,Failed,Utility Bill
3697,2024-03-27,UK,Verified,Document Upload
3698,2024-05-11,US,Failed,Bank Verification
3699,2025-03-29,US,Verified,Bank Verification
3700,2025-04-16,UK,Verified,Bank Verification
3701,2024-05-26,CA,Verified,Utility Bill
3702,2024-11-23,US,Verified,Utility Bill
3703,2025-06-13,CA,Verified,Document Upload
3704,2024-09-27,UK,Verified,Document Upload
3705,2024-12-14,CA,Verified,Bank Verification
3706,2024-03-28,UK,Verified,Bank Verification
3707,2024-09-19,UK,Pending,Utility Bill
3708,2024-10-21,US,Verified,Document Upload
3709,2024-05-19,UK,Pending,Utility Bill
3710,2024-08-04,CA,Verified,Document Upload
3711,2024-06-02,CA,Failed,Utility Bill
3712,2024-05-30,CA,Verified,Bank Verification
3713,2024-04-14,CA,Verified,Utility Bill
3714,2024-05-31,UK,Verified,Bank Verification
3715,2024-04-02,UK,Verified,Bank Verification
3716,2023-12-19,CA,Verified,Utility Bill
3717,2024-02-20,UK,Verified,Bank Verification
3718,2024-09-29,UK,Verified,Document Upload
3719,2025-01-24,US,Verified,Document Upload
3720,2024-07-30,UK,Verified,Document Upload
3721,2024-04-30,UK,Failed,Utility Bill
3722,2025-06-09,CA,Pending,Bank Verification
3723,2024-06-13,UK,Verified,Document Upload
3724,2025-03-03,US,Verified,Document Upload
3725,2024-08-13,UK,Verified,Bank Verification
3726,2025-01-30,US,Verified,Document Upload
3727,2024-05-24,UK,Verified,Bank Verification
3728,2025-02-20,UK,Verified,Bank Verification
3729,2024-10-05,UK,Verified,Bank Verification
3730,2024-08-29,CA,Verified,Document Upload
3731,2023-12-12,UK,Verified,Document Upload
3732,2025-02-27,UK,Pending,Utility Bill
3733,2024-03-19,CA,Verified,Utility Bill
3734,2024-07-31,UK,Failed,Utility Bill
3735,2024-04-27,UK,Verified,Bank Verification
3736,2024-03-07,UK,Pending,Utility Bill
3737,2024-07-27,US,Verified,Utility Bill
3738,2025-05-10,US,Verified,Utility Bill
3739,2024-01-07,US,Verified,Bank Verification
3740,2025-02-02,US,Failed,Utility Bill
3741,2024-07-21,UK,Pending,Bank Verification
3742,2024-09-10,UK,Verified,Document Upload
3743,2024-12-13,UK,Verified,Document Upload
3744,2025-05-25,UK,Pending,Bank Verification
3745,2024-10-25,CA,Verified,Bank Verification
3746,2025-03-31,US,Verified,Utility Bill
3747,2025-01-04,CA,Verified,Document Upload
3748,2024-07-28,UK,Verified,Document Upload
3749,2024-03-12,UK,Verified,Document Upload
3750,2024-11-05,UK,Verified,Document Upload
3751,2024-10-16,UK,Verified,Document Upload
3752,2024-01-22,CA,Failed,Utility Bill
3753,2023-12-22,UK,Verified,Utility Bill
3754,2024-07-30,US,Verified,Document Upload
3755,2024-09-21,US,Verified,Document Upload
3756,2024-04-15,UK,Verified,Document Upload
3757,2024-07-11,CA,Verified,Utility Bill
3758,2024-12-05,UK,Verified,Utility Bill
3759,2025-06-20,US,Verified,Bank Verification
3760,2024-11-18,US,Verified,Document Upload
3761,2023-12-16,US,Verified,Document Upload
3762,2024-02-20,UK,Verified,Bank Verification
3763,2024-05-19,UK,Verified,Bank Verification
3764,2024-07-05,UK,Pending,Document Upload
3765,2024-12-06,US,Verified,Bank Verification
3766,2024-01-16,UK,Verified,Document Upload
3767,2024-01-04,UK,Verified,Utility Bill
3768,2025-01-28,UK,Verified,Document Upload
3769,2024-01-31,UK,Verified,Bank Verification
3770,2025-04-16,US,Pending,Utility Bill
3771,2024-06-24,US,Verified,Document Upload
3772,2024-05-30,US,Verified,Document Upload
3773,2024-02-11,CA,Failed,Bank Verification
3774,2025-04-10,UK,Pending,Document Upload
3775,2025-01-10,UK,Failed,Bank Verification
3776,2025-05-08,UK,Verified,Bank Verification
3777,2025-06-06,US,Verified,Utility Bill
3778,2024-11-10,UK,Verified,Document Upload
3779,2024-01-15,UK,Pending,Document Upload
3780,2024-05-25,UK,Pending,Document Upload
3781,2024-06-11,UK,Pending,Document Upload
3782,2024-11-27,US,Verified,Document Upload
3783,2024-07-14,UK,Verified,Utility Bill
3784,2024-04-17,UK,Verified,Utility Bill
3785,2024-02-19,CA,Failed,Bank Verification
3786,2024-10-04,UK,Verified,Utility Bill
3787,2025-01-15,CA,Verified,Utility Bill
3788,2025-01-09,US,Verified,Document Upload
3789,2024-08-11,US,Pending,Document Upload
3790,2024-08-20,CA,Failed,Utility Bill
3791,2023-12-26,US,Pending,Document Upload
3792,2024-07-11,UK,Verified,Document Upload
3793,2024-08-24,CA,Verified,Bank Verification
3794,2025-03-27,CA,Pending,Document Upload
3795,2025-05-08,UK,Verified,Document Upload
3796,2024-07-18,UK,Verified,Document Upload
3797,2024-01-27,UK,Verified,Bank Verification
3798,2025-03-16,CA,Verified,Bank Verification
3799,2024-06-22,US,Verified,Bank Verification
3800,2023-12-17,US,Verified,Bank Verification
3801,2024-02-23,UK,Verified,Document Upload
3802,2024-08-22,US,Verified,Utility Bill
3803,2023-12-07,UK,Verified,Document Upload
3804,2025-02-23,US,Verified,Document Upload
3805,2024-11-09,US,Verified,Utility Bill
3806,2025-05-27,UK,Verified,Document Upload
3807,2024-08-10,UK,Verified,Document Upload
3808,2025-02-18,UK,Verified,Document Upload
3809,2024-12-14,US,Failed,Bank Verification
3810,2024-12-21,CA,Verified,Bank Verification
3811,2024-03-18,US,Verified,Utility Bill
3812,2024-07-29,UK,Pending,Document Upload
3813,2025-05-12,US,Verified,Utility Bill
3814,2024-06-07,UK,Verified,Document Upload
3815,2024-01-09,CA,Failed,Utility Bill
3816,2024-05-11,UK,Pending,Utility Bill
3817,2024-02-23,US,Failed,Utility Bill
3818,2024-10-12,US,Pending,Document Upload
3819,2024-11-27,UK,Verified,Document Upload
3820,2024-06-26,UK,Verified,Document Upload
3821,2023-11-29,CA,Pending,Document Upload
3822,2024-08-09,US,Verified,Bank Verification
3823,2024-09-17,UK,Pending,Bank Verification
3824,2025-01-03,US,Pending,Utility Bill
3825,2025-01-20,UK,Verified,Document Upload
3826,2025-02-16,US,Verified,Document Upload
3827,2023-12-26,UK,Verified,Document Upload
3828,2024-11-05,CA,Verified,Utility Bill
3829,2024-02-16,UK,Verified,Bank Verification
3830,2024-05-23,US,Verified,Utility Bill
3831,2023-12-04,UK,Verified,Document Upload
3832,2025-04-05,UK,Verified,Document Upload
3833,2024-09-25,US,Verified,Bank Verification
3834,2024-06-23,UK,Verified,Bank Verification
3835,2024-01-21,US,Pending,Bank Verification
3836,2025-06-09,UK,Failed,Utility Bill
3837,2024-10-16,CA,Verified,Document Upload
3838,2025-03-08,UK,Verified,Document Upload
3839,2024-03-31,US,Verified,Utility Bill
3840,2024-06-04,CA,Verified,Bank Verification
3841,2024-11-09,UK,Failed,Utility Bill
3842,2024-03-17,UK,Failed,Utility Bill
3843,2024-06-07,CA,Verified,Document Upload
3844,2024-04-09,UK,Verified,Document Upload
3845,2024-07-20,UK,Verified,Utility Bill
3846,2024-05-27,US,Verified,Document Upload
3847,2024-04-05,UK,Verified,Utility Bill
3848,2025-01-27,UK,Verified,Bank Verification
3849,2024-12-15,CA,Verified,Bank Verification
3850,2023-12-05,UK,Verified,Document Upload
3851,2024-11-16,CA,Verified,Document Upload
3852,2024-07-13,UK,Pending,Bank Verification
3853,2025-05-19,UK,Verified,Bank Verification
3854,2024-01-19,UK,Pending,Document Upload
3855,2025-03-04,CA,Verified,Bank Verification
3856,2024-01-04,US,Verified,Utility Bill
3857,2024-03-18,CA,Failed,Document Upload
3858,2025-02-04,CA,Verified,Bank Verification
3859,2024-10-06,UK,Failed,Utility Bill
3860,2023-12-16,CA,Verified,Document Upload
3861,2025-02-23,US,Verified,Document Upload
3862,2025-05-05,UK,Verified,Bank Verification
3863,2024-08-05,UK,Failed,Utility Bill
3864,2024-06-22,US,Pending,Utility Bill
3865,2024-12-04,UK,Pending,Document Upload
3866,2025-01-25,UK,Verified,Document Upload
3867,2024-10-24,CA,Verified,Document Upload
3868,2025-04-28,US,Verified,Document Upload
3869,2025-03-27,UK,Verified,Document Upload
3870,2024-07-31,CA,Verified,Document Upload
3871,2023-12-24,US,Verified,Bank Verification
3872,2025-02-19,US,Verified,Bank Verification
3873,2025-06-11,UK,Verified,Document Upload
3874,2024-03-29,UK,Verified,Bank Verification
3875,2025-06-04,CA,Verified,Document Upload
3876,2024-09-30,UK,Verified,Document Upload
3877,2024-10-30,US,Verified,Bank Verification
3878,2025-01-18,US,Verified,Document Upload
3879,2024-12-25,UK,Verified,Document Upload
3880,2025-06-14,CA,Verified,Document Upload
3881,2024-11-30,US,Pending,Document Upload
3882,2024-05-22,CA,Pending,Bank Verification
3883,2023-12-06,UK,Failed,Utility Bill
3884,2024-06-23,UK,Pending,Utility Bill
3885,2024-08-05,CA,Verified,Document Upload
3886,2024-03-19,UK,Failed,Bank Verification
3887,2024-08-10,UK,Pending,Document Upload
3888,2024-11-14,CA,Verified,Bank Verification
3889,2024-08-24,US,Verified,Utility Bill
3890,2024-01-16,US,Pending,Bank Verification
3891,2024-07-10,US,Verified,Bank Verification
3892,2025-06-07,UK,Verified,Bank Verification
3893,2024-07-05,US,Verified,Document Upload
3894,2024-01-14,UK,Verified,Document Upload
3895,2024-10-03,UK,Failed,Bank Verification
3896,2024-04-11,US,Verified,Bank Verification
3897,2024-04-30,UK,Verified,Bank Verification
3898,2025-04-23,US,Verified,Bank Verification
3899,2025-06-09,UK,Pending,Bank Verification
3900,2023-12-06,CA,Verified,Document Upload
3901,2024-03-24,US,Verified,Bank Verification
3902,2025-04-30,UK,Verified,Document Upload
3903,2025-04-14,UK,Verified,Document Upload
3904,2024-04-18,UK,Verified,Bank Verification
3905,2024-06-03,UK,Verified,Document Upload
3906,2025-02-01,UK,Pending,Document Upload
3907,2024-02-26,CA,Verified,Document Upload
3908,2024-05-23,UK,Pending,Utility Bill
3909,2024-02-06,US,Verified,Bank Verification
3910,2024-02-29,US,Verified,Document Upload
3911,2025-02-10,UK,Pending,Document Upload
3912,2025-04-14,UK,Verified,Bank Verification
3913,2024-05-02,UK,Verified,Document Upload
3914,2024-12-18,US,Verified,Document Upload
3915,2024-03-14,UK,Verified,Bank Verification
3916,2024-01-27,UK,Pending,Document Upload
3917,2024-11-24,UK,Verified,Document Upload
3918,2024-09-21,UK,Failed,Bank Verification
3919,2024-11-28,UK,Failed,Bank Verification
3920,2025-03-25,UK,Pending,Bank Verification
3921,2024-06-24,UK,Pending,Document Upload
3922,2025-05-02,UK,Verified,Document Upload
3923,2025-05-15,US,Verified,Bank Verification
3924,2025-04-11,UK,Failed,Utility Bill
3925,2024-02-12,UK,Verified,Utility Bill
3926,2025-04-21,US,Verified,Bank Verification
3927,2025-03-14,UK,Pending,Bank Verification
3928,2024-11-29,CA,Pending,Bank Verification
3929,2025-04-23,CA,Verified,Bank Verification
3930,2024-04-04,UK,Verified,Bank Verification
3931,2024-04-15,UK,Verified,Bank Verification
3932,2024-10-05,CA,Verified,Bank Verification
3933,2025-06-03,CA,Failed,Utility Bill
3934,2025-04-25,UK,Pending,Document Upload
3935,2024-11-11,UK,Verified,Utility Bill
3936,2024-12-02,UK,Verified,Bank Verification
3937,2024-05-03,US,Verified,Document Upload
3938,2024-09-18,UK,Failed,Bank Verification
3939,2025-05-19,UK,Failed,Utility Bill
3940,2024-10-08,UK,Verified,Document Upload
3941,2024-07-31,UK,Verified,Bank Verification
3942,2024-06-20,UK,Verified,Utility Bill
3943,2025-05-30,US,Verified,Bank Verification
3944,2024-05-29,UK,Verified,Bank Verification
3945,2025-04-05,US,Failed,Utility Bill
3946,2024-04-20,US,Verified,Document Upload
3947,2024-04-18,UK,Verified,Document Upload
3948,2024-08-19,UK,Failed,Utility Bill
3949,2024-04-06,US,Verified,Utility Bill
3950,2025-06-03,UK,Failed,Document Upload
3951,2024-11-24,US,Verified,Bank Verification
3952,2024-04-08,UK,Verified,Bank Verification
3953,2024-01-25,UK,Verified,Document Upload
3954,2024-03-31,UK,Failed,Document Upload
3955,2023-12-27,UK,Verified,Document Upload
3956,2024-05-01,CA,Verified,Document Upload
3957,2024-08-19,US,Verified,Document Upload
3958,2024-10-14,CA,Verified,Document Upload
3959,2024-11-29,UK,Verified,Utility Bill
3960,2024-02-01,CA,Pending,Document Upload
3961,2024-06-28,UK,Failed,Bank Verification
3962,2025-04-27,UK,Verified,Utility Bill
3963,2023-12-09,CA,Failed,Utility Bill
3964,2024-04-25,UK,Verified,Document Upload
3965,2023-12-29,CA,Verified,Bank Verification
3966,2024-07-16,UK,Pending,Document Upload
3967,2024-05-06,UK,Verified,Document Upload
3968,2024-05-17,UK,Pending,Utility Bill
3969,2024-05-27,US,Verified,Utility Bill
3970,2025-05-13,CA,Verified,Utility Bill
3971,2023-12-15,CA,Failed,Utility Bill
3972,2023-12-17,UK,Verified,Document Upload
3973,2024-09-27,US,Verified,Bank Verification
3974,2025-06-03,US,Verified,Utility Bill
3975,2024-02-22,UK,Pending,Bank Verification
3976,2025-03-12,UK,Verified,Document Upload
3977,2025-04-28,CA,Verified,Document Upload
3978,2024-08-30,US,Verified,Bank Verification
3979,2024-06-21,UK,Verified,Document Upload
3980,2024-07-29,US,Verified,Utility Bill
3981,2024-11-24,UK,Verified,Bank Verification
3982,2025-03-11,UK,Verified,Bank Verification
3983,2024-07-30,US,Verified,Document Upload
3984,2025-01-08,UK,Verified,Bank Verification
3985,2024-11-17,UK,Verified,Bank Verification
3986,2024-01-16,UK,Verified,Bank Verification
3987,2024-08-11,US,Verified,Document Upload
3988,2024-12-19,UK,Failed,Bank Verification
3989,2025-06-11,CA,Pending,Bank Verification
3990,2024-10-10,US,Verified,Document Upload
3991,2024-05-21,CA,Verified,Document Upload
3992,2025-04-18,UK,Verified,Document Upload
3993,2025-02-21,CA,Verified,Bank Verification
3994,2024-07-31,UK,Failed,Utility Bill
3995,2025-02-11,CA,Pending,Utility Bill
3996,2024-05-17,US,Verified,Document Upload
3997,2024-04-03,CA,Failed,Utility Bill
3998,2024-04-24,UK,Verified,Document Upload
3999,2024-01-17,CA,Verified,Document Upload
4000,2025-02-08,UK,Verified,Utility Bill
4001,2024-11-08,UK,Verified,Bank Verification
4002,2024-11-22,UK,Verified,Document Upload
4003,2024-07-04,US,Pending,Bank Verification
4004,2024-06-12,UK,Failed,Document Upload
4005,2025-03-24,US,Failed,Bank Verification
4006,2023-12-14,UK,Pending,Document Upload
4007,2024-11-29,UK,Pending,Document Upload
4008,2024-04-08,UK,Verified,Document Upload
4009,2025-03-26,UK,Verified,Bank Verification
4010,2025-02-16,US,Verified,Bank Verification
4011,2024-01-30,CA,Pending,Bank Verification
4012,2025-05-14,UK,Failed,Document Upload
4013,2024-11-13,US,Failed,Document Upload
4014,2024-12-15,UK,Verified,Document Upload
4015,2024-06-03,US,Verified,Bank Verification
4016,2024-08-23,US,Verified,Utility Bill
4017,2024-12-01,US,Verified,Bank Verification
4018,2025-01-16,UK,Verified,Bank Verification
4019,2024-08-01,UK,Verified,Document Upload
4020,2024-03-27,UK,Verified,Bank Verification
4021,2024-11-24,UK,Verified,Document Upload
4022,2025-01-25,CA,Failed,Bank Verification
4023,2024-01-23,UK,Verified,Document Upload
4024,2025-04-11,UK,Verified,Bank Verification
4025,2023-12-11,UK,Verified,Bank Verification
4026,2024-07-12,UK,Pending,Bank Verification
4027,2024-09-03,UK,Verified,Bank Verification
4028,2024-04-13,US,Verified,Document Upload
4029,2024-09-01,US,Failed,Bank Verification
4030,2025-02-24,UK,Failed,Utility Bill
4031,2025-04-25,UK,Verified,Document Upload
4032,2024-12-12,US,Verified,Document Upload
4033,2024-11-03,UK,Failed,Utility Bill
4034,2025-01-23,UK,Verified,Document Upload
4035,2024-05-14,CA,Verified,Bank Verification
4036,2025-06-04,UK,Verified,Document Upload
4037,2024-03-24,UK,Verified,Utility Bill
4038,2024-05-27,UK,Failed,Document Upload
4039,2024-05-25,UK,Verified,Document Upload
4040,2025-05-23,UK,Verified,Bank Verification
4041,2024-12-03,US,Failed,Document Upload
4042,2024-07-07,UK,Verified,Bank Verification
4043,2024-04-30,UK,Verified,Utility Bill
4044,2024-06-28,UK,Verified,Document Upload
4045,2024-10-20,CA,Verified,Document Upload
4046,2024-08-22,US,Verified,Bank Verification
4047,2024-04-28,UK,Verified,Document Upload
4048,2025-05-27,US,Failed,Utility Bill
4049,2025-03-29,US,Verified,Document Upload
4050,2025-05-30,CA,Verified,Utility Bill
4051,2024-03-11,US,Verified,Document Upload
4052,2024-08-31,US,Verified,Document Upload
4053,2024-08-15,US,Verified,Document Upload
4054,2024-09-14,UK,Verified,Document Upload
4055,2024-02-16,CA,Pending,Document Upload
4056,2025-06-12,UK,Verified,Document Upload
4057,2025-05-03,US,Verified,Document Upload
4058,2025-06-14,UK,Verified,Document Upload
4059,2024-06-12,UK,Verified,Document Upload
4060,2024-04-06,UK,Pending,Document Upload
4061,2024-07-01,US,Failed,Utility Bill
4062,2024-12-18,CA,Pending,Utility Bill
4063,2024-06-13,CA,Verified,Document Upload
4064,2024-05-08,US,Verified,Document Upload
4065,2024-04-21,UK,Pending,Document Upload
4066,2025-02-27,US,Verified,Bank Verification
4067,2025-04-04,UK,Verified,Bank Verification
4068,2025-01-20,US,Verified,Document Upload
4069,2024-04-21,UK,Verified,Bank Verification
4070,2024-01-26,UK,Pending,Document Upload
4071,2024-06-04,CA,Verified,Document Upload
4072,2025-02-28,US,Verified,Bank Verification
4073,2024-05-23,UK,Verified,Document Upload
4074,2024-10-31,CA,Verified,Document Upload
4075,2024-08-20,US,Failed,Utility Bill
4076,2024-09-09,UK,Verified,Bank Verification
4077,2024-11-19,UK,Verified,Utility Bill
4078,2024-05-11,US,Verified,Document Upload
4079,2025-03-25,UK,Verified,Bank Verification
4080,2024-12-20,UK,Verified,Document Upload
4081,2024-05-26,US,Pending,Utility Bill
4082,2024-06-15,US,Verified,Bank Verification
4083,2025-04-21,US,Verified,Bank Verification
4084,2025-02-14,UK,Verified,Document Upload
4085,2024-03-26,UK,Verified,Bank Verification
4086,2024-05-28,US,Verified,Document Upload
4087,2024-12-14,UK,Verified,Utility Bill
4088,2025-06-08,CA,Failed,Utility Bill
4089,2025-04-28,UK,Failed,Utility Bill
4090,2025-03-06,CA,Pending,Document Upload
4091,2024-08-20,CA,Failed,Utility Bill
4092,2025-05-17,UK,Failed,Utility Bill
4093,2023-12-09,UK,Failed,Utility Bill
4094,2025-04-23,US,Verified,Document Upload
4095,2024-07-03,UK,Verified,Document Upload
4096,2024-04-20,US,Verified,Bank Verification
4097,2025-03-13,US,Verified,Document Upload
4098,2024-09-29,UK,Verified,Document Upload
4099,2025-01-16,US,Verified,Bank Verification
4100,2024-03-31,US,Verified,Document Upload
4101,2025-02-11,UK,Pending,Bank Verification
4102,2023-12-13,Unknown,Verified,Bank Verification
4103,2024-12-30,UK,Verified,Utility Bill
4104,2025-03-06,UK,Verified,Utility Bill
4105,2024-06-20,UK,Verified,Document Upload
4106,2024-04-08,CA,Verified,Document Upload
4107,2024-03-23,CA,Failed,Utility Bill
4108,2023-12-15,US,Verified,Document Upload
4109,2025-04-20,CA,Verified,Utility Bill
4110,2024-12-26,UK,Verified,Document Upload
4111,2024-06-30,US,Verified,Utility Bill
4112,2025-05-07,UK,Verified,Bank Verification
4113,2024-01-09,UK,Verified,Utility Bill
4114,2024-09-30,US,Verified,Bank Verification
4115,2024-06-13,UK,Verified,Document Upload
4116,2024-08-15,CA,Failed,Document Upload
4117,2024-06-16,UK,Verified,Document Upload
4118,2024-05-24,US,Failed,Bank Verification
4119,2024-01-01,US,Verified,Bank Verification
4120,2024-07-30,US,Verified,Document Upload
4121,2024-02-24,UK,Pending,Bank Verification
4122,2024-12-30,UK,Verified,Document Upload
4123,2023-12-02,UK,Failed,Utility Bill
4124,2025-03-20,US,Failed,Bank Verification
4125,2024-04-22,UK,Verified,Document Upload
4126,2024-12-09,US,Verified,Document Upload
4127,2025-05-09,US,Verified,Bank Verification
4128,2024-09-26,CA,Verified,Bank Verification
4129,2024-10-06,CA,Verified,Utility Bill
4130,2025-03-07,US,Pending,Utility Bill
4131,2024-03-15,US,Pending,Document Upload
4132,2025-01-01,US,Verified,Document Upload
4133,2024-10-27,UK,Verified,Bank Verification
4134,2024-02-03,CA,Pending,Document Upload
4135,2023-11-29,UK,Verified,Utility Bill
4136,2024-10-22,UK,Verified,Document Upload
4137,2025-01-02,CA,Verified,Bank Verification
4138,2025-04-10,US,Verified,Document Upload
4139,2024-10-16,US,Failed,Utility Bill
4140,2024-06-06,UK,Verified,Document Upload
4141,2024-08-04,UK,Failed,Bank Verification
4142,2024-11-30,UK,Verified,Document Upload
4143,2024-11-10,US,Failed,Document Upload
4144,2024-08-31,US,Pending,Utility Bill
4145,2025-01-21,UK,Verified,Utility Bill
4146,2024-11-09,CA,Verified,Document Upload
4147,2024-02-02,CA,Verified,Document Upload
4148,2025-04-16,UK,Verified,Document Upload
4149,2024-10-02,US,Pending,Document Upload
4150,2024-04-26,US,Pending,Bank Verification
4151,2025-04-29,UK,Verified,Bank Verification
4152,2024-07-31,UK,Verified,Document Upload
4153,2025-04-25,UK,Verified,Document Upload
4154,2023-12-05,CA,Verified,Bank Verification
4155,2024-11-05,UK,Verified,Document Upload
4156,2025-06-18,UK,Pending,Utility Bill
4157,2024-09-19,CA,Failed,Utility Bill
4158,2024-07-26,US,Failed,Bank Verification
4159,2024-08-23,CA,Verified,Document Upload
4160,2024-10-21,CA,Failed,Bank Verification
4161,2024-11-27,US,Pending,Bank Verification
4162,2024-10-16,UK,Verified,Bank Verification
4163,2024-02-28,UK,Verified,Bank Verification
4164,2024-05-05,CA,Verified,Document Upload
4165,2025-01-07,UK,Verified,Bank Verification
4166,2025-02-02,UK,Failed,Utility Bill
4167,2025-03-30,UK,Verified,Document Upload
4168,2024-11-05,US,Verified,Document Upload
4169,2024-08-06,UK,Verified,Bank Verification
4170,2025-04-06,UK,Verified,Document Upload
4171,2024-02-03,UK,Verified,Document Upload
4172,2024-08-01,UK,Verified,Document Upload
4173,2024-04-03,UK,Verified,Bank Verification
4174,2024-10-14,UK,Verified,Document Upload
4175,2025-06-17,CA,Verified,Bank Verification
4176,2025-05-27,UK,Failed,Utility Bill
4177,2024-07-14,US,Verified,Document Upload
4178,2025-02-09,US,Verified,Document Upload
4179,2024-11-25,US,Verified,Document Upload
4180,2024-11-07,US,Verified,Document Upload
4181,2023-12-28,CA,Failed,Utility Bill
4182,2024-08-21,UK,Verified,Bank Verification
4183,2024-01-13,US,Verified,Document Upload
4184,2025-04-29,UK,Verified,Document Upload
4185,2024-05-02,CA,Failed,Utility Bill
4186,2024-07-02,US,Pending,Document Upload
4187,2024-08-17,UK,Verified,Document Upload
4188,2024-03-11,UK,Verified,Bank Verification
4189,2024-01-06,CA,Verified,Utility Bill
4190,2024-12-13,UK,Verified,Document Upload
4191,2025-06-10,US,Pending,Utility Bill
4192,2025-05-13,UK,Verified,Bank Verification
4193,2024-05-29,US,Verified,Bank Verification
4194,2025-03-29,US,Verified,Document Upload
4195,2025-04-16,CA,Verified,Document Upload
4196,2024-04-12,UK,Verified,Bank Verification
4197,2024-08-01,UK,Verified,Bank Verification
4198,2024-08-21,UK,Failed,Utility Bill
4199,2024-10-12,UK,Verified,Document Upload
4200,2025-04-04,CA,Pending,Document Upload
4201,2024-05-06,UK,Pending,Utility Bill
4202,2025-03-17,UK,Verified,Document Upload
4203,2025-02-24,US,Verified,Bank Verification
4204,2024-03-03,UK,Failed,Utility Bill
4205,2025-05-19,US,Verified,Bank Verification
4206,2024-05-29,UK,Verified,Document Upload
4207,2024-08-26,UK,Failed,Utility Bill
4208,2024-05-20,UK,Failed,Utility Bill
4209,2024-03-13,UK,Verified,Bank Verification
4210,2025-04-01,CA,Verified,Document Upload
4211,2025-05-05,CA,Verified,Bank Verification
4212,2023-12-04,US,Failed,Document Upload
4213,2025-04-19,UK,Verified,Document Upload
4214,2025-01-27,US,Verified,Bank Verification
4215,2025-03-12,UK,Failed,Utility Bill
4216,2024-12-01,UK,Verified,Bank Verification
4217,2024-03-22,CA,Verified,Utility Bill
4218,2025-02-07,US,Verified,Bank Verification
4219,2024-05-21,UK,Verified,Document Upload
4220,2023-12-31,US,Verified,Document Upload
4221,2024-09-26,US,Verified,Document Upload
4222,2024-06-25,US,Verified,Bank Verification
4223,2024-10-06,UK,Verified,Document Upload
4224,2024-08-09,UK,Verified,Document Upload
4225,2024-08-15,US,Verified,Utility Bill
4226,2024-10-27,CA,Failed,Bank Verification
4227,2025-05-10,US,Verified,Bank Verification
4228,2024-05-08,UK,Verified,Document Upload
4229,2025-05-16,UK,Verified,Utility Bill
4230,2024-09-26,UK,Verified,Document Upload
4231,2024-08-06,UK,Verified,Bank Verification
4232,2024-09-30,US,Verified,Document Upload
4233,2024-01-06,UK,Pending,Document Upload
4234,2025-03-26,US,Failed,Bank Verification
4235,2025-01-16,US,Verified,Utility Bill
4236,2024-03-08,US,Verified,Document Upload
4237,2024-02-14,CA,Verified,Bank Verification
4238,2025-05-14,UK,Verified,Bank Verification
4239,2023-12-03,US,Verified,Bank Verification
4240,2024-01-20,UK,Verified,Document Upload
4241,2024-11-02,UK,Failed,Bank Verification
4242,2024-01-15,UK,Verified,Utility Bill
4243,2024-02-29,US,Verified,Bank Verification
4244,2024-08-26,UK,Verified,Document Upload
4245,2023-12-23,UK,Verified,Utility Bill
4246,2025-03-19,UK,Verified,Bank Verification
4247,2025-04-21,UK,Verified,Document Upload
4248,2025-02-16,UK,Verified,Document Upload
4249,2024-05-23,CA,Pending,Bank Verification
4250,2025-04-02,US,Verified,Bank Verification
4251,2024-08-21,US,Verified,Document Upload
4252,2024-05-17,UK,Pending,Bank Verification
4253,2024-12-08,UK,Pending,Utility Bill
4254,2024-11-26,UK,Verified,Bank Verification
4255,2025-06-12,UK,Verified,Bank Verification
4256,2023-12-09,UK,Verified,Bank Verification
4257,2025-05-28,US,Verified,Document Upload
4258,2024-12-08,US,Verified,Document Upload
4259,2024-05-26,CA,Verified,Bank Verification
4260,2024-12-15,US,Failed,Document Upload
4261,2024-03-13,US,Verified,Bank Verification
4262,2024-05-31,US,Failed,Utility Bill
4263,2024-01-11,UK,Verified,Bank Verification
4264,2024-02-06,UK,Pending,Bank Verification
4265,2024-04-21,UK,Verified,Bank Verification
4266,2024-08-24,CA,Verified,Bank Verification
4267,2024-06-24,UK,Verified,Document Upload
4268,2025-04-12,UK,Verified,Bank Verification
4269,2024-11-24,CA,Pending,Bank Verification
4270,2025-03-15,US,Verified,Document Upload
4271,2024-06-26,CA,Verified,Document Upload
4272,2024-05-09,US,Verified,Document Upload
4273,2024-06-07,US,Failed,Utility Bill
4274,2024-04-10,CA,Verified,Document Upload
4275,2025-01-13,UK,Pending,Bank Verification
4276,2023-12-04,UK,Verified,Utility Bill
4277,2025-06-02,US,Verified,Document Upload
4278,2024-07-29,US,Verified,Utility Bill
4279,2024-05-25,US,Failed,Bank Verification
4280,2024-04-01,CA,Verified,Bank Verification
4281,2025-03-26,UK,Verified,Document Upload
4282,2024-06-01,UK,Verified,Document Upload
4283,2024-03-13,UK,Verified,Bank Verification
4284,2024-08-11,US,Verified,Document Upload
4285,2025-04-07,US,Verified,Bank Verification
4286,2024-03-17,US,Verified,Bank Verification
4287,2024-09-09,US,Verified,Bank Verification
4288,2025-02-24,CA,Verified,Bank Verification
4289,2024-09-02,US,Verified,Document Upload
4290,2025-03-25,UK,Verified,Document Upload
4291,2024-10-08,US,Verified,Document Upload
4292,2024-12-26,CA,Verified,Document Upload
4293,2024-02-27,UK,Verified,Bank Verification
4294,2024-11-13,CA,Verified,Bank Verification
4295,2024-08-08,US,Pending,Utility Bill
4296,2023-12-27,UK,Verified,Document Upload
4297,2024-10-04,US,Verified,Utility Bill
4298,2024-03-07,UK,Verified,Utility Bill
4299,2024-07-19,CA,Verified,Document Upload
4300,2024-04-22,CA,Verified,Utility Bill
4301,2024-09-12,US,Verified,Document Upload
4302,2024-01-29,US,Pending,Document Upload
4303,2024-06-12,CA,Verified,Bank Verification
4304,2024-11-14,UK,Verified,Utility Bill
4305,2023-12-02,UK,Verified,Utility Bill
4306,2023-12-07,US,Verified,Document Upload
4307,2024-08-05,UK,Verified,Document Upload
4308,2024-01-20,US,Pending,Document Upload
4309,2024-12-03,US,Verified,Bank Verification
4310,2025-03-07,CA,Pending,Document Upload
4311,2023-12-22,UK,Verified,Bank Verification
4312,2024-11-17,US,Verified,Document Upload
4313,2024-03-18,UK,Verified,Bank Verification
4314,2024-12-27,US,Verified,Bank Verification
4315,2024-01-27,US,Failed,Utility Bill
4316,2025-03-02,CA,Verified,Document Upload
4317,2024-08-27,CA,Verified,Bank Verification
4318,2024-01-03,CA,Verified,Document Upload
4319,2024-06-23,US,Verified,Bank Verification
4320,2024-11-10,US,Verified,Document Upload
4321,2025-05-16,CA,Verified,Document Upload
4322,2024-02-11,UK,Verified,Document Upload
4323,2024-07-12,UK,Failed,Utility Bill
4324,2024-07-15,CA,Verified,Document Upload
4325,2025-04-23,UK,Verified,Bank Verification
4326,2025-05-17,UK,Verified,Document Upload
4327,2024-02-26,UK,Failed,Utility Bill
4328,2024-10-16,US,Failed,Document Upload
4329,2024-03-16,US,Verified,Document Upload
4330,2024-04-02,UK,Verified,Document Upload
4331,2025-01-15,UK,Failed,Utility Bill
4332,2024-12-21,US,Verified,Document Upload
4333,2024-05-26,UK,Verified,Utility Bill
4334,2025-01-05,CA,Verified,Document Upload
4335,2024-05-31,UK,Verified,Document Upload
4336,2025-04-28,UK,Failed,Utility Bill
4337,2025-03-23,US,Verified,Bank Verification
4338,2024-09-23,US,Verified,Document Upload
4339,2024-03-01,UK,Pending,Bank Verification
4340,2023-12-31,US,Verified,Utility Bill
4341,2025-04-23,CA,Verified,Bank Verification
4342,2025-06-10,UK,Verified,Document Upload
4343,2024-12-17,UK,Verified,Utility Bill
4344,2024-02-01,UK,Verified,Document Upload
4345,2024-07-06,UK,Verified,Bank Verification
4346,2024-07-14,US,Pending,Bank Verification
4347,2024-08-23,UK,Verified,Bank Verification
4348,2025-01-12,UK,Pending,Bank Verification
4349,2025-03-31,US,Pending,Bank Verification
4350,2024-01-25,UK,Verified,Utility Bill
4351,2025-03-22,UK,Verified,Bank Verification
4352,2024-01-09,UK,Pending,Utility Bill
4353,2023-11-30,US,Verified,Utility Bill
4354,2023-12-14,UK,Verified,Utility Bill
4355,2024-02-07,CA,Verified,Utility Bill
4356,2024-09-30,UK,Verified,Document Upload
4357,2024-09-19,UK,Verified,Bank Verification
4358,2024-10-27,CA,Verified,Bank Verification
4359,2025-05-09,UK,Verified,Utility Bill
4360,2024-06-07,CA,Verified,Document Upload
4361,2025-04-18,CA,Verified,Bank Verification
4362,2024-01-31,US,Verified,Bank Verification
4363,2024-05-13,UK,Verified,Document Upload
4364,2024-12-03,CA,Pending,Utility Bill
4365,2024-09-09,UK,Verified,Utility Bill
4366,2024-12-13,UK,Pending,Bank Verification
4367,2024-03-30,US,Verified,Bank Verification
4368,2024-10-31,CA,Verified,Document Upload
4369,2025-05-02,UK,Verified,Bank Verification
4370,2025-06-09,US,Verified,Bank Verification
4371,2024-06-19,UK,Verified,Bank Verification
4372,2024-02-28,UK,Verified,Utility Bill
4373,2024-03-26,US,Verified,Document Upload
4374,2024-10-03,CA,Verified,Document Upload
4375,2024-10-28,US,Verified,Utility Bill
4376,2024-09-27,US,Verified,Bank Verification
4377,2024-06-13,UK,Verified,Document Upload
4378,2024-06-25,US,Verified,Document Upload
4379,2024-01-22,UK,Pending,Bank Verification
4380,2024-03-16,UK,Verified,Document Upload
4381,2025-03-14,UK,Pending,Bank Verification
4382,2024-05-14,US,Verified,Bank Verification
4383,2025-03-12,UK,Verified,Document Upload
4384,2024-12-12,UK,Verified,Bank Verification
4385,2025-01-03,US,Verified,Bank Verification
4386,2025-01-04,UK,Verified,Bank Verification
4387,2024-06-24,CA,Failed,Utility Bill
4388,2024-12-13,Unknown,Verified,Bank Verification
4389,2025-03-15,US,Verified,Utility Bill
4390,2024-08-21,UK,Verified,Document Upload
4391,2025-05-08,CA,Verified,Document Upload
4392,2024-03-15,UK,Verified,Document Upload
4393,2024-08-22,UK,Verified,Document Upload
4394,2025-06-16,CA,Verified,Bank Verification
4395,2024-11-22,UK,Verified,Utility Bill
4396,2024-07-10,UK,Verified,Document Upload
4397,2025-06-13,CA,Verified,Document Upload
4398,2024-02-26,US,Verified,Document Upload
4399,2024-04-28,UK,Verified,Document Upload
4400,2024-08-04,UK,Verified,Document Upload
4401,2025-05-15,UK,Verified,Document Upload
4402,2024-11-15,US,Pending,Document Upload
4403,2025-01-13,US,Verified,Bank Verification
4404,2024-09-23,UK,Verified,Document Upload
4405,2025-03-07,CA,Pending,Document Upload
4406,2024-08-31,CA,Verified,Document Upload
4407,2024-03-03,US,Verified,Bank Verification
4408,2024-06-28,US,Verified,Bank Verification
4409,2024-11-17,UK,Failed,Utility Bill
4410,2025-05-09,US,Verified,Utility Bill
4411,2024-07-12,UK,Failed,Utility Bill
4412,2024-03-26,UK,Verified,Document Upload
4413,2024-07-09,US,Verified,Utility Bill
4414,2024-08-10,CA,Pending,Document Upload
4415,2025-03-22,CA,Verified,Bank Verification
4416,2025-01-14,US,Verified,Bank Verification
4417,2024-09-24,US,Pending,Bank Verification
4418,2024-01-16,UK,Verified,Utility Bill
4419,2024-11-01,US,Pending,Document Upload
4420,2024-11-05,US,Failed,Utility Bill
4421,2024-04-02,UK,Pending,Bank Verification
4422,2024-04-05,UK,Verified,Document Upload
4423,2025-02-12,CA,Verified,Bank Verification
4424,2025-01-02,US,Failed,Utility Bill
4425,2025-04-26,UK,Pending,Document Upload
4426,2024-08-12,US,Failed,Document Upload
4427,2024-02-22,UK,Verified,Document Upload
4428,2025-03-04,UK,Verified,Utility Bill
4429,2025-04-28,US,Pending,Document Upload
4430,2025-01-16,US,Verified,Document Upload
4431,2025-06-10,US,Verified,Bank Verification
4432,2024-12-15,US,Verified,Document Upload
4433,2023-12-30,US,Pending,Document Upload
4434,2025-03-31,UK,Pending,Bank Verification
4435,2024-04-08,UK,Verified,Bank Verification
4436,2024-04-13,US,Verified,Document Upload
4437,2024-01-13,UK,Pending,Utility Bill
4438,2024-10-07,UK,Verified,Bank Verification
4439,2025-04-23,US,Verified,Document Upload
4440,2024-12-05,UK,Verified,Bank Verification
4441,2025-04-18,UK,Verified,Document Upload
4442,2024-07-22,UK,Verified,Bank Verification
4443,2024-08-26,US,Verified,Utility Bill
4444,2025-02-09,UK,Verified,Document Upload
4445,2025-04-13,UK,Verified,Document Upload
4446,2024-10-14,UK,Verified,Document Upload
4447,2024-08-23,US,Verified,Document Upload
4448,2024-08-01,CA,Failed,Document Upload
4449,2023-12-31,US,Verified,Document Upload
4450,2024-07-04,US,Pending,Document Upload
4451,2024-09-23,UK,Pending,Document Upload
4452,2024-10-23,US,Verified,Document Upload
4453,2025-03-16,US,Verified,Document Upload
4454,2024-04-23,UK,Verified,Bank Verification
4455,2024-08-25,US,Verified,Bank Verification
4456,2024-02-12,UK,Pending,Document Upload
4457,2024-05-21,UK,Failed,Bank Verification
4458,2023-12-19,UK,Failed,Document Upload
4459,2024-12-12,UK,Verified,Bank Verification
4460,2024-08-05,CA,Verified,Document Upload
4461,2025-05-17,UK,Verified,Document Upload
4462,2023-12-18,UK,Pending,Document Upload
4463,2024-03-13,UK,Verified,Utility Bill
4464,2024-01-03,UK,Verified,Bank Verification
4465,2024-10-31,UK,Verified,Document Upload
4466,2024-06-12,CA,Verified,Utility Bill
4467,2024-04-30,UK,Verified,Bank Verification
4468,2025-04-05,UK,Verified,Utility Bill
4469,2024-10-21,UK,Verified,Document Upload
4470,2024-06-20,CA,Verified,Bank Verification
4471,2025-03-21,UK,Verified,Bank Verification
4472,2024-08-22,UK,Verified,Document Upload
4473,2023-12-11,CA,Verified,Document Upload
4474,2024-05-16,UK,Verified,Utility Bill
4475,2024-09-26,UK,Verified,Utility Bill
4476,2025-01-17,US,Verified,Document Upload
4477,2024-11-02,CA,Verified,Document Upload
4478,2023-12-02,UK,Verified,Document Upload
4479,2024-01-04,US,Verified,Bank Verification
4480,2024-12-05,US,Verified,Document Upload
4481,2024-08-12,UK,Verified,Utility Bill
4482,2023-11-29,UK,Failed,Bank Verification
4483,2025-01-30,UK,Verified,Document Upload
4484,2025-01-14,UK,Verified,Utility Bill
4485,2024-10-01,UK,Pending,Document Upload
4486,2024-09-21,US,Verified,Utility Bill
4487,2024-03-18,UK,Verified,Document Upload
4488,2024-05-28,UK,Failed,Bank Verification
4489,2024-08-23,UK,Verified,Document Upload
4490,2025-01-23,UK,Verified,Document Upload
4491,2024-02-10,UK,Verified,Document Upload
4492,2024-11-01,UK,Verified,Utility Bill
4493,2025-05-23,UK,Failed,Bank Verification
4494,2024-06-08,UK,Failed,Utility Bill
4495,2024-02-05,US,Verified,Utility Bill
4496,2024-04-17,CA,Verified,Document Upload
4497,2025-03-25,CA,Verified,Bank Verification
4498,2024-01-15,UK,Verified,Document Upload
4499,2024-05-13,UK,Verified,Document Upload
4500,2024-08-10,US,Verified,Document Upload
4501,2024-09-28,US,Verified,Bank Verification
4502,2023-12-20,UK,Verified,Document Upload
4503,2024-01-22,UK,Verified,Document Upload
4504,2025-01-11,US,Verified,Document Upload
4505,2024-09-16,UK,Verified,Bank Verification
4506,2024-07-08,UK,Failed,Utility Bill
4507,2024-09-06,UK,Failed,Document Upload
4508,2024-04-15,US,Pending,Document Upload
4509,2025-05-17,CA,Verified,Bank Verification
4510,2025-05-04,CA,Verified,Bank Verification
4511,2025-03-14,US,Failed,Bank Verification
4512,2024-03-29,UK,Verified,Bank Verification
4513,2024-10-05,US,Failed,Utility Bill
4514,2024-03-11,CA,Pending,Bank Verification
4515,2024-10-09,US,Pending,Bank Verification
4516,2024-08-04,UK,Verified,Bank Verification
4517,2024-10-09,US,Verified,Document Upload
4518,2024-01-11,UK,Verified,Bank Verification
4519,2025-02-20,UK,Verified,Document Upload
4520,2024-05-18,US,Verified,Document Upload
4521,2024-05-23,CA,Verified,Utility Bill
4522,2024-11-23,US,Failed,Utility Bill
4523,2024-06-20,US,Verified,Document Upload
4524,2024-03-18,US,Verified,Utility Bill
4525,2023-12-25,CA,Verified,Bank Verification
4526,2024-08-29,CA,Verified,Document Upload
4527,2024-09-26,US,Verified,Document Upload
4528,2024-05-27,UK,Verified,Document Upload
4529,2024-09-14,US,Verified,Utility Bill
4530,2023-12-05,US,Pending,Bank Verification
4531,2024-07-26,US,Verified,Bank Verification
4532,2024-05-20,US,Verified,Bank Verification
4533,2024-08-08,CA,Verified,Document Upload
4534,2024-04-03,UK,Verified,Document Upload
4535,2025-05-28,UK,Verified,Bank Verification
4536,2024-03-12,CA,Verified,Document Upload
4537,2025-02-20,UK,Verified,Utility Bill
4538,2025-02-26,US,Verified,Utility Bill
4539,2024-12-29,CA,Verified,Document Upload
4540,2025-05-30,UK,Verified,Document Upload
4541,2025-02-17,UK,Verified,Document Upload
4542,2025-05-08,US,Failed,Utility Bill
4543,2024-09-29,US,Pending,Document Upload
4544,2024-09-29,UK,Verified,Bank Verification
4545,2025-05-27,US,Verified,Bank Verification
4546,2023-12-18,UK,Failed,Utility Bill
4547,2025-06-10,UK,Verified,Document Upload
4548,2024-10-09,UK,Verified,Utility Bill
4549,2024-12-15,CA,Pending,Utility Bill
4550,2024-01-11,US,Failed,Utility Bill
4551,2024-05-15,US,Pending,Bank Verification
4552,2025-01-04,UK,Verified,Bank Verification
4553,2024-12-02,UK,Verified,Document Upload
4554,2025-04-01,UK,Verified,Bank Verification
4555,2024-05-14,US,Verified,Document Upload
4556,2024-11-01,UK,Verified,Document Upload
4557,2024-09-23,CA,Pending,Utility Bill
4558,2024-02-25,US,Verified,Document Upload
4559,2023-12-29,UK,Verified,Document Upload
4560,2023-12-17,US,Verified,Bank Verification
4561,2024-02-01,CA,Verified,Utility Bill
4562,2024-08-18,UK,Verified,Bank Verification
4563,2024-03-15,UK,Verified,Document Upload
4564,2024-11-16,CA,Verified,Bank Verification
4565,2023-12-29,UK,Verified,Utility Bill
4566,2024-03-29,UK,Verified,Bank Verification
4567,2024-10-03,UK,Verified,Bank Verification
4568,2024-10-21,UK,Verified,Document Upload
4569,2025-03-26,UK,Verified,Document Upload
4570,2024-12-30,UK,Failed,Utility Bill
4571,2024-01-09,CA,Verified,Document Upload
4572,2024-04-15,UK,Pending,Bank Verification
4573,2025-01-01,UK,Pending,Document Upload
4574,2025-05-04,UK,Pending,Document Upload
4575,2024-09-04,UK,Verified,Document Upload
4576,2024-04-04,US,Pending,Document Upload
4577,2025-02-07,CA,Pending,Utility Bill
4578,2023-12-25,CA,Failed,Utility Bill
4579,2024-07-31,US,Verified,Utility Bill
4580,2025-04-23,UK,Verified,Utility Bill
4581,2024-01-25,CA,Verified,Document Upload
4582,2024-04-01,CA,Pending,Utility Bill
4583,2024-07-31,CA,Verified,Document Upload
4584,2025-06-07,UK,Verified,Document Upload
4585,2025-05-25,UK,Verified,Document Upload
4586,2025-04-10,UK,Verified,Bank Verification
4587,2025-04-13,US,Verified,Utility Bill
4588,2025-01-05,US,Verified,Utility Bill
4589,2025-06-17,UK,Verified,Document Upload
4590,2023-11-29,CA,Failed,Utility Bill
4591,2024-09-17,US,Verified,Bank Verification
4592,2025-05-21,UK,Failed,Utility Bill
4593,2024-05-16,UK,Verified,Bank Verification
4594,2024-10-03,US,Verified,Document Upload
4595,2024-08-11,UK,Verified,Bank Verification
4596,2024-10-11,US,Verified,Utility Bill
4597,2024-04-15,UK,Failed,Document Upload
4598,2025-03-12,UK,Failed,Utility Bill
4599,2025-02-20,CA,Verified,Bank Verification
4600,2023-12-11,UK,Verified,Document Upload
4601,2024-05-14,US,Verified,Utility Bill
4602,2025-02-06,UK,Pending,Utility Bill
4603,2025-02-08,UK,Verified,Document Upload
4604,2024-01-24,UK,Verified,Bank Verification
4605,2024-10-05,UK,Verified,Document Upload
4606,2024-08-15,CA,Verified,Document Upload
4607,2024-06-30,UK,Verified,Bank Verification
4608,2024-05-10,US,Verified,Utility Bill
4609,2025-01-20,UK,Failed,Document Upload
4610,2024-04-23,US,Verified,Document Upload
4611,2023-12-29,US,Verified,Document Upload
4612,2024-06-01,UK,Verified,Utility Bill
4613,2024-12-16,UK,Verified,Document Upload
4614,2024-03-16,US,Verified,Bank Verification
4615,2025-03-19,CA,Verified,Document Upload
4616,2024-02-04,US,Verified,Document Upload
4617,2024-05-07,UK,Verified,Document Upload
4618,2025-04-01,UK,Failed,Document Upload
4619,2024-09-03,UK,Verified,Utility Bill
4620,2025-05-01,UK,Pending,Bank Verification
4621,2025-03-16,UK,Verified,Bank Verification
4622,2024-10-05,US,Verified,Document Upload
4623,2024-08-03,UK,Pending,Document Upload
4624,2025-04-20,US,Verified,Document Upload
4625,2024-02-08,CA,Verified,Document Upload
4626,2024-07-19,US,Verified,Utility Bill
4627,2024-03-30,CA,Pending,Document Upload
4628,2024-01-01,UK,Verified,Document Upload
4629,2024-07-07,US,Verified,Document Upload
4630,2024-08-31,UK,Verified,Bank Verification
4631,2024-08-22,UK,Verified,Document Upload
4632,2025-03-17,UK,Verified,Document Upload
4633,2025-03-26,US,Verified,Document Upload
4634,2025-04-15,UK,Verified,Bank Verification
4635,2024-09-08,CA,Verified,Document Upload
4636,2024-08-21,UK,Verified,Bank Verification
4637,2024-02-16,US,Verified,Bank Verification
4638,2024-04-23,US,Verified,Utility Bill
4639,2025-01-22,US,Verified,Document Upload
4640,2024-03-18,UK,Pending,Bank Verification
4641,2024-04-05,US,Verified,Utility Bill
4642,2024-04-16,UK,Verified,Bank Verification
4643,2024-08-06,UK,Failed,Bank Verification
4644,2024-09-29,UK,Verified,Document Upload
4645,2024-08-19,US,Failed,Utility Bill
4646,2024-02-08,UK,Verified,Bank Verification
4647,2024-03-10,UK,Pending,Bank Verification
4648,2024-08-16,US,Failed,Utility Bill
4649,2025-05-26,US,Pending,Document Upload
4650,2024-05-27,US,Verified,Utility Bill
4651,2025-02-24,UK,Failed,Bank Verification
4652,2025-06-19,UK,Verified,Utility Bill
4653,2024-04-18,UK,Failed,Bank Verification
4654,2024-09-14,US,Verified,Bank Verification
4655,2024-01-25,UK,Verified,Bank Verification
4656,2025-05-02,CA,Verified,Document Upload
4657,2023-12-27,CA,Pending,Document Upload
4658,2025-02-19,US,Verified,Document Upload
4659,2024-01-19,CA,Verified,Bank Verification
4660,2024-12-31,UK,Failed,Utility Bill
4661,2025-01-14,UK,Verified,Utility Bill
4662,2024-07-29,UK,Pending,Document Upload
4663,2024-07-13,UK,Verified,Bank Verification
4664,2025-05-08,US,Pending,Document Upload
4665,2024-05-12,CA,Verified,Bank Verification
4666,2024-05-11,US,Failed,Utility Bill
4667,2023-12-13,US,Verified,Bank Verification
4668,2024-11-08,UK,Verified,Document Upload
4669,2024-08-12,UK,Verified,Bank Verification
4670,2025-02-16,UK,Failed,Utility Bill
4671,2023-12-12,UK,Verified,Bank Verification
4672,2023-12-24,UK,Verified,Bank Verification
4673,2023-12-21,CA,Verified,Bank Verification
4674,2024-06-09,CA,Verified,Document Upload
4675,2024-11-28,CA,Failed,Bank Verification
4676,2024-12-11,UK,Pending,Bank Verification
4677,2024-08-03,UK,Verified,Document Upload
4678,2025-04-11,UK,Verified,Document Upload
4679,2025-01-06,US,Failed,Utility Bill
4680,2024-09-14,CA,Verified,Document Upload
4681,2024-05-06,UK,Verified,Document Upload
4682,2024-04-07,UK,Verified,Document Upload
4683,2024-08-19,UK,Verified,Document Upload
4684,2024-09-02,UK,Verified,Bank Verification
4685,2023-12-20,UK,Verified,Bank Verification
4686,2024-12-26,US,Verified,Document Upload
4687,2024-07-30,UK,Verified,Bank Verification
4688,2025-04-17,US,Verified,Document Upload
4689,2024-06-04,CA,Verified,Bank Verification
4690,2025-02-13,UK,Pending,Document Upload
4691,2024-07-09,CA,Pending,Document Upload
4692,2024-03-27,UK,Verified,Document Upload
4693,2025-06-14,CA,Pending,Document Upload
4694,2025-03-22,CA,Pending,Document Upload
4695,2024-05-04,CA,Verified,Bank Verification
4696,2023-12-09,UK,Pending,Bank Verification
4697,2024-08-12,CA,Verified,Document Upload
4698,2024-05-01,US,Verified,Bank Verification
4699,2025-06-11,UK,Verified,Document Upload
4700,2024-11-03,CA,Verified,Document Upload
4701,2024-01-13,UK,Verified,Document Upload
4702,2025-03-05,UK,Verified,Bank Verification
4703,2024-06-02,US,Verified,Document Upload
4704,2024-09-28,UK,Verified,Document Upload
4705,2024-02-01,US,Verified,Document Upload
4706,2023-12-26,UK,Verified,Utility Bill
4707,2025-03-09,UK,Verified,Bank Verification
4708,2025-04-14,UK,Pending,Bank Verification
4709,2024-02-10,UK,Verified,Utility Bill
4710,2025-02-02,US,Verified,Bank Verification
4711,2024-11-06,UK,Verified,Bank Verification
4712,2025-05-08,UK,Verified,Document Upload
4713,2024-09-21,US,Verified,Document Upload
4714,2024-05-04,US,Pending,Document Upload
4715,2025-05-02,UK,Verified,Document Upload
4716,2023-12-26,UK,Failed,Bank Verification
4717,2025-01-28,CA,Pending,Document Upload
4718,2024-08-07,UK,Verified,Bank Verification
4719,2024-09-04,UK,Verified,Document Upload
4720,2025-01-02,UK,Verified,Document Upload
4721,2025-05-01,UK,Pending,Bank Verification
4722,2023-12-19,UK,Verified,Document Upload
4723,2024-07-23,US,Verified,Bank Verification
4724,2024-07-21,US,Verified,Bank Verification
4725,2025-04-07,UK,Verified,Utility Bill
4726,2023-12-21,UK,Verified,Document Upload
4727,2024-05-01,US,Verified,Document Upload
4728,2024-11-20,US,Pending,Document Upload
4729,2024-09-23,UK,Verified,Bank Verification
4730,2025-03-30,US,Pending,Document Upload
4731,2024-02-22,CA,Verified,Document Upload
4732,2025-05-12,US,Failed,Document Upload
4733,2024-05-16,CA,Verified,Document Upload
4734,2025-01-19,UK,Pending,Utility Bill
4735,2024-04-30,UK,Verified,Document Upload
4736,2024-10-17,UK,Failed,Bank Verification
4737,2024-02-08,UK,Verified,Document Upload
4738,2024-04-11,US,Failed,Utility Bill
4739,2024-02-16,UK,Verified,Utility Bill
4740,2024-09-26,UK,Verified,Bank Verification
4741,2025-05-06,UK,Pending,Document Upload
4742,2025-01-18,UK,Verified,Bank Verification
4743,2024-10-24,US,Verified,Bank Verification
4744,2024-01-24,US,Verified,Document Upload
4745,2025-01-11,US,Verified,Document Upload
4746,2024-07-27,US,Pending,Document Upload
4747,2024-04-29,US,Verified,Bank Verification
4748,2024-07-12,UK,Verified,Document Upload
4749,2024-11-08,UK,Verified,Bank Verification
4750,2024-03-10,UK,Verified,Utility Bill
4751,2025-06-01,UK,Verified,Bank Verification
4752,2024-06-03,UK,Verified,Utility Bill
4753,2024-04-25,US,Failed,Bank Verification
4754,2025-02-03,US,Verified,Utility Bill
4755,2025-01-11,CA,Verified,Document Upload
4756,2023-12-25,US,Verified,Bank Verification
4757,2025-01-28,US,Verified,Utility Bill
4758,2025-03-21,UK,Failed,Bank Verification
4759,2024-03-29,UK,Verified,Utility Bill
4760,2025-03-21,UK,Verified,Utility Bill
4761,2024-01-19,UK,Verified,Document Upload
4762,2024-06-16,UK,Verified,Document Upload
4763,2024-10-14,UK,Verified,Document Upload
4764,2024-07-23,UK,Verified,Document Upload
4765,2024-06-16,US,Verified,Document Upload
4766,2025-02-10,UK,Verified,Bank Verification
4767,2025-05-29,US,Verified,Utility Bill
4768,2024-05-16,US,Verified,Utility Bill
4769,2025-06-16,US,Verified,Bank Verification
4770,2025-04-25,UK,Verified,Utility Bill
4771,2025-03-27,CA,Pending,Document Upload
4772,2024-09-23,UK,Pending,Document Upload
4773,2025-01-31,US,Verified,Utility Bill
4774,2023-12-29,UK,Verified,Utility Bill
4775,2025-01-31,UK,Verified,Document Upload
4776,2024-01-27,CA,Verified,Bank Verification
4777,2025-05-06,UK,Verified,Document Upload
4778,2024-07-11,UK,Failed,Utility Bill
4779,2025-06-01,UK,Verified,Document Upload
4780,2024-03-25,CA,Pending,Document Upload
4781,2024-05-30,UK,Failed,Utility Bill
4782,2024-06-07,UK,Verified,Document Upload
4783,2024-07-20,US,Verified,Document Upload
4784,2025-02-08,US,Pending,Utility Bill
4785,2024-03-13,US,Verified,Bank Verification
4786,2024-02-17,UK,Verified,Document Upload
4787,2024-04-06,UK,Verified,Bank Verification
4788,2024-07-07,US,Verified,Document Upload
4789,2024-08-23,UK,Verified,Document Upload
4790,2024-07-16,CA,Verified,Document Upload
4791,2024-08-23,US,Pending,Utility Bill
4792,2023-12-25,UK,Verified,Utility Bill
4793,2024-01-17,UK,Verified,Utility Bill
4794,2024-08-06,UK,Failed,Utility Bill
4795,2024-04-13,UK,Verified,Bank Verification
4796,2024-12-17,US,Pending,Bank Verification
4797,2024-02-08,US,Pending,Bank Verification
4798,2024-10-23,US,Pending,Document Upload
4799,2024-11-09,UK,Pending,Document Upload
4800,2024-08-08,CA,Verified,Bank Verification
4801,2025-05-04,CA,Verified,Bank Verification
4802,2024-02-09,UK,Verified,Utility Bill
4803,2024-03-13,UK,Failed,Utility Bill
4804,2024-02-26,UK,Failed,Bank Verification
4805,2024-11-27,US,Verified,Document Upload
4806,2024-11-06,US,Verified,Document Upload
4807,2024-11-12,UK,Failed,Bank Verification
4808,2024-09-15,UK,Verified,Document Upload
4809,2024-06-08,UK,Pending,Document Upload
4810,2025-05-23,US,Pending,Bank Verification
4811,2024-02-11,UK,Verified,Bank Verification
4812,2024-06-21,US,Pending,Bank Verification
4813,2024-06-23,UK,Verified,Document Upload
4814,2024-03-20,CA,Verified,Utility Bill
4815,2023-12-22,UK,Verified,Bank Verification
4816,2025-02-28,UK,Verified,Document Upload
4817,2024-03-15,UK,Pending,Utility Bill
4818,2024-06-23,CA,Verified,Document Upload
4819,2024-07-19,UK,Verified,Utility Bill
4820,2025-04-02,UK,Verified,Document Upload
4821,2025-04-04,CA,Failed,Utility Bill
4822,2024-02-28,UK,Failed,Bank Verification
4823,2024-05-01,UK,Verified,Document Upload
4824,2024-04-30,US,Verified,Bank Verification
4825,2024-03-08,UK,Verified,Document Upload
4826,2024-01-05,US,Verified,Document Upload
4827,2024-07-09,UK,Verified,Document Upload
4828,2025-01-10,UK,Pending,Bank Verification
4829,2024-10-21,CA,Verified,Bank Verification
4830,2025-03-15,US,Verified,Document Upload
4831,2024-03-12,UK,Pending,Utility Bill
4832,2024-07-30,CA,Verified,Document Upload
4833,2024-03-14,US,Verified,Document Upload
4834,2025-05-18,US,Verified,Document Upload
4835,2024-07-18,UK,Failed,Utility Bill
4836,2024-03-10,US,Verified,Bank Verification
4837,2023-12-14,UK,Failed,Utility Bill
4838,2025-02-24,UK,Failed,Utility Bill
4839,2024-02-18,CA,Verified,Bank Verification
4840,2025-04-06,UK,Verified,Document Upload
4841,2024-01-18,CA,Verified,Document Upload
4842,2025-03-28,US,Verified,Document Upload
4843,2025-02-18,UK,Pending,Bank Verification
4844,2024-05-16,UK,Verified,Document Upload
4845,2025-06-11,US,Verified,Document Upload
4846,2025-05-23,UK,Failed,Bank Verification
4847,2023-12-05,UK,Verified,Bank Verification
4848,2024-10-23,UK,Verified,Bank Verification
4849,2024-10-17,US,Verified,Bank Verification
4850,2025-03-09,UK,Verified,Utility Bill
4851,2024-09-25,US,Verified,Document Upload
4852,2024-04-02,UK,Verified,Bank Verification
4853,2024-03-09,US,Verified,Document Upload
4854,2025-05-21,UK,Verified,Utility Bill
4855,2025-06-10,UK,Failed,Utility Bill
4856,2025-03-01,UK,Verified,Document Upload
4857,2025-04-17,CA,Verified,Utility Bill
4858,2024-04-07,UK,Verified,Utility Bill
4859,2024-12-21,UK,Failed,Utility Bill
4860,2024-08-30,UK,Verified,Document Upload
4861,2024-03-28,US,Verified,Document Upload
4862,2025-04-16,CA,Failed,Bank Verification
4863,2024-06-26,UK,Verified,Document Upload
4864,2023-12-04,UK,Verified,Document Upload
4865,2024-10-27,UK,Verified,Document Upload
4866,2024-11-21,UK,Verified,Document Upload
4867,2025-04-07,US,Failed,Utility Bill
4868,2024-10-24,US,Verified,Document Upload
4869,2023-12-26,UK,Verified,Document Upload
4870,2024-04-24,US,Verified,Bank Verification
4871,2024-04-15,UK,Verified,Bank Verification
4872,2024-09-13,CA,Pending,Bank Verification
4873,2023-12-04,UK,Verified,Utility Bill
4874,2024-03-05,CA,Verified,Document Upload
4875,2024-03-06,UK,Verified,Utility Bill
4876,2024-08-19,UK,Failed,Bank Verification
4877,2024-12-24,US,Verified,Document Upload
4878,2025-01-31,UK,Pending,Bank Verification
4879,2024-06-06,UK,Pending,Bank Verification
4880,2024-08-19,US,Verified,Bank Verification
4881,2024-06-22,UK,Verified,Document Upload
4882,2024-02-28,UK,Verified,Document Upload
4883,2025-02-06,US,Verified,Bank Verification
4884,2025-01-12,UK,Pending,Document Upload
4885,2024-04-13,US,Verified,Utility Bill
4886,2024-06-23,UK,Pending,Document Upload
4887,2024-05-17,UK,Verified,Document Upload
4888,2024-07-25,CA,Verified,Utility Bill
4889,2024-09-15,US,Pending,Utility Bill
4890,2024-05-22,UK,Verified,Document Upload
4891,2025-04-05,CA,Verified,Document Upload
4892,2024-11-27,UK,Failed,Bank Verification
4893,2024-10-16,CA,Verified,Bank Verification
4894,2025-02-11,UK,Verified,Document Upload
4895,2024-01-22,UK,Pending,Bank Verification
4896,2024-06-07,UK,Verified,Bank Verification
4897,2024-10-26,UK,Pending,Document Upload
4898,2024-02-23,UK,Verified,Bank Verification
4899,2025-01-11,UK,Verified,Utility Bill
4900,2024-09-25,CA,Verified,Utility Bill
4901,2024-06-19,US,Verified,Bank Verification
4902,2025-04-04,UK,Verified,Bank Verification
4903,2024-01-15,UK,Failed,Utility Bill
4904,2024-03-19,US,Verified,Document Upload
4905,2024-01-04,UK,Verified,Bank Verification
4906,2024-08-23,UK,Verified,Bank Verification
4907,2024-07-25,CA,Failed,Document Upload
4908,2024-05-28,UK,Verified,Document Upload
4909,2024-07-19,US,Verified,Bank Verification
4910,2025-04-24,US,Verified,Document Upload
4911,2024-09-23,UK,Verified,Bank Verification
4912,2024-03-30,US,Verified,Document Upload
4913,2024-04-12,UK,Verified,Utility Bill
4914,2024-11-20,US,Verified,Document Upload
4915,2024-08-19,CA,Verified,Utility Bill
4916,2024-01-30,CA,Pending,Bank Verification
4917,2025-03-10,UK,Verified,Document Upload
4918,2025-01-30,CA,Verified,Document Upload
4919,2025-03-19,US,Verified,Utility Bill
4920,2025-06-17,US,Verified,Document Upload
4921,2025-03-10,UK,Verified,Bank Verification
4922,2024-12-21,US,Pending,Document Upload
4923,2024-03-12,UK,Verified,Bank Verification
4924,2024-05-04,US,Pending,Bank Verification
4925,2024-03-01,CA,Verified,Bank Verification
4926,2024-05-06,UK,Verified,Utility Bill
4927,2024-09-11,UK,Verified,Document Upload
4928,2024-02-23,US,Failed,Utility Bill
4929,2024-02-06,UK,Verified,Document Upload
4930,2025-02-20,US,Verified,Document Upload
4931,2023-12-05,US,Failed,Utility Bill
4932,2024-07-17,US,Pending,Document Upload
4933,2023-12-16,UK,Pending,Bank Verification
4934,2025-05-10,CA,Pending,Document Upload
4935,2024-04-13,UK,Verified,Bank Verification
4936,2025-02-13,UK,Verified,Document Upload
4937,2024-04-29,UK,Failed,Bank Verification
4938,2025-05-25,US,Verified,Document Upload
4939,2025-04-15,UK,Failed,Utility Bill
4940,2024-06-27,UK,Pending,Utility Bill
4941,2024-06-04,CA,Failed,Bank Verification
4942,2024-01-27,UK,Verified,Bank Verification
4943,2025-04-15,UK,Verified,Utility Bill
4944,2024-07-13,UK,Verified,Utility Bill
4945,2025-05-27,US,Pending,Bank Verification
4946,2024-07-12,US,Verified,Document Upload
4947,2025-03-24,UK,Verified,Document Upload
4948,2024-01-22,CA,Pending,Bank Verification
4949,2024-01-25,UK,Verified,Utility Bill
4950,2024-12-15,UK,Verified,Utility Bill
4951,2024-08-25,UK,Failed,Utility Bill
4952,2024-08-07,US,Verified,Document Upload
4953,2024-04-14,CA,Verified,Utility Bill
4954,2024-03-16,UK,Verified,Document Upload
4955,2024-07-30,UK,Verified,Bank Verification
4956,2025-03-02,UK,Pending,Document Upload
4957,2024-12-07,UK,Verified,Bank Verification
4958,2024-05-16,UK,Verified,Bank Verification
4959,2024-06-16,UK,Failed,Bank Verification
4960,2025-05-08,UK,Verified,Bank Verification
4961,2024-08-06,UK,Verified,Document Upload
4962,2024-11-22,UK,Verified,Utility Bill
4963,2024-10-18,UK,Verified,Document Upload
4964,2025-03-07,UK,Verified,Utility Bill
4965,2024-10-24,UK,Verified,Document Upload
4966,2024-10-17,UK,Pending,Utility Bill
4967,2024-12-24,UK,Verified,Document Upload
4968,2025-02-24,US,Pending,Utility Bill
4969,2025-02-18,UK,Verified,Bank Verification
4970,2025-05-17,UK,Verified,Document Upload
4971,2024-10-17,UK,Verified,Bank Verification
4972,2024-10-10,UK,Verified,Document Upload
4973,2025-04-20,UK,Failed,Utility Bill
4974,2024-11-10,UK,Verified,Document Upload
4975,2025-03-09,CA,Verified,Utility Bill
4976,2024-04-28,UK,Verified,Document Upload
4977,2024-08-26,US,Verified,Document Upload
4978,2025-06-12,UK,Verified,Bank Verification
4979,2024-05-15,UK,Verified,Document Upload
4980,2024-06-23,CA,Verified,Bank Verification
4981,2024-04-30,US,Verified,Utility Bill
4982,2025-05-26,UK,Verified,Bank Verification
4983,2024-01-18,US,Failed,Utility Bill
4984,2024-09-17,CA,Verified,Bank Verification
4985,2024-06-25,UK,Failed,Bank Verification
4986,2025-06-09,UK,Verified,Document Upload
4987,2024-10-08,US,Verified,Utility Bill
4988,2024-01-18,UK,Verified,Utility Bill
4989,2025-04-15,UK,Verified,Document Upload
4990,2024-09-16,CA,Verified,Bank Verification
4991,2024-04-22,US,Verified,Document Upload
4992,2024-09-22,UK,Verified,Utility Bill
4993,2024-10-01,UK,Verified,Bank Verification
4994,2025-05-11,CA,Pending,Document Upload
4995,2024-09-10,US,Failed,Utility Bill
4996,2024-03-29,US,Verified,Bank Verification
4997,2025-05-25,UK,Failed,Bank Verification
4998,2025-01-20,US,Verified,Document Upload
4999,2024-04-14,CA,Pending,Utility Bill
5000,2024-09-25,UK,Verified,Bank Verification
5001,2024-04-19,US,Verified,Utility Bill
5002,2024-05-05,UK,Pending,Bank Verification
5003,2024-03-28,UK,Pending,Bank Verification
5004,2024-03-26,UK,Pending,Bank Verification
5005,2024-07-02,UK,Verified,Document Upload
5006,2024-11-12,UK,Pending,Document Upload
5007,2025-05-09,UK,Verified,Utility Bill
5008,2025-05-17,US,Failed,Bank Verification
5009,2025-01-01,CA,Verified,Document Upload
5010,2023-12-07,CA,Failed,Utility Bill
5011,2025-04-22,UK,Verified,Bank Verification
5012,2025-01-26,UK,Verified,Bank Verification
5013,2024-01-04,US,Verified,Document Upload
5014,2025-05-28,US,Verified,Utility Bill
5015,2025-03-12,US,Verified,Document Upload
5016,2024-07-02,UK,Verified,Utility Bill
5017,2024-07-19,CA,Verified,Document Upload
5018,2024-02-09,UK,Verified,Bank Verification
5019,2024-08-12,UK,Verified,Document Upload
5020,2025-05-01,UK,Verified,Bank Verification
5021,2024-05-21,CA,Pending,Utility Bill
5022,2025-05-25,CA,Verified,Bank Verification
5023,2025-03-18,CA,Verified,Bank Verification
5024,2024-05-31,US,Verified,Document Upload
5025,2024-08-26,CA,Verified,Utility Bill
5026,2024-07-29,UK,Verified,Document Upload
5027,2024-10-29,CA,Verified,Bank Verification
5028,2025-01-24,UK,Verified,Document Upload
5029,2024-06-28,UK,Verified,Document Upload
5030,2025-01-20,US,Verified,Document Upload
5031,2024-01-04,CA,Verified,Document Upload
5032,2024-04-09,US,Verified,Document Upload
5033,2024-10-04,UK,Verified,Document Upload
5034,2025-06-09,UK,Verified,Utility Bill
5035,2024-06-04,US,Verified,Bank Verification
5036,2025-02-03,US,Failed,Utility Bill
5037,2024-10-01,US,Pending,Utility Bill
5038,2024-11-26,CA,Verified,Document Upload
5039,2023-12-31,US,Failed,Utility Bill
5040,2024-04-05,UK,Failed,Utility Bill
5041,2023-12-23,UK,Verified,Document Upload
5042,2024-12-23,US,Failed,Utility Bill
5043,2025-05-06,UK,Verified,Document Upload
5044,2025-05-21,UK,Verified,Bank Verification
5045,2024-03-03,UK,Pending,Utility Bill
5046,2024-04-23,UK,Verified,Bank Verification
5047,2024-01-14,UK,Verified,Bank Verification
5048,2024-05-24,CA,Verified,Bank Verification
5049,2024-11-23,UK,Verified,Utility Bill
5050,2025-04-09,CA,Verified,Bank Verification
5051,2024-11-11,UK,Verified,Document Upload
5052,2024-05-02,CA,Verified,Document Upload
5053,2024-05-25,US,Verified,Document Upload
5054,2024-06-30,CA,Failed,Document Upload
5055,2024-01-15,CA,Pending,Document Upload
5056,2024-11-23,CA,Verified,Bank Verification
5057,2024-11-20,UK,Verified,Utility Bill
5058,2024-07-26,UK,Verified,Bank Verification
5059,2024-10-01,UK,Verified,Utility Bill
5060,2024-09-07,UK,Verified,Bank Verification
5061,2024-07-08,UK,Verified,Bank Verification
5062,2024-03-25,CA,Verified,Document Upload
5063,2025-03-10,UK,Verified,Document Upload
5064,2023-12-26,CA,Verified,Document Upload
5065,2024-11-24,UK,Verified,Bank Verification
5066,2024-12-08,CA,Pending,Bank Verification
5067,2024-10-20,UK,Verified,Utility Bill
5068,2025-04-30,US,Pending,Bank Verification
5069,2025-03-15,UK,Verified,Document Upload
5070,2024-11-25,US,Failed,Utility Bill
5071,2025-01-13,US,Verified,Document Upload
5072,2024-07-14,UK,Verified,Document Upload
5073,2024-07-04,UK,Pending,Document Upload
5074,2025-01-25,UK,Failed,Utility Bill
5075,2024-02-07,UK,Pending,Bank Verification
5076,2025-03-24,US,Verified,Document Upload
5077,2024-12-17,US,Failed,Document Upload
5078,2025-02-20,US,Verified,Utility Bill
5079,2024-05-04,CA,Verified,Utility Bill
5080,2024-02-23,UK,Verified,Utility Bill
5081,2024-01-05,UK,Verified,Document Upload
5082,2024-05-10,UK,Verified,Bank Verification
5083,2025-03-26,US,Verified,Document Upload
5084,2025-04-10,US,Verified,Document Upload
5085,2025-04-23,UK,Pending,Utility Bill
5086,2025-01-01,UK,Verified,Utility Bill
5087,2024-12-27,UK,Verified,Utility Bill
5088,2025-01-17,UK,Verified,Utility Bill
5089,2024-04-12,US,Verified,Bank Verification
5090,2025-04-17,US,Verified,Document Upload
5091,2025-02-25,US,Verified,Document Upload
5092,2024-02-28,UK,Verified,Bank Verification
5093,2024-04-17,UK,Failed,Bank Verification
5094,2025-01-07,CA,Failed,Utility Bill
5095,2024-08-21,CA,Verified,Bank Verification
5096,2024-08-03,UK,Verified,Utility Bill
5097,2024-03-15,CA,Verified,Utility Bill
5098,2024-11-15,US,Verified,Document Upload
5099,2024-10-28,UK,Verified,Utility Bill
5100,2025-05-12,UK,Verified,Bank Verification
5101,2025-05-09,UK,Verified,Bank Verification
5102,2025-05-31,CA,Failed,Utility Bill
5103,2024-07-15,CA,Verified,Utility Bill
5104,2024-05-21,UK,Verified,Bank Verification
5105,2024-10-10,UK,Verified,Bank Verification
5106,2024-06-28,UK,Pending,Bank Verification
5107,2023-12-18,US,Verified,Bank Verification
5108,2024-09-13,US,Pending,Document Upload
5109,2024-08-27,UK,Pending,Bank Verification
5110,2025-03-11,CA,Verified,Utility Bill
5111,2024-02-02,CA,Verified,Document Upload
5112,2024-12-08,UK,Verified,Document Upload
5113,2024-05-17,CA,Failed,Utility Bill
5114,2024-09-05,US,Verified,Document Upload
5115,2023-12-05,UK,Verified,Document Upload
5116,2025-02-17,UK,Verified,Document Upload
5117,2025-01-01,CA,Verified,Document Upload
5118,2024-07-27,CA,Verified,Document Upload
5119,2025-03-16,UK,Verified,Utility Bill
5120,2024-02-28,US,Verified,Bank Verification
5121,2024-01-20,CA,Failed,Utility Bill
5122,2025-03-11,UK,Pending,Document Upload
5123,2024-05-22,CA,Verified,Bank Verification
5124,2024-01-07,UK,Verified,Document Upload
5125,2024-12-12,US,Pending,Document Upload
5126,2024-09-04,UK,Failed,Document Upload
5127,2024-04-28,UK,Failed,Document Upload
5128,2023-12-11,US,Failed,Utility Bill
5129,2025-03-27,UK,Pending,Document Upload
5130,2023-12-17,Unknown,Verified,Bank Verification
5131,2024-01-01,UK,Failed,Document Upload
5132,2025-05-15,UK,Verified,Document Upload
5133,2024-02-13,CA,Pending,Document Upload
5134,2024-05-28,CA,Verified,Document Upload
5135,2024-04-03,US,Pending,Bank Verification
5136,2025-02-02,UK,Verified,Utility Bill
5137,2024-05-19,UK,Verified,Document Upload
5138,2024-07-02,UK,Verified,Utility Bill
5139,2025-05-20,CA,Verified,Document Upload
5140,2024-01-30,CA,Verified,Utility Bill
5141,2024-06-30,CA,Verified,Document Upload
5142,2024-10-02,US,Verified,Utility Bill
5143,2025-05-05,UK,Verified,Utility Bill
5144,2024-06-13,UK,Verified,Document Upload
5145,2024-11-01,CA,Pending,Bank Verification
5146,2024-06-05,UK,Failed,Bank Verification
5147,2024-06-15,UK,Verified,Bank Verification
5148,2025-03-05,UK,Pending,Utility Bill
5149,2024-07-29,UK,Verified,Document Upload
5150,2024-10-21,US,Verified,Bank Verification
5151,2024-02-28,CA,Verified,Utility Bill
5152,2025-01-06,CA,Verified,Document Upload
5153,2025-01-04,CA,Verified,Bank Verification
5154,2024-09-18,UK,Verified,Document Upload
5155,2025-01-29,UK,Verified,Bank Verification
5156,2024-04-12,UK,Failed,Document Upload
5157,2024-03-01,US,Verified,Bank Verification
5158,2025-03-30,US,Verified,Document Upload
5159,2024-09-09,UK,Verified,Bank Verification
5160,2024-08-09,US,Verified,Document Upload
5161,2023-11-29,CA,Verified,Bank Verification
5162,2024-09-06,US,Verified,Bank Verification
5163,2025-01-25,CA,Verified,Bank Verification
5164,2024-11-13,UK,Verified,Bank Verification
5165,2025-05-24,CA,Pending,Document Upload
5166,2024-02-27,CA,Verified,Document Upload
5167,2024-03-19,UK,Pending,Bank Verification
5168,2024-12-03,US,Verified,Document Upload
5169,2025-05-06,CA,Verified,Bank Verification
5170,2024-03-22,CA,Pending,Bank Verification
5171,2025-05-11,CA,Verified,Utility Bill
5172,2025-05-11,UK,Verified,Utility Bill
5173,2025-06-03,US,Failed,Utility Bill
5174,2024-10-13,US,Verified,Bank Verification
5175,2024-04-15,UK,Pending,Bank Verification
5176,2025-04-19,CA,Verified,Document Upload
5177,2024-09-26,UK,Verified,Bank Verification
5178,2024-02-24,UK,Verified,Bank Verification
5179,2024-04-18,US,Verified,Bank Verification
5180,2024-06-07,UK,Verified,Utility Bill
5181,2025-01-17,UK,Verified,Bank Verification
5182,2025-02-19,UK,Verified,Utility Bill
5183,2024-11-20,US,Verified,Bank Verification
5184,2024-11-20,CA,Verified,Bank Verification
5185,2024-10-29,US,Verified,Bank Verification
5186,2025-04-09,UK,Pending,Utility Bill
5187,2025-03-25,US,Verified,Document Upload
5188,2024-02-02,UK,Verified,Utility Bill
5189,2023-12-29,UK,Verified,Document Upload
5190,2024-01-29,CA,Verified,Bank Verification
5191,2025-02-14,CA,Verified,Bank Verification
5192,2024-01-29,US,Verified,Document Upload
5193,2024-01-07,US,Failed,Utility Bill
5194,2024-07-10,UK,Verified,Document Upload
5195,2023-12-26,UK,Pending,Document Upload
5196,2025-01-21,UK,Pending,Bank Verification
5197,2024-11-25,CA,Verified,Document Upload
5198,2024-10-04,US,Verified,Bank Verification
5199,2024-08-01,US,Failed,Utility Bill
5200,2024-06-07,UK,Verified,Document Upload
5201,2024-06-03,US,Verified,Document Upload
5202,2024-10-21,CA,Verified,Document Upload
5203,2024-01-01,CA,Verified,Document Upload
5204,2025-05-18,UK,Verified,Document Upload
5205,2025-01-14,US,Verified,Bank Verification
5206,2024-08-25,UK,Verified,Bank Verification
5207,2024-01-19,US,Verified,Bank Verification
5208,2025-05-02,US,Verified,Document Upload
5209,2024-10-27,US,Failed,Utility Bill
5210,2025-02-07,UK,Verified,Document Upload
5211,2023-12-20,US,Verified,Utility Bill
5212,2024-03-12,UK,Verified,Bank Verification
5213,2024-08-12,CA,Failed,Utility Bill
5214,2024-07-06,UK,Verified,Document Upload
5215,2024-07-26,US,Pending,Document Upload
5216,2024-03-23,UK,Verified,Document Upload
5217,2023-12-18,US,Verified,Utility Bill
5218,2024-05-29,CA,Verified,Utility Bill
5219,2024-04-10,US,Verified,Document Upload
5220,2024-06-11,US,Verified,Bank Verification
5221,2023-12-13,US,Verified,Document Upload
5222,2025-01-31,UK,Pending,Utility Bill
5223,2024-11-06,UK,Verified,Document Upload
5224,2024-05-13,CA,Pending,Document Upload
5225,2024-10-25,US,Verified,Utility Bill
5226,2025-04-10,CA,Verified,Bank Verification
5227,2024-05-01,US,Verified,Document Upload
5228,2025-06-10,UK,Verified,Utility Bill
5229,2025-05-05,US,Verified,Document Upload
5230,2024-12-09,CA,Verified,Document Upload
5231,2023-12-06,US,Verified,Document Upload
5232,2025-03-23,UK,Verified,Bank Verification
5233,2024-01-17,US,Verified,Bank Verification
5234,2024-05-20,UK,Failed,Utility Bill
5235,2024-07-11,US,Verified,Utility Bill
5236,2025-01-09,US,Pending,Document Upload
5237,2025-03-09,UK,Verified,Document Upload
5238,2025-06-01,US,Verified,Bank Verification
5239,2024-12-04,UK,Verified,Bank Verification
5240,2024-04-04,US,Verified,Bank Verification
5241,2024-01-05,UK,Verified,Document Upload
5242,2024-01-05,UK,Verified,Bank Verification
5243,2025-04-25,US,Verified,Bank Verification
5244,2024-05-11,US,Verified,Bank Verification
5245,2024-11-16,US,Verified,Utility Bill
5246,2023-12-24,UK,Failed,Utility Bill
5247,2025-04-02,UK,Verified,Document Upload
5248,2024-03-31,US,Verified,Bank Verification
5249,2025-01-04,UK,Verified,Document Upload
5250,2024-01-08,US,Verified,Bank Verification
5251,2025-05-16,US,Verified,Document Upload
5252,2024-06-02,US,Failed,Utility Bill
5253,2024-08-18,UK,Failed,Utility Bill
5254,2024-03-30,CA,Failed,Bank Verification
5255,2025-01-16,UK,Verified,Document Upload
5256,2024-03-24,CA,Pending,Document Upload
5257,2024-09-18,CA,Verified,Document Upload
5258,2025-04-15,Unknown,Verified,Bank Verification
5259,2025-06-16,US,Verified,Document Upload
5260,2024-12-20,UK,Failed,Utility Bill
5261,2025-01-16,UK,Verified,Document Upload
5262,2024-07-04,UK,Verified,Document Upload
5263,2024-01-14,US,Failed,Utility Bill
5264,2024-12-19,UK,Verified,Bank Verification
5265,2024-04-26,CA,Verified,Utility Bill
5266,2024-02-09,US,Verified,Document Upload
5267,2024-12-14,CA,Pending,Bank Verification
5268,2025-05-21,CA,Verified,Bank Verification
5269,2024-03-08,CA,Failed,Utility Bill
5270,2025-04-09,US,Pending,Document Upload
5271,2023-12-25,CA,Pending,Bank Verification
5272,2024-12-16,UK,Verified,Utility Bill
5273,2024-10-23,UK,Pending,Document Upload
5274,2024-12-07,US,Verified,Document Upload
5275,2023-12-13,US,Verified,Document Upload
5276,2024-03-03,UK,Verified,Document Upload
5277,2024-03-16,US,Verified,Document Upload
5278,2025-06-12,CA,Verified,Bank Verification
5279,2025-01-21,US,Verified,Document Upload
5280,2024-03-06,UK,Verified,Utility Bill
5281,2024-08-20,UK,Verified,Document Upload
5282,2023-12-14,US,Verified,Bank Verification
5283,2024-12-17,US,Failed,Utility Bill
5284,2025-05-23,US,Pending,Utility Bill
5285,2024-12-09,CA,Failed,Utility Bill
5286,2023-12-26,US,Verified,Document Upload
5287,2024-05-16,UK,Pending,Document Upload
5288,2024-06-09,CA,Verified,Document Upload
5289,2024-11-14,UK,Pending,Utility Bill
5290,2025-04-06,UK,Failed,Document Upload
5291,2024-12-09,US,Verified,Document Upload
5292,2024-03-04,UK,Verified,Utility Bill
5293,2024-09-19,UK,Pending,Document Upload
5294,2025-04-14,UK,Verified,Document Upload
5295,2024-04-27,UK,Pending,Document Upload
5296,2024-11-14,UK,Pending,Document Upload
5297,2024-12-02,CA,Verified,Bank Verification
5298,2025-02-04,UK,Verified,Document Upload
5299,2024-09-13,UK,Verified,Document Upload
5300,2024-11-13,UK,Failed,Utility Bill
5301,2025-03-16,CA,Verified,Bank Verification
5302,2025-03-29,UK,Failed,Utility Bill
5303,2024-11-27,US,Verified,Document Upload
5304,2024-11-17,UK,Failed,Document Upload
5305,2024-12-15,US,Failed,Utility Bill
5306,2024-07-31,UK,Verified,Document Upload
5307,2024-09-28,US,Verified,Document Upload
5308,2024-09-29,UK,Verified,Document Upload
5309,2025-01-01,UK,Failed,Utility Bill
5310,2024-08-27,US,Verified,Utility Bill
5311,2024-07-01,UK,Verified,Bank Verification
5312,2024-01-28,UK,Verified,Document Upload
5313,2025-01-12,UK,Pending,Document Upload
5314,2024-02-21,UK,Verified,Utility Bill
5315,2024-08-04,CA,Verified,Bank Verification
5316,2025-04-17,UK,Verified,Bank Verification
5317,2025-05-24,UK,Verified,Bank Verification
5318,2024-04-28,UK,Verified,Bank Verification
5319,2024-02-10,US,Verified,Bank Verification
5320,2024-03-24,US,Failed,Utility Bill
5321,2025-05-28,US,Pending,Bank Verification
5322,2024-01-19,UK,Verified,Document Upload
5323,2025-02-14,UK,Verified,Utility Bill
5324,2024-11-09,UK,Verified,Document Upload
5325,2024-08-26,UK,Verified,Document Upload
5326,2024-01-11,US,Verified,Bank Verification
5327,2024-03-20,UK,Pending,Bank Verification
5328,2024-08-07,UK,Verified,Utility Bill
5329,2025-02-22,US,Verified,Document Upload
5330,2024-09-26,UK,Verified,Document Upload
5331,2025-04-21,US,Pending,Bank Verification
5332,2024-09-04,UK,Verified,Document Upload
5333,2024-03-21,US,Verified,Document Upload
5334,2024-10-28,CA,Failed,Document Upload
5335,2025-04-30,UK,Failed,Utility Bill
5336,2024-05-23,UK,Verified,Bank Verification
5337,2025-06-14,UK,Pending,Utility Bill
5338,2024-08-21,CA,Failed,Utility Bill
5339,2024-03-26,UK,Verified,Bank Verification
5340,2024-02-06,UK,Verified,Utility Bill
5341,2025-03-03,US,Verified,Bank Verification
5342,2024-09-26,CA,Verified,Bank Verification
5343,2024-10-03,UK,Verified,Utility Bill
5344,2025-05-22,US,Verified,Utility Bill
5345,2024-03-14,US,Pending,Utility Bill
5346,2025-03-23,CA,Verified,Document Upload
5347,2025-04-29,US,Verified,Document Upload
5348,2024-10-28,UK,Verified,Bank Verification
5349,2024-07-15,UK,Verified,Document Upload
5350,2024-09-25,UK,Pending,Document Upload
5351,2025-01-01,UK,Verified,Document Upload
5352,2024-03-14,US,Verified,Document Upload
5353,2024-07-23,CA,Verified,Document Upload
5354,2024-07-19,US,Verified,Bank Verification
5355,2025-05-18,US,Verified,Utility Bill
5356,2025-03-16,CA,Verified,Bank Verification
5357,2024-06-27,CA,Verified,Bank Verification
5358,2024-12-30,UK,Verified,Document Upload
5359,2024-10-07,UK,Verified,Document Upload
5360,2024-08-19,UK,Verified,Document Upload
5361,2024-03-12,US,Verified,Document Upload
5362,2024-03-25,UK,Verified,Bank Verification
5363,2024-09-14,CA,Verified,Document Upload
5364,2024-05-12,CA,Verified,Bank Verification
5365,2024-10-19,US,Verified,Document Upload
5366,2024-06-21,UK,Pending,Bank Verification
5367,2024-08-05,US,Verified,Utility Bill
5368,2025-01-26,UK,Verified,Bank Verification
5369,2025-05-27,US,Verified,Document Upload
5370,2024-07-30,US,Verified,Utility Bill
5371,2024-02-24,US,Verified,Document Upload
5372,2025-02-01,UK,Failed,Utility Bill
5373,2024-06-09,UK,Verified,Bank Verification
5374,2025-05-14,CA,Failed,Utility Bill
5375,2024-11-23,UK,Verified,Bank Verification
5376,2024-04-14,UK,Verified,Bank Verification
5377,2024-04-11,UK,Verified,Document Upload
5378,2024-06-15,US,Verified,Bank Verification
5379,2024-12-13,UK,Verified,Document Upload
5380,2023-12-05,UK,Verified,Document Upload
5381,2024-11-19,CA,Verified,Bank Verification
5382,2024-04-21,UK,Verified,Document Upload
5383,2024-09-03,CA,Pending,Bank Verification
5384,2025-01-28,UK,Verified,Bank Verification
5385,2024-02-20,CA,Verified,Utility Bill
5386,2025-06-05,UK,Verified,Document Upload
5387,2024-10-29,UK,Verified,Bank Verification
5388,2024-10-18,UK,Verified,Document Upload
5389,2024-05-25,UK,Verified,Document Upload
5390,2024-12-09,UK,Verified,Bank Verification
5391,2024-07-03,UK,Verified,Document Upload
5392,2024-08-31,US,Verified,Bank Verification
5393,2024-12-09,UK,Verified,Document Upload
5394,2024-11-19,US,Verified,Bank Verification
5395,2024-01-12,US,Verified,Document Upload
5396,2025-05-24,UK,Pending,Bank Verification
5397,2024-02-06,UK,Verified,Bank Verification
5398,2025-05-12,UK,Pending,Utility Bill
5399,2024-07-17,US,Verified,Document Upload
5400,2024-11-28,UK,Pending,Document Upload
5401,2024-11-29,UK,Verified,Document Upload
5402,2024-07-20,UK,Verified,Document Upload
5403,2023-12-03,UK,Verified,Utility Bill
5404,2025-03-12,UK,Verified,Utility Bill
5405,2024-02-13,UK,Pending,Document Upload
5406,2025-03-10,UK,Verified,Document Upload
5407,2024-08-27,CA,Verified,Bank Verification
5408,2025-02-08,CA,Failed,Bank Verification
5409,2024-02-21,CA,Verified,Bank Verification
5410,2024-04-24,CA,Verified,Bank Verification
5411,2023-12-24,UK,Verified,Document Upload
5412,2024-04-11,US,Pending,Bank Verification
5413,2024-07-08,UK,Verified,Document Upload
5414,2024-09-16,UK,Pending,Document Upload
5415,2025-04-21,US,Verified,Document Upload
5416,2025-05-20,UK,Verified,Bank Verification
5417,2024-02-05,US,Pending,Bank Verification
5418,2024-01-01,UK,Verified,Bank Verification
5419,2023-12-24,UK,Verified,Utility Bill
5420,2024-02-11,CA,Verified,Bank Verification
5421,2024-07-29,UK,Verified,Document Upload
5422,2024-12-31,UK,Failed,Bank Verification
5423,2025-05-13,UK,Failed,Utility Bill
5424,2025-06-16,US,Pending,Utility Bill
5425,2025-04-07,US,Verified,Document Upload
5426,2024-09-13,US,Verified,Utility Bill
5427,2025-02-15,UK,Verified,Document Upload
5428,2025-03-17,US,Verified,Utility Bill
5429,2024-12-27,CA,Verified,Bank Verification
5430,2024-11-16,UK,Verified,Document Upload
5431,2024-07-12,UK,Failed,Bank Verification
5432,2024-11-05,UK,Verified,Bank Verification
5433,2024-01-16,UK,Verified,Document Upload
5434,2024-12-25,UK,Verified,Bank Verification
5435,2025-01-04,US,Verified,Document Upload
5436,2024-01-17,UK,Verified,Bank Verification
5437,2025-03-20,UK,Verified,Bank Verification
5438,2024-11-10,CA,Verified,Document Upload
5439,2024-05-01,UK,Failed,Utility Bill
5440,2025-04-18,US,Verified,Utility Bill
5441,2024-07-31,CA,Pending,Utility Bill
5442,2024-07-28,UK,Verified,Utility Bill
5443,2024-05-12,CA,Verified,Document Upload
5444,2024-01-31,UK,Verified,Document Upload
5445,2024-03-27,UK,Verified,Document Upload
5446,2025-02-09,UK,Verified,Document Upload
5447,2024-09-15,UK,Verified,Document Upload
5448,2024-09-04,CA,Verified,Bank Verification
5449,2025-01-24,US,Verified,Document Upload
5450,2024-11-17,UK,Failed,Utility Bill
5451,2024-05-12,UK,Verified,Utility Bill
5452,2024-05-31,UK,Verified,Document Upload
5453,2024-09-24,US,Verified,Document Upload
5454,2024-12-24,CA,Verified,Bank Verification
5455,2024-08-30,US,Failed,Utility Bill
5456,2025-01-26,US,Verified,Document Upload
5457,2024-12-21,US,Failed,Utility Bill
5458,2023-12-21,UK,Verified,Document Upload
5459,2024-09-23,US,Verified,Bank Verification
5460,2024-03-08,CA,Verified,Document Upload
5461,2024-05-25,UK,Verified,Document Upload
5462,2024-05-16,CA,Verified,Bank Verification
5463,2025-04-14,CA,Verified,Document Upload
5464,2024-06-11,CA,Pending,Utility Bill
5465,2024-04-05,CA,Verified,Document Upload
5466,2024-01-05,US,Verified,Document Upload
5467,2024-07-15,UK,Pending,Bank Verification
5468,2025-05-19,UK,Verified,Utility Bill
5469,2024-01-04,CA,Verified,Document Upload
5470,2024-10-12,US,Verified,Document Upload
5471,2023-12-22,UK,Verified,Document Upload
5472,2024-06-30,CA,Verified,Bank Verification
5473,2024-11-19,US,Verified,Document Upload
5474,2025-04-08,US,Verified,Utility Bill
5475,2025-05-14,UK,Failed,Utility Bill
5476,2023-12-01,UK,Verified,Utility Bill
5477,2024-08-10,US,Verified,Document Upload
5478,2024-05-25,US,Verified,Document Upload
5479,2024-12-05,UK,Verified,Utility Bill
5480,2024-04-14,UK,Verified,Bank Verification
5481,2025-02-02,CA,Verified,Document Upload
5482,2023-12-18,US,Verified,Bank Verification
5483,2025-03-30,UK,Verified,Utility Bill
5484,2024-07-26,UK,Failed,Utility Bill
5485,2025-04-20,UK,Failed,Utility Bill
5486,2024-01-17,US,Verified,Bank Verification
5487,2024-05-06,UK,Failed,Document Upload
5488,2024-11-20,US,Verified,Bank Verification
5489,2024-08-06,US,Pending,Document Upload
5490,2024-01-12,US,Failed,Utility Bill
5491,2025-01-25,UK,Verified,Bank Verification
5492,2024-09-04,UK,Verified,Document Upload
5493,2025-02-13,CA,Verified,Document Upload
5494,2024-04-05,UK,Verified,Document Upload
5495,2024-09-25,UK,Pending,Utility Bill
5496,2025-01-17,CA,Failed,Utility Bill
5497,2024-06-15,UK,Verified,Utility Bill
5498,2024-09-22,CA,Verified,Document Upload
5499,2025-03-13,UK,Pending,Document Upload
5500,2024-08-07,UK,Verified,Document Upload
5501,2024-07-22,US,Failed,Document Upload
5502,2024-08-31,US,Verified,Document Upload
5503,2024-05-15,US,Verified,Bank Verification
5504,2024-01-11,US,Verified,Document Upload
5505,2025-06-02,US,Verified,Utility Bill
5506,2024-10-03,US,Pending,Document Upload
5507,2023-12-07,US,Verified,Bank Verification
5508,2024-02-07,UK,Verified,Document Upload
5509,2023-12-30,UK,Pending,Bank Verification
5510,2025-04-18,CA,Verified,Document Upload
5511,2024-12-22,UK,Verified,Bank Verification
5512,2025-02-21,US,Verified,Utility Bill
5513,2024-12-29,US,Verified,Utility Bill
5514,2025-03-12,UK,Verified,Utility Bill
5515,2023-12-18,UK,Verified,Bank Verification
5516,2025-03-08,UK,Verified,Document Upload
5517,2024-09-03,UK,Failed,Document Upload
5518,2024-07-22,US,Failed,Utility Bill
5519,2024-06-21,CA,Verified,Utility Bill
5520,2025-04-23,US,Pending,Bank Verification
5521,2025-02-26,US,Verified,Document Upload
5522,2024-06-02,UK,Verified,Document Upload
5523,2024-09-15,US,Pending,Document Upload
5524,2024-02-10,UK,Verified,Utility Bill
5525,2025-03-28,UK,Verified,Document Upload
5526,2024-01-12,UK,Verified,Bank Verification
5527,2024-12-03,UK,Verified,Utility Bill
5528,2025-05-20,UK,Failed,Utility Bill
5529,2024-08-16,US,Verified,Utility Bill
5530,2025-01-31,UK,Verified,Document Upload
5531,2025-06-16,UK,Verified,Document Upload
5532,2024-10-12,US,Verified,Bank Verification
5533,2025-03-19,US,Verified,Document Upload
5534,2025-06-12,US,Verified,Document Upload
5535,2024-12-22,US,Verified,Document Upload
5536,2024-06-01,US,Pending,Utility Bill
5537,2025-03-18,UK,Failed,Utility Bill
5538,2024-10-04,UK,Verified,Bank Verification
5539,2024-06-27,UK,Verified,Bank Verification
5540,2024-10-20,UK,Verified,Document Upload
5541,2025-02-06,UK,Verified,Document Upload
5542,2025-03-24,UK,Failed,Bank Verification
5543,2024-09-06,US,Verified,Document Upload
5544,2025-05-12,CA,Verified,Utility Bill
5545,2024-01-06,CA,Failed,Bank Verification
5546,2024-02-03,CA,Verified,Utility Bill
5547,2024-05-24,CA,Verified,Utility Bill
5548,2024-07-14,UK,Verified,Document Upload
5549,2025-04-02,UK,Verified,Bank Verification
5550,2024-12-05,US,Verified,Bank Verification
5551,2025-04-01,UK,Verified,Document Upload
5552,2024-02-05,CA,Verified,Bank Verification
5553,2025-03-10,UK,Verified,Bank Verification
5554,2025-04-15,UK,Verified,Document Upload
5555,2024-12-25,US,Verified,Document Upload
5556,2024-11-06,US,Verified,Bank Verification
5557,2024-11-30,UK,Pending,Bank Verification
5558,2025-05-10,UK,Verified,Utility Bill
5559,2024-12-06,UK,Verified,Document Upload
5560,2024-03-25,US,Verified,Document Upload
5561,2024-09-03,UK,Verified,Bank Verification
5562,2024-02-03,US,Verified,Utility Bill
5563,2024-05-25,US,Verified,Bank Verification
5564,2025-01-09,UK,Verified,Bank Verification
5565,2025-03-26,CA,Verified,Document Upload
5566,2024-03-11,CA,Verified,Bank Verification
5567,2024-04-26,UK,Pending,Document Upload
5568,2023-12-26,US,Failed,Utility Bill
5569,2024-02-28,UK,Pending,Bank Verification
5570,2025-02-09,UK,Verified,Bank Verification
5571,2024-09-15,UK,Pending,Utility Bill
5572,2023-12-18,UK,Verified,Document Upload
5573,2023-12-18,UK,Verified,Document Upload
5574,2024-12-11,UK,Verified,Utility Bill
5575,2024-12-19,US,Failed,Utility Bill
5576,2024-05-13,UK,Verified,Document Upload
5577,2024-06-17,CA,Failed,Utility Bill
5578,2024-08-19,CA,Failed,Utility Bill
5579,2025-04-11,UK,Pending,Document Upload
5580,2024-12-03,UK,Verified,Document Upload
5581,2024-11-11,UK,Verified,Document Upload
5582,2024-07-13,US,Verified,Utility Bill
5583,2024-02-24,UK,Pending,Utility Bill
5584,2025-06-20,UK,Verified,Document Upload
5585,2023-11-29,UK,Failed,Utility Bill
5586,2024-09-08,UK,Verified,Document Upload
5587,2024-08-10,CA,Verified,Document Upload
5588,2024-09-09,UK,Verified,Bank Verification
5589,2024-10-11,UK,Verified,Document Upload
5590,2024-06-24,CA,Failed,Bank Verification
5591,2024-10-29,CA,Verified,Document Upload
5592,2024-04-10,UK,Verified,Document Upload
5593,2025-04-27,US,Verified,Document Upload
5594,2024-02-05,UK,Pending,Utility Bill
5595,2024-12-23,UK,Pending,Document Upload
5596,2024-03-20,UK,Verified,Document Upload
5597,2024-08-28,US,Verified,Utility Bill
5598,2024-02-10,CA,Verified,Document Upload
5599,2025-05-01,US,Verified,Document Upload
5600,2024-11-19,US,Verified,Document Upload
5601,2025-02-19,US,Verified,Bank Verification
5602,2025-04-21,UK,Verified,Utility Bill
5603,2025-05-12,US,Verified,Bank Verification
5604,2024-06-15,US,Verified,Utility Bill
5605,2024-09-03,UK,Failed,Document Upload
5606,2025-05-26,UK,Verified,Bank Verification
5607,2024-12-21,US,Verified,Bank Verification
5608,2023-12-24,UK,Verified,Document Upload
5609,2024-05-15,UK,Failed,Utility Bill
5610,2024-09-19,CA,Verified,Document Upload
5611,2024-08-25,UK,Verified,Bank Verification
5612,2025-01-25,US,Verified,Bank Verification
5613,2025-04-07,UK,Failed,Utility Bill
5614,2025-06-03,CA,Verified,Utility Bill
5615,2024-12-19,US,Verified,Document Upload
5616,2024-02-26,CA,Verified,Document Upload
5617,2024-12-29,US,Verified,Bank Verification
5618,2024-03-02,UK,Pending,Bank Verification
5619,2023-12-11,UK,Verified,Utility Bill
5620,2025-04-05,UK,Verified,Document Upload
5621,2024-10-27,US,Failed,Utility Bill
5622,2024-04-06,UK,Pending,Bank Verification
5623,2025-01-17,UK,Verified,Document Upload
5624,2025-05-02,CA,Verified,Document Upload
5625,2024-11-30,UK,Verified,Document Upload
5626,2024-05-20,UK,Verified,Document Upload
5627,2025-05-26,US,Pending,Utility Bill
5628,2024-08-21,US,Verified,Bank Verification
5629,2024-02-06,US,Verified,Bank Verification
5630,2024-06-20,UK,Verified,Bank Verification
5631,2024-01-25,CA,Verified,Document Upload
5632,2025-04-03,US,Verified,Document Upload
5633,2024-05-30,UK,Pending,Document Upload
5634,2024-03-26,UK,Verified,Bank Verification
5635,2025-03-29,UK,Failed,Bank Verification
5636,2024-03-29,UK,Verified,Document Upload
5637,2024-02-01,CA,Verified,Document Upload
5638,2024-02-27,US,Verified,Document Upload
5639,2023-12-25,US,Verified,Bank Verification
5640,2024-11-03,US,Verified,Bank Verification
5641,2025-03-26,CA,Pending,Bank Verification
5642,2025-01-24,US,Verified,Document Upload
5643,2024-02-26,UK,Verified,Document Upload
5644,2024-08-11,UK,Pending,Utility Bill
5645,2023-12-07,UK,Verified,Bank Verification
5646,2024-05-18,UK,Verified,Bank Verification
5647,2025-05-31,UK,Verified,Document Upload
5648,2024-04-13,UK,Verified,Document Upload
5649,2025-05-29,UK,Verified,Document Upload
5650,2024-10-08,US,Verified,Document Upload
5651,2024-05-20,US,Verified,Utility Bill
5652,2024-07-08,US,Verified,Document Upload
5653,2024-11-14,US,Pending,Utility Bill
5654,2024-06-17,UK,Pending,Document Upload
5655,2024-05-04,US,Verified,Document Upload
5656,2024-07-18,US,Failed,Utility Bill
5657,2024-12-13,UK,Verified,Utility Bill
5658,2024-05-07,UK,Verified,Bank Verification
5659,2024-04-17,UK,Verified,Bank Verification
5660,2024-12-26,CA,Verified,Document Upload
5661,2024-04-02,UK,Verified,Bank Verification
5662,2025-02-07,CA,Verified,Document Upload
5663,2023-12-15,US,Verified,Bank Verification
5664,2025-01-07,US,Verified,Bank Verification
5665,2024-07-08,US,Verified,Document Upload
5666,2024-03-26,CA,Pending,Bank Verification
5667,2025-04-01,UK,Verified,Bank Verification
5668,2023-12-16,CA,Verified,Document Upload
5669,2024-11-28,CA,Verified,Document Upload
5670,2024-12-21,CA,Verified,Bank Verification
5671,2024-07-20,UK,Verified,Bank Verification
5672,2024-06-13,US,Failed,Utility Bill
5673,2024-01-26,UK,Verified,Bank Verification
5674,2024-07-24,UK,Verified,Document Upload
5675,2024-10-05,UK,Failed,Utility Bill
5676,2024-02-05,CA,Verified,Document Upload
5677,2025-05-18,US,Verified,Document Upload
5678,2025-06-12,CA,Verified,Bank Verification
5679,2024-10-20,US,Verified,Utility Bill
5680,2024-07-01,UK,Pending,Document Upload
5681,2024-05-28,CA,Verified,Document Upload
5682,2024-02-11,UK,Verified,Document Upload
5683,2025-01-28,UK,Verified,Document Upload
5684,2023-12-18,UK,Verified,Document Upload
5685,2024-08-26,US,Failed,Utility Bill
5686,2024-10-26,UK,Failed,Bank Verification
5687,2024-06-03,US,Verified,Bank Verification
5688,2024-09-19,CA,Failed,Bank Verification
5689,2024-02-02,CA,Verified,Utility Bill
5690,2024-02-28,UK,Verified,Bank Verification
5691,2023-12-18,UK,Verified,Document Upload
5692,2024-01-05,UK,Verified,Document Upload
5693,2024-02-18,UK,Pending,Utility Bill
5694,2025-02-06,CA,Verified,Document Upload
5695,2024-05-04,US,Failed,Utility Bill
5696,2024-01-31,UK,Verified,Document Upload
5697,2025-03-31,UK,Verified,Document Upload
5698,2025-04-13,UK,Failed,Document Upload
5699,2024-03-24,CA,Verified,Document Upload
5700,2025-05-22,UK,Verified,Bank Verification
5701,2024-03-24,UK,Failed,Utility Bill
5702,2025-06-02,UK,Verified,Bank Verification
5703,2024-01-15,US,Verified,Document Upload
5704,2025-05-09,UK,Failed,Utility Bill
5705,2025-05-26,UK,Verified,Document Upload
5706,2025-04-27,UK,Verified,Document Upload
5707,2024-03-20,UK,Failed,Utility Bill
5708,2025-02-07,UK,Failed,Utility Bill
5709,2024-03-18,UK,Failed,Utility Bill
5710,2025-01-07,UK,Verified,Bank Verification
5711,2024-04-21,UK,Verified,Document Upload
5712,2023-12-16,UK,Verified,Utility Bill
5713,2025-02-18,UK,Verified,Document Upload
5714,2024-03-20,UK,Verified,Bank Verification
5715,2025-02-07,CA,Verified,Bank Verification
5716,2025-04-22,US,Verified,Document Upload
5717,2024-06-21,US,Verified,Document Upload
5718,2025-03-03,UK,Verified,Document Upload
5719,2025-04-30,UK,Verified,Bank Verification
5720,2024-05-21,UK,Failed,Utility Bill
5721,2024-12-19,UK,Verified,Bank Verification
5722,2024-07-13,US,Verified,Document Upload
5723,2024-03-19,UK,Failed,Bank Verification
5724,2024-10-09,UK,Verified,Document Upload
5725,2024-03-11,UK,Verified,Bank Verification
5726,2024-10-21,US,Verified,Utility Bill
5727,2024-03-02,US,Verified,Bank Verification
5728,2024-04-21,US,Verified,Bank Verification
5729,2024-04-21,UK,Verified,Utility Bill
5730,2024-09-13,CA,Verified,Bank Verification
5731,2024-03-22,US,Verified,Document Upload
5732,2024-05-06,US,Failed,Utility Bill
5733,2025-06-11,UK,Verified,Document Upload
5734,2025-06-14,CA,Verified,Bank Verification
5735,2024-04-29,UK,Pending,Document Upload
5736,2025-04-24,UK,Verified,Bank Verification
5737,2024-06-25,US,Verified,Document Upload
5738,2025-03-07,US,Verified,Bank Verification
5739,2023-12-16,UK,Verified,Bank Verification
5740,2024-07-18,UK,Pending,Bank Verification
5741,2025-02-03,UK,Failed,Document Upload
5742,2024-07-24,UK,Failed,Utility Bill
5743,2025-01-07,CA,Verified,Document Upload
5744,2024-02-11,UK,Verified,Utility Bill
5745,2024-02-11,US,Verified,Utility Bill
5746,2024-02-01,US,Verified,Document Upload
5747,2024-04-03,US,Verified,Utility Bill
5748,2024-03-17,CA,Failed,Utility Bill
5749,2024-08-05,UK,Failed,Document Upload
5750,2024-12-14,US,Verified,Document Upload
5751,2025-05-03,UK,Failed,Utility Bill
5752,2025-05-18,UK,Verified,Document Upload
5753,2024-06-11,UK,Failed,Document Upload
5754,2024-02-02,US,Verified,Utility Bill
5755,2024-06-23,US,Verified,Utility Bill
5756,2024-01-07,UK,Verified,Document Upload
5757,2025-04-04,CA,Verified,Document Upload
5758,2025-06-07,CA,Verified,Utility Bill
5759,2024-02-10,UK,Pending,Document Upload
5760,2025-06-18,US,Verified,Document Upload
5761,2023-12-28,UK,Verified,Document Upload
5762,2025-03-11,UK,Verified,Utility Bill
5763,2025-01-24,UK,Pending,Bank Verification
5764,2024-11-27,US,Verified,Utility Bill
5765,2024-07-01,UK,Failed,Bank Verification
5766,2024-05-14,CA,Pending,Document Upload
5767,2024-11-01,UK,Verified,Bank Verification
5768,2024-10-03,UK,Verified,Bank Verification
5769,2024-02-13,US,Verified,Document Upload
5770,2024-06-09,UK,Failed,Utility Bill
5771,2024-03-14,CA,Pending,Utility Bill
5772,2024-03-14,UK,Pending,Bank Verification
5773,2025-02-10,UK,Verified,Bank Verification
5774,2025-03-12,US,Failed,Document Upload
5775,2024-06-30,US,Failed,Bank Verification
5776,2024-12-26,US,Pending,Document Upload
5777,2024-08-31,UK,Verified,Utility Bill
5778,2023-12-15,CA,Verified,Utility Bill
5779,2024-04-04,US,Verified,Document Upload
5780,2024-08-16,US,Verified,Bank Verification
5781,2024-06-21,US,Verified,Document Upload
5782,2024-09-13,CA,Verified,Bank Verification
5783,2024-04-30,UK,Verified,Bank Verification
5784,2024-08-10,CA,Failed,Utility Bill
5785,2025-03-03,US,Verified,Utility Bill
5786,2024-08-13,UK,Verified,Document Upload
5787,2024-08-21,CA,Verified,Utility Bill
5788,2024-05-03,UK,Verified,Document Upload
5789,2024-04-02,UK,Verified,Document Upload
5790,2024-02-10,CA,Verified,Document Upload
5791,2024-01-05,UK,Verified,Document Upload
5792,2024-06-30,UK,Failed,Bank Verification
5793,2024-03-02,US,Pending,Bank Verification
5794,2024-06-26,UK,Verified,Utility Bill
5795,2025-03-14,UK,Failed,Utility Bill
5796,2024-07-26,UK,Verified,Document Upload
5797,2024-10-27,Unknown,Verified,Utility Bill
5798,2025-02-04,UK,Verified,Document Upload
5799,2025-06-10,CA,Verified,Bank Verification
5800,2024-04-11,UK,Verified,Bank Verification
5801,2025-03-04,CA,Verified,Bank Verification
5802,2025-02-28,US,Verified,Document Upload
5803,2025-06-05,CA,Failed,Document Upload
5804,2025-01-25,UK,Verified,Document Upload
5805,2024-05-20,CA,Verified,Document Upload
5806,2024-12-09,CA,Verified,Bank Verification
5807,2025-01-09,US,Verified,Document Upload
5808,2024-08-25,UK,Verified,Document Upload
5809,2024-06-29,US,Failed,Document Upload
5810,2024-03-11,US,Verified,Utility Bill
5811,2025-03-20,UK,Pending,Utility Bill
5812,2024-11-29,US,Pending,Document Upload
5813,2025-05-20,US,Verified,Document Upload
5814,2024-07-12,CA,Verified,Document Upload
5815,2024-04-02,US,Verified,Document Upload
5816,2024-10-15,UK,Verified,Document Upload
5817,2024-11-14,UK,Pending,Utility Bill
5818,2024-10-09,US,Verified,Bank Verification
5819,2025-01-26,UK,Verified,Utility Bill
5820,2023-12-18,UK,Verified,Document Upload
5821,2023-12-09,UK,Verified,Document Upload
5822,2024-06-16,UK,Verified,Bank Verification
5823,2025-04-22,US,Verified,Utility Bill
5824,2025-06-10,UK,Verified,Utility Bill
5825,2025-02-27,CA,Verified,Utility Bill
5826,2024-02-14,UK,Verified,Bank Verification
5827,2024-03-27,US,Failed,Bank Verification
5828,2024-09-08,UK,Pending,Bank Verification
5829,2024-09-28,UK,Verified,Bank Verification
5830,2023-12-19,UK,Verified,Document Upload
5831,2025-03-25,CA,Pending,Bank Verification
5832,2025-04-11,UK,Failed,Bank Verification
5833,2024-05-01,UK,Verified,Document Upload
5834,2023-12-22,UK,Verified,Bank Verification
5835,2024-11-04,UK,Verified,Utility Bill
5836,2024-06-12,UK,Verified,Document Upload
5837,2025-05-25,UK,Verified,Bank Verification
5838,2024-07-01,UK,Verified,Bank Verification
5839,2024-03-11,Unknown,Failed,Bank Verification
5840,2024-09-10,US,Verified,Bank Verification
5841,2024-12-16,CA,Verified,Bank Verification
5842,2023-12-17,UK,Verified,Bank Verification
5843,2024-04-11,UK,Verified,Document Upload
5844,2024-03-01,UK,Failed,Utility Bill
5845,2024-04-05,CA,Verified,Document Upload
5846,2024-08-26,US,Failed,Utility Bill
5847,2024-11-08,UK,Pending,Document Upload
5848,2024-11-19,US,Verified,Bank Verification
5849,2025-03-27,US,Pending,Utility Bill
5850,2024-11-11,UK,Verified,Utility Bill
5851,2024-05-15,UK,Verified,Document Upload
5852,2024-09-21,CA,Verified,Utility Bill
5853,2024-02-12,US,Verified,Bank Verification
5854,2025-03-10,US,Verified,Bank Verification
5855,2024-11-05,UK,Verified,Utility Bill
5856,2025-02-07,UK,Verified,Bank Verification
5857,2025-05-24,US,Verified,Bank Verification
5858,2024-06-08,Unknown,Failed,Utility Bill
5859,2024-08-04,US,Failed,Bank Verification
5860,2024-04-07,UK,Verified,Document Upload
5861,2024-01-31,US,Pending,Utility Bill
5862,2024-01-21,US,Failed,Utility Bill
5863,2025-05-06,UK,Pending,Document Upload
5864,2025-03-22,CA,Verified,Utility Bill
5865,2024-11-23,UK,Verified,Bank Verification
5866,2024-12-26,UK,Verified,Document Upload
5867,2025-02-22,UK,Verified,Utility Bill
5868,2025-03-07,UK,Verified,Bank Verification
5869,2024-11-28,UK,Verified,Bank Verification
5870,2024-06-29,CA,Verified,Bank Verification
5871,2023-12-23,CA,Verified,Utility Bill
5872,2024-12-30,UK,Verified,Bank Verification
5873,2024-01-01,US,Verified,Bank Verification
5874,2024-12-20,UK,Verified,Bank Verification
5875,2025-04-19,US,Verified,Document Upload
5876,2025-05-13,UK,Pending,Document Upload
5877,2024-08-15,UK,Verified,Utility Bill
5878,2024-04-06,CA,Verified,Document Upload
5879,2024-07-23,CA,Verified,Bank Verification
5880,2024-01-06,UK,Pending,Document Upload
5881,2024-03-22,UK,Verified,Bank Verification
5882,2025-04-04,UK,Pending,Utility Bill
5883,2024-07-10,UK,Verified,Document Upload
5884,2024-09-14,UK,Failed,Utility Bill
5885,2024-07-15,US,Verified,Utility Bill
5886,2024-03-30,UK,Verified,Document Upload
5887,2023-12-16,CA,Verified,Document Upload
5888,2024-02-11,UK,Verified,Document Upload
5889,2024-02-15,UK,Pending,Utility Bill
5890,2024-12-02,UK,Verified,Document Upload
5891,2024-03-05,CA,Failed,Bank Verification
5892,2025-05-17,UK,Verified,Document Upload
5893,2024-07-31,UK,Verified,Utility Bill
5894,2024-04-10,US,Verified,Document Upload
5895,2025-01-09,UK,Failed,Utility Bill
5896,2024-05-12,US,Verified,Bank Verification
5897,2023-12-01,US,Verified,Utility Bill
5898,2024-11-07,US,Pending,Bank Verification
5899,2024-02-10,US,Verified,Document Upload
5900,2023-12-08,UK,Verified,Utility Bill
5901,2024-01-03,US,Verified,Document Upload
5902,2024-05-08,UK,Verified,Document Upload
5903,2025-05-30,US,Verified,Document Upload
5904,2024-07-30,US,Verified,Document Upload
5905,2024-06-11,US,Verified,Document Upload
5906,2024-07-19,UK,Verified,Document Upload
5907,2024-10-09,CA,Verified,Document Upload
5908,2025-05-06,US,Failed,Utility Bill
5909,2025-02-11,UK,Verified,Document Upload
5910,2023-12-22,UK,Verified,Bank Verification
5911,2024-09-01,UK,Pending,Utility Bill
5912,2023-12-04,UK,Verified,Utility Bill
5913,2025-05-05,UK,Failed,Document Upload
5914,2025-03-19,UK,Pending,Document Upload
5915,2024-05-24,UK,Verified,Utility Bill
5916,2024-04-08,US,Failed,Utility Bill
5917,2024-06-04,UK,Failed,Utility Bill
5918,2024-07-25,CA,Verified,Document Upload
5919,2025-04-20,US,Pending,Document Upload
5920,2024-11-08,UK,Failed,Utility Bill
5921,2024-06-12,US,Verified,Utility Bill
5922,2024-07-19,UK,Pending,Document Upload
5923,2024-08-25,UK,Verified,Document Upload
5924,2025-04-12,UK,Verified,Document Upload
5925,2024-11-24,UK,Verified,Bank Verification
5926,2024-12-03,CA,Verified,Document Upload
5927,2025-06-10,UK,Verified,Document Upload
5928,2024-12-12,UK,Verified,Bank Verification
5929,2024-11-07,US,Verified,Document Upload
5930,2024-05-28,UK,Verified,Bank Verification
5931,2024-05-17,UK,Failed,Utility Bill
5932,2024-08-24,US,Failed,Utility Bill
5933,2025-03-08,UK,Failed,Utility Bill
5934,2025-06-06,CA,Failed,Document Upload
5935,2024-12-19,US,Failed,Utility Bill
5936,2025-01-07,US,Verified,Utility Bill
5937,2024-05-16,CA,Verified,Document Upload
5938,2024-11-14,UK,Verified,Bank Verification
5939,2023-12-06,CA,Verified,Bank Verification
5940,2024-11-26,CA,Verified,Bank Verification
5941,2025-03-04,CA,Verified,Document Upload
5942,2024-03-29,UK,Pending,Utility Bill
5943,2024-07-04,US,Verified,Utility Bill
5944,2024-03-05,US,Verified,Document Upload
5945,2025-03-26,US,Pending,Utility Bill
5946,2023-12-26,CA,Verified,Utility Bill
5947,2025-01-11,CA,Verified,Bank Verification
5948,2024-01-01,UK,Verified,Bank Verification
5949,2025-05-22,US,Failed,Utility Bill
5950,2024-09-15,CA,Failed,Bank Verification
5951,2024-06-17,UK,Pending,Utility Bill
5952,2024-08-06,US,Verified,Utility Bill
5953,2024-08-24,UK,Verified,Document Upload
5954,2024-07-12,UK,Verified,Utility Bill
5955,2025-06-02,UK,Failed,Document Upload
5956,2024-09-04,CA,Verified,Document Upload
5957,2024-05-11,UK,Verified,Bank Verification
5958,2025-05-30,US,Verified,Document Upload
5959,2025-03-03,UK,Verified,Document Upload
5960,2025-04-18,US,Verified,Bank Verification
5961,2024-08-21,UK,Verified,Bank Verification
5962,2024-03-24,US,Verified,Document Upload
5963,2024-11-01,US,Verified,Document Upload
5964,2024-04-17,CA,Verified,Utility Bill
5965,2024-05-27,UK,Verified,Bank Verification
5966,2024-12-25,UK,Failed,Bank Verification
5967,2024-02-22,CA,Verified,Document Upload
5968,2025-02-28,UK,Verified,Document Upload
5969,2024-10-04,US,Verified,Document Upload
5970,2024-07-31,UK,Failed,Utility Bill
5971,2025-01-25,CA,Pending,Utility Bill
5972,2024-02-23,UK,Pending,Utility Bill
5973,2025-04-21,CA,Failed,Utility Bill
5974,2025-05-20,CA,Failed,Bank Verification
5975,2024-11-29,US,Failed,Utility Bill
5976,2024-06-14,UK,Pending,Utility Bill
5977,2024-02-16,UK,Verified,Utility Bill
5978,2025-02-12,UK,Failed,Utility Bill
5979,2024-12-17,UK,Pending,Utility Bill
5980,2025-01-26,US,Verified,Document Upload
5981,2024-12-31,UK,Verified,Utility Bill
5982,2024-10-12,UK,Verified,Utility Bill
5983,2024-08-15,US,Verified,Bank Verification
5984,2025-03-19,UK,Verified,Bank Verification
5985,2025-02-07,CA,Verified,Utility Bill
5986,2024-04-22,UK,Pending,Utility Bill
5987,2024-06-07,UK,Pending,Document Upload
5988,2025-04-27,UK,Verified,Document Upload
5989,2024-07-14,US,Verified,Bank Verification
5990,2024-09-11,CA,Verified,Bank Verification
5991,2023-11-30,UK,Failed,Bank Verification
5992,2024-06-05,US,Pending,Bank Verification
5993,2024-01-09,US,Verified,Bank Verification
5994,2024-03-04,UK,Failed,Bank Verification
5995,2023-12-20,UK,Pending,Bank Verification
5996,2024-08-09,CA,Verified,Utility Bill
5997,2024-05-18,CA,Verified,Document Upload
5998,2025-04-08,UK,Verified,Document Upload
5999,2024-05-10,UK,Verified,Document Upload
6000,2024-03-17,US,Verified,Document Upload
6001,2025-04-03,US,Verified,Document Upload
6002,2024-01-02,US,Pending,Document Upload
6003,2023-12-30,US,Verified,Document Upload
6004,2025-06-03,UK,Verified,Bank Verification
6005,2024-01-11,CA,Pending,Bank Verification
6006,2024-01-16,UK,Verified,Bank Verification
6007,2024-03-21,UK,Pending,Document Upload
6008,2024-07-01,UK,Verified,Document Upload
6009,2024-09-18,UK,Verified,Document Upload
6010,2024-07-15,US,Verified,Document Upload
6011,2024-09-14,UK,Verified,Utility Bill
6012,2024-11-11,Unknown,Verified,Document Upload
6013,2024-02-09,US,Verified,Bank Verification
6014,2025-03-20,US,Verified,Bank Verification
6015,2024-05-09,CA,Verified,Utility Bill
6016,2024-07-13,UK,Verified,Document Upload
6017,2024-03-16,UK,Verified,Bank Verification
6018,2024-02-02,UK,Verified,Document Upload
6019,2024-07-20,UK,Failed,Bank Verification
6020,2025-06-07,UK,Verified,Document Upload
6021,2024-05-30,US,Pending,Bank Verification
6022,2024-08-08,UK,Verified,Document Upload
6023,2025-05-06,UK,Verified,Bank Verification
6024,2024-06-22,US,Verified,Utility Bill
6025,2024-09-19,UK,Pending,Utility Bill
6026,2024-01-14,UK,Verified,Utility Bill
6027,2024-01-20,US,Verified,Document Upload
6028,2025-06-12,CA,Verified,Utility Bill
6029,2024-03-03,UK,Verified,Document Upload
6030,2024-11-22,US,Verified,Document Upload
6031,2024-11-06,CA,Verified,Document Upload
6032,2025-04-09,UK,Pending,Document Upload
6033,2025-05-30,UK,Pending,Document Upload
6034,2024-12-25,UK,Verified,Document Upload
6035,2024-10-25,US,Verified,Bank Verification
6036,2024-01-20,UK,Verified,Bank Verification
6037,2024-05-31,US,Failed,Utility Bill
6038,2025-03-10,CA,Verified,Document Upload
6039,2024-11-30,UK,Verified,Document Upload
6040,2024-11-28,UK,Verified,Utility Bill
6041,2025-02-04,CA,Failed,Utility Bill
6042,2024-03-09,UK,Pending,Document Upload
6043,2024-09-13,UK,Verified,Bank Verification
6044,2024-04-19,CA,Failed,Utility Bill
6045,2024-04-13,US,Verified,Bank Verification
6046,2024-01-15,UK,Verified,Bank Verification
6047,2024-03-08,UK,Verified,Utility Bill
6048,2025-04-11,US,Verified,Utility Bill
6049,2024-01-27,UK,Verified,Utility Bill
6050,2025-05-11,UK,Verified,Utility Bill
6051,2024-11-10,CA,Failed,Bank Verification
6052,2025-02-14,US,Verified,Document Upload
6053,2024-02-16,CA,Verified,Document Upload
6054,2024-09-12,UK,Verified,Bank Verification
6055,2024-11-01,US,Verified,Document Upload
6056,2024-05-29,UK,Verified,Document Upload
6057,2024-07-02,CA,Verified,Document Upload
6058,2025-04-15,US,Verified,Document Upload
6059,2024-07-17,CA,Verified,Document Upload
6060,2024-06-28,UK,Failed,Utility Bill
6061,2024-11-29,US,Pending,Bank Verification
6062,2025-02-14,CA,Verified,Bank Verification
6063,2025-06-04,CA,Verified,Bank Verification
6064,2023-12-20,CA,Verified,Bank Verification
6065,2024-01-18,UK,Verified,Document Upload
6066,2024-08-08,CA,Verified,Bank Verification
6067,2024-03-08,UK,Failed,Utility Bill
6068,2025-04-02,UK,Verified,Bank Verification
6069,2025-04-10,CA,Verified,Bank Verification
6070,2024-03-03,UK,Verified,Utility Bill
6071,2024-09-19,CA,Verified,Document Upload
6072,2024-09-12,UK,Verified,Bank Verification
6073,2023-12-14,CA,Verified,Document Upload
6074,2024-04-08,UK,Verified,Document Upload
6075,2024-11-01,UK,Verified,Document Upload
6076,2024-08-15,US,Pending,Document Upload
6077,2024-10-20,US,Verified,Document Upload
6078,2024-02-02,UK,Pending,Document Upload
6079,2024-10-08,CA,Verified,Bank Verification
6080,2025-01-11,UK,Verified,Utility Bill
6081,2024-12-15,US,Pending,Bank Verification
6082,2023-12-16,CA,Verified,Document Upload
6083,2024-04-21,UK,Verified,Document Upload
6084,2025-06-10,UK,Verified,Document Upload
6085,2025-03-23,US,Verified,Document Upload
6086,2024-11-18,CA,Failed,Utility Bill
6087,2025-02-04,UK,Verified,Utility Bill
6088,2025-03-23,US,Pending,Utility Bill
6089,2025-03-09,US,Verified,Document Upload
6090,2023-12-06,US,Verified,Utility Bill
6091,2025-06-04,UK,Verified,Bank Verification
6092,2025-06-09,CA,Pending,Utility Bill
6093,2024-04-15,US,Verified,Document Upload
6094,2025-01-07,UK,Verified,Document Upload
6095,2024-05-16,UK,Failed,Document Upload
6096,2024-11-11,UK,Verified,Document Upload
6097,2025-05-02,US,Verified,Utility Bill
6098,2025-05-09,UK,Verified,Bank Verification
6099,2024-01-18,US,Verified,Document Upload
6100,2024-01-14,UK,Pending,Bank Verification
6101,2024-04-29,UK,Pending,Document Upload
6102,2024-04-07,CA,Pending,Bank Verification
6103,2024-01-28,UK,Verified,Bank Verification
6104,2024-08-18,UK,Verified,Document Upload
6105,2024-02-19,CA,Verified,Bank Verification
6106,2024-11-01,UK,Failed,Bank Verification
6107,2025-02-02,US,Verified,Bank Verification
6108,2025-03-02,CA,Verified,Document Upload
6109,2024-06-07,US,Verified,Document Upload
6110,2025-03-19,UK,Verified,Utility Bill
6111,2025-03-25,UK,Failed,Utility Bill
6112,2024-11-01,UK,Verified,Document Upload
6113,2024-12-01,CA,Verified,Document Upload
6114,2024-07-06,UK,Verified,Document Upload
6115,2024-03-08,UK,Verified,Bank Verification
6116,2024-02-20,US,Failed,Utility Bill
6117,2025-03-10,US,Verified,Bank Verification
6118,2025-02-02,US,Pending,Document Upload
6119,2025-03-12,UK,Verified,Document Upload
6120,2024-02-15,US,Verified,Document Upload
6121,2024-12-26,UK,Verified,Bank Verification
6122,2024-06-08,CA,Verified,Utility Bill
6123,2024-09-05,UK,Verified,Utility Bill
6124,2025-03-22,UK,Verified,Bank Verification
6125,2024-11-06,UK,Verified,Bank Verification
6126,2025-06-02,CA,Verified,Bank Verification
6127,2024-06-17,US,Verified,Document Upload
6128,2025-06-06,UK,Verified,Document Upload
6129,2025-02-08,US,Pending,Bank Verification
6130,2023-12-19,UK,Verified,Document Upload
6131,2024-04-12,UK,Verified,Document Upload
6132,2025-02-01,US,Pending,Document Upload
6133,2025-06-04,UK,Verified,Document Upload
6134,2025-05-14,UK,Failed,Utility Bill
6135,2024-09-13,UK,Verified,Bank Verification
6136,2024-06-10,UK,Pending,Bank Verification
6137,2025-04-14,UK,Verified,Bank Verification
6138,2025-01-14,US,Verified,Utility Bill
6139,2024-02-15,US,Pending,Bank Verification
6140,2023-12-31,CA,Pending,Document Upload
6141,2025-06-18,CA,Verified,Document Upload
6142,2024-06-07,UK,Verified,Document Upload
6143,2024-05-06,UK,Verified,Bank Verification
6144,2024-02-01,US,Verified,Utility Bill
6145,2024-03-11,UK,Verified,Utility Bill
6146,2024-06-15,UK,Pending,Document Upload
6147,2024-12-09,UK,Failed,Utility Bill
6148,2024-04-29,US,Verified,Bank Verification
6149,2025-02-09,UK,Verified,Document Upload
6150,2024-10-01,US,Verified,Document Upload
6151,2024-07-18,UK,Verified,Bank Verification
6152,2024-10-21,CA,Verified,Bank Verification
6153,2024-08-27,UK,Pending,Document Upload
6154,2024-04-01,CA,Pending,Document Upload
6155,2024-08-15,UK,Verified,Bank Verification
6156,2025-03-08,US,Verified,Document Upload
6157,2024-09-15,CA,Verified,Document Upload
6158,2025-05-14,US,Verified,Document Upload
6159,2025-01-29,CA,Failed,Utility Bill
6160,2024-01-18,UK,Verified,Bank Verification
6161,2024-04-20,UK,Pending,Bank Verification
6162,2024-11-14,US,Verified,Document Upload
6163,2024-12-06,UK,Pending,Bank Verification
6164,2024-08-06,CA,Verified,Bank Verification
6165,2024-01-10,UK,Pending,Bank Verification
6166,2024-11-07,UK,Verified,Bank Verification
6167,2024-12-03,US,Verified,Bank Verification
6168,2024-04-22,UK,Verified,Document Upload
6169,2024-06-10,UK,Verified,Utility Bill
6170,2024-04-04,UK,Pending,Bank Verification
6171,2025-03-23,UK,Verified,Utility Bill
6172,2025-03-08,CA,Verified,Bank Verification
6173,2025-03-20,CA,Verified,Document Upload
6174,2024-04-06,UK,Verified,Document Upload
6175,2024-03-25,UK,Verified,Utility Bill
6176,2024-12-21,CA,Failed,Utility Bill
6177,2023-12-26,US,Verified,Document Upload
6178,2024-07-31,UK,Verified,Bank Verification
6179,2024-05-25,UK,Verified,Document Upload
6180,2024-09-18,US,Verified,Bank Verification
6181,2024-05-20,UK,Verified,Bank Verification
6182,2024-02-24,UK,Verified,Bank Verification
6183,2024-04-27,UK,Verified,Document Upload
6184,2024-10-25,UK,Pending,Document Upload
6185,2025-03-10,CA,Pending,Utility Bill
6186,2024-03-07,CA,Failed,Utility Bill
6187,2024-04-06,UK,Verified,Bank Verification
6188,2024-01-01,US,Failed,Bank Verification
6189,2025-03-31,UK,Verified,Document Upload
6190,2024-07-28,UK,Verified,Bank Verification
6191,2025-05-30,UK,Verified,Bank Verification
6192,2024-03-12,UK,Pending,Bank Verification
6193,2024-05-01,UK,Verified,Document Upload
6194,2024-02-01,UK,Failed,Bank Verification
6195,2024-06-28,US,Verified,Bank Verification
6196,2025-02-10,US,Verified,Bank Verification
6197,2024-09-08,US,Verified,Document Upload
6198,2024-10-06,US,Verified,Document Upload
6199,2024-01-13,CA,Failed,Bank Verification
6200,2024-01-24,US,Verified,Bank Verification
6201,2024-11-12,US,Failed,Bank Verification
6202,2024-04-13,CA,Verified,Utility Bill
6203,2025-03-18,UK,Pending,Bank Verification
6204,2024-02-24,UK,Verified,Utility Bill
6205,2025-03-18,US,Verified,Document Upload
6206,2024-07-12,UK,Verified,Bank Verification
6207,2024-02-04,UK,Verified,Document Upload
6208,2024-11-16,UK,Failed,Document Upload
6209,2025-05-16,UK,Verified,Utility Bill
6210,2024-03-29,CA,Verified,Utility Bill
6211,2025-01-14,US,Verified,Document Upload
6212,2024-12-06,UK,Verified,Document Upload
6213,2024-10-08,UK,Verified,Document Upload
6214,2024-07-24,US,Verified,Document Upload
6215,2024-04-26,CA,Verified,Utility Bill
6216,2025-02-20,CA,Pending,Bank Verification
6217,2025-02-05,US,Verified,Document Upload
6218,2024-11-04,CA,Verified,Bank Verification
6219,2024-08-17,UK,Pending,Utility Bill
6220,2024-10-08,UK,Verified,Bank Verification
6221,2024-04-08,UK,Verified,Utility Bill
6222,2025-04-17,US,Verified,Document Upload
6223,2024-06-07,UK,Verified,Bank Verification
6224,2025-04-24,US,Verified,Document Upload
6225,2024-06-11,UK,Verified,Document Upload
6226,2024-02-02,CA,Verified,Bank Verification
6227,2025-04-22,US,Verified,Document Upload
6228,2023-12-07,UK,Verified,Document Upload
6229,2024-12-07,US,Verified,Document Upload
6230,2025-03-20,UK,Verified,Document Upload
6231,2025-02-12,UK,Failed,Utility Bill
6232,2024-11-24,CA,Pending,Document Upload
6233,2023-12-13,UK,Pending,Bank Verification
6234,2024-06-01,UK,Verified,Bank Verification
6235,2025-03-29,US,Verified,Bank Verification
6236,2025-03-31,UK,Verified,Bank Verification
6237,2024-02-23,UK,Verified,Bank Verification
6238,2025-05-13,UK,Verified,Document Upload
6239,2025-04-06,UK,Verified,Utility Bill
6240,2024-01-21,US,Pending,Bank Verification
6241,2024-11-14,UK,Verified,Document Upload
6242,2025-01-11,UK,Verified,Bank Verification
6243,2025-06-08,UK,Failed,Bank Verification
6244,2023-12-24,UK,Verified,Document Upload
6245,2025-01-13,CA,Verified,Bank Verification
6246,2024-08-28,UK,Verified,Utility Bill
6247,2024-02-08,UK,Verified,Bank Verification
6248,2024-07-21,UK,Verified,Bank Verification
6249,2024-09-13,US,Verified,Document Upload
6250,2024-08-17,CA,Pending,Bank Verification
6251,2024-11-03,US,Pending,Utility Bill
6252,2024-09-04,CA,Verified,Bank Verification
6253,2024-05-01,UK,Verified,Bank Verification
6254,2025-01-19,US,Verified,Bank Verification
6255,2024-08-20,UK,Pending,Document Upload
6256,2024-06-28,US,Verified,Document Upload
6257,2024-01-16,UK,Verified,Document Upload
6258,2024-10-13,US,Pending,Document Upload
6259,2025-05-05,US,Failed,Utility Bill
6260,2024-02-23,CA,Verified,Utility Bill
6261,2023-12-19,US,Failed,Bank Verification
6262,2025-01-07,UK,Verified,Document Upload
6263,2025-05-03,UK,Verified,Document Upload
6264,2025-03-03,UK,Verified,Document Upload
6265,2025-01-05,CA,Verified,Bank Verification
6266,2024-02-16,US,Pending,Document Upload
6267,2025-04-15,UK,Pending,Document Upload
6268,2024-08-19,US,Verified,Document Upload
6269,2025-06-07,CA,Verified,Bank Verification
6270,2025-02-10,UK,Verified,Document Upload
6271,2025-06-05,UK,Verified,Utility Bill
6272,2024-04-03,US,Verified,Document Upload
6273,2025-06-15,CA,Verified,Bank Verification
6274,2025-01-08,UK,Verified,Bank Verification
6275,2024-01-07,US,Verified,Document Upload
6276,2024-05-07,US,Verified,Utility Bill
6277,2024-05-25,UK,Pending,Utility Bill
6278,2024-06-12,US,Verified,Bank Verification
6279,2024-07-25,UK,Verified,Document Upload
6280,2025-01-05,UK,Failed,Bank Verification
6281,2024-06-08,UK,Verified,Document Upload
6282,2024-06-19,UK,Verified,Bank Verification
6283,2024-08-30,UK,Verified,Document Upload
6284,2024-09-15,CA,Verified,Utility Bill
6285,2024-01-04,UK,Verified,Document Upload
6286,2025-06-04,UK,Verified,Document Upload
6287,2024-03-11,UK,Pending,Utility Bill
6288,2023-12-11,CA,Verified,Utility Bill
6289,2024-05-18,CA,Verified,Bank Verification
6290,2025-01-23,US,Verified,Bank Verification
6291,2024-06-03,UK,Failed,Utility Bill
6292,2024-11-14,US,Failed,Bank Verification
6293,2024-06-20,UK,Failed,Document Upload
6294,2024-02-05,US,Verified,Bank Verification
6295,2025-03-13,UK,Failed,Utility Bill
6296,2024-05-23,UK,Verified,Document Upload
6297,2024-04-12,CA,Verified,Bank Verification
6298,2025-03-16,UK,Verified,Bank Verification
6299,2024-05-10,US,Verified,Document Upload
6300,2024-06-20,US,Verified,Bank Verification
6301,2024-11-29,UK,Verified,Document Upload
6302,2025-06-08,US,Verified,Document Upload
6303,2024-11-03,UK,Verified,Utility Bill
6304,2024-04-20,CA,Verified,Utility Bill
6305,2024-05-21,CA,Verified,Document Upload
6306,2024-07-11,UK,Verified,Bank Verification
6307,2024-03-18,US,Verified,Document Upload
6308,2024-06-08,UK,Verified,Bank Verification
6309,2025-01-26,CA,Pending,Document Upload
6310,2024-08-01,UK,Verified,Document Upload
6311,2025-02-12,UK,Verified,Bank Verification
6312,2024-12-01,UK,Verified,Utility Bill
6313,2024-06-13,UK,Verified,Document Upload
6314,2024-06-12,CA,Failed,Utility Bill
6315,2024-04-17,US,Verified,Document Upload
6316,2024-10-01,US,Verified,Document Upload
6317,2024-08-06,UK,Pending,Bank Verification
6318,2024-04-20,CA,Verified,Document Upload
6319,2024-09-24,UK,Verified,Document Upload
6320,2025-06-01,US,Verified,Document Upload
6321,2024-09-14,CA,Pending,Bank Verification
6322,2025-01-20,CA,Verified,Bank Verification
6323,2024-11-13,UK,Verified,Document Upload
6324,2025-03-23,UK,Pending,Document Upload
6325,2024-12-08,CA,Verified,Document Upload
6326,2024-09-02,UK,Verified,Document Upload
6327,2024-10-18,CA,Verified,Bank Verification
6328,2024-07-01,CA,Pending,Utility Bill
6329,2024-03-31,UK,Verified,Document Upload
6330,2025-02-15,UK,Failed,Bank Verification
6331,2024-03-29,UK,Verified,Utility Bill
6332,2023-12-29,UK,Verified,Utility Bill
6333,2024-12-28,US,Verified,Document Upload
6334,2024-11-21,UK,Verified,Bank Verification
6335,2024-09-29,CA,Verified,Document Upload
6336,2025-06-13,UK,Pending,Utility Bill
6337,2024-05-13,US,Pending,Bank Verification
6338,2024-05-02,US,Verified,Utility Bill
6339,2024-09-05,CA,Verified,Utility Bill
6340,2025-04-18,US,Verified,Document Upload
6341,2025-02-25,UK,Pending,Utility Bill
6342,2025-06-12,UK,Verified,Bank Verification
6343,2025-05-13,UK,Verified,Document Upload
6344,2025-01-07,US,Pending,Document Upload
6345,2024-12-04,CA,Verified,Document Upload
6346,2024-09-26,UK,Verified,Document Upload
6347,2025-06-12,UK,Verified,Bank Verification
6348,2025-02-03,US,Verified,Bank Verification
6349,2024-04-18,US,Verified,Document Upload
6350,2024-12-14,UK,Verified,Document Upload
6351,2024-04-04,US,Failed,Utility Bill
6352,2025-04-07,UK,Verified,Document Upload
6353,2024-03-27,UK,Verified,Bank Verification
6354,2024-11-29,Unknown,Verified,Document Upload
6355,2024-09-26,US,Verified,Document Upload
6356,2024-03-24,US,Verified,Utility Bill
6357,2024-07-04,UK,Verified,Utility Bill
6358,2024-12-25,UK,Verified,Document Upload
6359,2024-04-23,UK,Verified,Document Upload
6360,2024-07-24,US,Verified,Bank Verification
6361,2024-12-10,US,Pending,Utility Bill
6362,2025-02-21,US,Verified,Document Upload
6363,2024-07-02,CA,Verified,Bank Verification
6364,2025-04-10,UK,Verified,Document Upload
6365,2025-04-01,US,Verified,Document Upload
6366,2024-12-21,CA,Verified,Utility Bill
6367,2024-04-12,CA,Verified,Document Upload
6368,2025-06-02,US,Failed,Document Upload
6369,2024-10-22,US,Verified,Document Upload
6370,2024-09-24,US,Pending,Bank Verification
6371,2025-05-15,UK,Pending,Bank Verification
6372,2024-05-15,CA,Pending,Bank Verification
6373,2024-10-21,CA,Verified,Bank Verification
6374,2024-10-23,UK,Verified,Document Upload
6375,2024-08-06,US,Verified,Bank Verification
6376,2025-02-12,US,Verified,Document Upload
6377,2024-05-24,US,Pending,Document Upload
6378,2024-12-18,UK,Verified,Document Upload
6379,2024-06-30,UK,Verified,Utility Bill
6380,2024-03-10,CA,Verified,Bank Verification
6381,2025-01-25,US,Pending,Document Upload
6382,2025-02-03,CA,Verified,Bank Verification
6383,2025-05-05,UK,Verified,Document Upload
6384,2024-12-14,UK,Verified,Bank Verification
6385,2025-04-26,UK,Verified,Document Upload
6386,2024-05-25,CA,Verified,Utility Bill
6387,2024-07-27,US,Pending,Bank Verification
6388,2025-01-29,US,Failed,Utility Bill
6389,2023-12-20,UK,Verified,Utility Bill
6390,2024-01-08,UK,Verified,Bank Verification
6391,2025-05-29,UK,Verified,Document Upload
6392,2025-03-14,US,Verified,Bank Verification
6393,2024-09-21,UK,Verified,Document Upload
6394,2025-06-07,UK,Pending,Document Upload
6395,2025-02-06,US,Pending,Bank Verification
6396,2024-10-20,US,Verified,Utility Bill
6397,2024-12-04,US,Failed,Utility Bill
6398,2024-08-17,UK,Verified,Utility Bill
6399,2024-09-29,US,Verified,Bank Verification
6400,2024-07-31,UK,Failed,Utility Bill
6401,2024-11-05,US,Verified,Utility Bill
6402,2024-12-18,CA,Failed,Utility Bill
6403,2024-07-24,US,Pending,Bank Verification
6404,2024-04-02,UK,Pending,Bank Verification
6405,2024-12-06,US,Verified,Document Upload
6406,2024-02-25,US,Verified,Document Upload
6407,2023-12-18,US,Verified,Bank Verification
6408,2024-09-16,UK,Verified,Bank Verification
6409,2024-02-24,CA,Verified,Utility Bill
6410,2024-03-10,CA,Failed,Utility Bill
6411,2024-02-12,UK,Failed,Utility Bill
6412,2024-03-19,US,Pending,Document Upload
6413,2024-01-02,UK,Failed,Utility Bill
6414,2025-03-11,UK,Verified,Document Upload
6415,2024-04-21,CA,Verified,Document Upload
6416,2025-04-02,CA,Verified,Document Upload
6417,2024-09-27,US,Verified,Bank Verification
6418,2025-04-06,UK,Verified,Bank Verification
6419,2024-02-16,US,Verified,Bank Verification
6420,2025-05-02,UK,Pending,Document Upload
6421,2025-01-01,US,Verified,Document Upload
6422,2024-04-04,UK,Pending,Document Upload
6423,2025-05-22,UK,Verified,Document Upload
6424,2024-11-15,UK,Verified,Document Upload
6425,2024-04-30,US,Verified,Document Upload
6426,2025-04-01,UK,Verified,Document Upload
6427,2023-12-07,UK,Verified,Utility Bill
6428,2024-08-12,US,Verified,Document Upload
6429,2025-03-15,UK,Verified,Document Upload
6430,2025-01-03,US,Verified,Document Upload
6431,2024-09-18,CA,Failed,Bank Verification
6432,2025-05-24,CA,Verified,Document Upload
6433,2024-09-17,UK,Verified,Utility Bill
6434,2024-10-27,UK,Verified,Document Upload
6435,2024-11-23,US,Failed,Bank Verification
6436,2024-03-07,UK,Verified,Document Upload
6437,2024-02-23,US,Verified,Document Upload
6438,2024-05-15,UK,Verified,Document Upload
6439,2024-02-09,US,Verified,Document Upload
6440,2023-12-07,UK,Pending,Bank Verification
6441,2024-06-09,UK,Verified,Utility Bill
6442,2024-09-23,CA,Verified,Document Upload
6443,2024-06-22,CA,Verified,Document Upload
6444,2023-12-19,US,Verified,Document Upload
6445,2024-05-14,US,Verified,Document Upload
6446,2024-11-15,UK,Pending,Document Upload
6447,2024-01-29,UK,Verified,Utility Bill
6448,2024-09-14,UK,Verified,Utility Bill
6449,2025-04-20,UK,Verified,Bank Verification
6450,2024-04-21,US,Verified,Bank Verification
6451,2024-10-18,UK,Verified,Utility Bill
6452,2024-10-02,UK,Verified,Bank Verification
6453,2025-04-10,UK,Verified,Document Upload
6454,2025-03-17,UK,Verified,Bank Verification
6455,2024-02-03,US,Verified,Bank Verification
6456,2024-05-12,UK,Verified,Bank Verification
6457,2024-11-25,UK,Failed,Utility Bill
6458,2024-01-15,CA,Verified,Document Upload
6459,2024-01-19,UK,Pending,Bank Verification
6460,2024-11-29,UK,Pending,Utility Bill
6461,2024-11-29,UK,Failed,Bank Verification
6462,2024-10-26,UK,Verified,Utility Bill
6463,2023-12-05,CA,Verified,Document Upload
6464,2024-12-26,US,Pending,Document Upload
6465,2024-01-07,CA,Verified,Document Upload
6466,2024-05-24,UK,Verified,Bank Verification
6467,2024-01-30,UK,Verified,Bank Verification
6468,2024-09-13,UK,Failed,Utility Bill
6469,2025-02-17,UK,Verified,Document Upload
6470,2025-02-09,US,Failed,Bank Verification
6471,2024-11-09,CA,Verified,Bank Verification
6472,2024-01-25,UK,Verified,Document Upload
6473,2023-12-14,CA,Pending,Bank Verification
6474,2025-06-12,UK,Verified,Bank Verification
6475,2024-05-20,UK,Verified,Bank Verification
6476,2024-03-02,UK,Failed,Bank Verification
6477,2024-09-21,UK,Verified,Utility Bill
6478,2024-02-14,US,Verified,Bank Verification
6479,2024-12-07,US,Verified,Bank Verification
6480,2025-04-28,US,Verified,Document Upload
6481,2024-11-04,CA,Verified,Document Upload
6482,2025-06-11,UK,Failed,Bank Verification
6483,2024-02-13,US,Pending,Document Upload
6484,2024-06-17,CA,Verified,Document Upload
6485,2024-02-08,US,Verified,Document Upload
6486,2024-07-23,UK,Verified,Bank Verification
6487,2025-04-22,CA,Pending,Utility Bill
6488,2025-03-14,UK,Verified,Bank Verification
6489,2024-03-05,UK,Failed,Utility Bill
6490,2024-10-17,US,Verified,Document Upload
6491,2024-11-04,US,Pending,Document Upload
6492,2025-04-27,US,Verified,Document Upload
6493,2025-02-24,CA,Verified,Utility Bill
6494,2024-10-28,UK,Failed,Utility Bill
6495,2024-08-01,UK,Verified,Document Upload
6496,2024-08-25,US,Verified,Document Upload
6497,2024-09-29,UK,Verified,Bank Verification
6498,2024-01-28,UK,Verified,Utility Bill
6499,2024-12-25,UK,Verified,Document Upload
6500,2024-11-19,CA,Verified,Bank Verification
6501,2024-03-03,US,Verified,Utility Bill
6502,2025-03-22,CA,Verified,Bank Verification
6503,2025-03-16,US,Failed,Utility Bill
6504,2023-12-26,US,Failed,Bank Verification
6505,2025-01-27,UK,Pending,Document Upload
6506,2024-06-22,CA,Verified,Bank Verification
6507,2024-11-26,UK,Verified,Utility Bill
6508,2025-04-05,UK,Verified,Bank Verification
6509,2024-08-13,UK,Verified,Document Upload
6510,2025-05-17,UK,Verified,Document Upload
6511,2025-02-07,CA,Verified,Bank Verification
6512,2024-11-15,UK,Verified,Document Upload
6513,2025-01-16,UK,Verified,Document Upload
6514,2025-02-02,UK,Verified,Document Upload
6515,2025-06-14,US,Verified,Document Upload
6516,2024-11-23,UK,Verified,Document Upload
6517,2024-01-08,CA,Pending,Bank Verification
6518,2025-01-17,UK,Verified,Utility Bill
6519,2024-11-21,US,Verified,Document Upload
6520,2024-01-17,CA,Verified,Utility Bill
6521,2024-01-16,US,Pending,Bank Verification
6522,2024-03-15,UK,Verified,Document Upload
6523,2023-11-29,US,Verified,Document Upload
6524,2024-06-03,UK,Verified,Utility Bill
6525,2024-12-20,UK,Failed,Bank Verification
6526,2025-04-30,US,Verified,Utility Bill
6527,2024-03-18,CA,Verified,Bank Verification
6528,2024-03-26,US,Verified,Document Upload
6529,2024-10-21,US,Pending,Document Upload
6530,2024-11-06,UK,Verified,Bank Verification
6531,2024-12-09,CA,Verified,Bank Verification
6532,2024-02-11,US,Failed,Utility Bill
6533,2024-07-07,CA,Verified,Bank Verification
6534,2025-05-22,UK,Verified,Document Upload
6535,2024-05-05,US,Verified,Utility Bill
6536,2025-03-29,UK,Verified,Document Upload
6537,2024-10-25,CA,Verified,Document Upload
6538,2025-04-07,US,Verified,Document Upload
6539,2024-08-09,UK,Verified,Document Upload
6540,2024-03-12,UK,Verified,Bank Verification
6541,2024-06-27,UK,Verified,Document Upload
6542,2023-12-25,UK,Failed,Utility Bill
6543,2024-09-05,UK,Verified,Bank Verification
6544,2024-04-21,UK,Verified,Bank Verification
6545,2025-01-21,CA,Verified,Utility Bill
6546,2024-12-27,CA,Pending,Bank Verification
6547,2024-07-20,CA,Verified,Utility Bill
6548,2025-05-22,CA,Failed,Bank Verification
6549,2024-07-19,US,Verified,Bank Verification
6550,2023-12-19,UK,Verified,Bank Verification
6551,2024-08-26,UK,Verified,Bank Verification
6552,2025-03-15,UK,Verified,Document Upload
6553,2024-06-06,UK,Verified,Document Upload
6554,2024-03-16,UK,Verified,Document Upload
6555,2024-11-22,US,Verified,Document Upload
6556,2024-09-25,UK,Pending,Utility Bill
6557,2024-12-13,UK,Verified,Document Upload
6558,2024-12-09,UK,Verified,Document Upload
6559,2025-05-30,CA,Failed,Bank Verification
6560,2024-10-30,US,Verified,Document Upload
6561,2025-06-01,US,Pending,Utility Bill
6562,2025-05-07,UK,Failed,Utility Bill
6563,2025-03-12,CA,Verified,Utility Bill
6564,2025-04-15,US,Verified,Document Upload
6565,2024-07-24,CA,Verified,Document Upload
6566,2024-02-12,UK,Verified,Document Upload
6567,2025-03-19,US,Verified,Bank Verification
6568,2024-10-05,UK,Verified,Document Upload
6569,2024-02-04,CA,Verified,Bank Verification
6570,2024-06-02,US,Verified,Bank Verification
6571,2025-01-01,US,Verified,Bank Verification
6572,2024-12-13,UK,Verified,Utility Bill
6573,2024-02-29,US,Verified,Document Upload
6574,2024-09-19,UK,Failed,Bank Verification
6575,2024-02-12,CA,Verified,Document Upload
6576,2024-03-25,US,Verified,Utility Bill
6577,2024-03-04,CA,Verified,Utility Bill
6578,2024-06-17,UK,Pending,Utility Bill
6579,2025-01-17,CA,Verified,Document Upload
6580,2024-11-05,UK,Verified,Bank Verification
6581,2024-05-12,CA,Verified,Utility Bill
6582,2024-10-01,US,Verified,Bank Verification
6583,2025-03-12,US,Failed,Utility Bill
6584,2023-12-06,US,Verified,Document Upload
6585,2024-06-17,UK,Verified,Document Upload
6586,2025-06-02,US,Verified,Document Upload
6587,2024-07-02,UK,Verified,Bank Verification
6588,2024-11-04,US,Pending,Utility Bill
6589,2024-09-26,US,Verified,Document Upload
6590,2025-04-07,UK,Verified,Utility Bill
6591,2025-05-28,UK,Verified,Document Upload
6592,2025-04-22,US,Verified,Bank Verification
6593,2025-04-22,UK,Verified,Document Upload
6594,2025-05-21,CA,Verified,Document Upload
6595,2025-04-24,UK,Verified,Bank Verification
6596,2024-04-10,CA,Pending,Document Upload
6597,2024-12-27,US,Verified,Utility Bill
6598,2024-10-03,UK,Pending,Utility Bill
6599,2024-10-11,UK,Verified,Utility Bill
6600,2024-08-12,CA,Verified,Document Upload
6601,2025-05-05,UK,Verified,Utility Bill
6602,2024-12-31,US,Verified,Utility Bill
6603,2025-03-16,UK,Verified,Document Upload
6604,2024-11-08,US,Verified,Document Upload
6605,2025-04-03,UK,Verified,Bank Verification
6606,2024-10-06,UK,Failed,Utility Bill
6607,2024-02-03,US,Verified,Document Upload
6608,2024-03-05,CA,Pending,Document Upload
6609,2025-02-09,US,Verified,Document Upload
6610,2025-04-30,CA,Verified,Document Upload
6611,2023-12-04,UK,Pending,Document Upload
6612,2025-03-10,UK,Pending,Utility Bill
6613,2023-12-09,Unknown,Verified,Document Upload
6614,2025-03-16,CA,Verified,Utility Bill
6615,2024-09-04,CA,Failed,Bank Verification
6616,2024-09-28,UK,Failed,Utility Bill
6617,2025-01-02,UK,Verified,Document Upload
6618,2024-09-21,UK,Verified,Document Upload
6619,2024-09-29,UK,Verified,Bank Verification
6620,2024-05-29,US,Verified,Document Upload
6621,2024-06-14,UK,Verified,Bank Verification
6622,2023-12-05,UK,Verified,Document Upload
6623,2024-09-21,US,Verified,Document Upload
6624,2024-01-15,UK,Pending,Utility Bill
6625,2024-10-01,UK,Verified,Document Upload
6626,2025-02-04,UK,Verified,Utility Bill
6627,2024-08-30,UK,Failed,Utility Bill
6628,2024-10-31,US,Verified,Utility Bill
6629,2024-08-18,UK,Verified,Utility Bill
6630,2024-08-22,UK,Verified,Bank Verification
6631,2024-11-25,CA,Verified,Document Upload
6632,2024-03-27,UK,Verified,Document Upload
6633,2024-07-03,UK,Failed,Document Upload
6634,2024-09-02,CA,Failed,Document Upload
6635,2024-09-02,UK,Failed,Bank Verification
6636,2025-03-22,UK,Verified,Utility Bill
6637,2024-03-07,UK,Verified,Bank Verification
6638,2025-05-23,US,Failed,Utility Bill
6639,2025-03-22,UK,Verified,Document Upload
6640,2024-12-09,CA,Verified,Document Upload
6641,2024-09-08,UK,Verified,Bank Verification
6642,2024-07-10,CA,Verified,Bank Verification
6643,2024-03-22,US,Verified,Document Upload
6644,2025-03-10,CA,Verified,Document Upload
6645,2024-10-18,US,Failed,Utility Bill
6646,2024-10-04,UK,Pending,Utility Bill
6647,2023-12-07,US,Verified,Document Upload
6648,2024-11-14,UK,Failed,Utility Bill
6649,2023-12-24,UK,Failed,Bank Verification
6650,2023-12-21,CA,Verified,Bank Verification
6651,2025-03-13,UK,Verified,Document Upload
6652,2024-05-18,UK,Verified,Document Upload
6653,2024-05-03,UK,Verified,Document Upload
6654,2023-12-12,CA,Verified,Document Upload
6655,2024-11-05,UK,Verified,Bank Verification
6656,2024-08-29,UK,Verified,Bank Verification
6657,2024-01-29,CA,Verified,Utility Bill
6658,2024-09-13,US,Verified,Utility Bill
6659,2024-05-03,UK,Failed,Document Upload
6660,2023-12-11,US,Failed,Bank Verification
6661,2025-02-03,US,Verified,Utility Bill
6662,2024-10-31,CA,Verified,Bank Verification
6663,2024-09-24,US,Verified,Document Upload
6664,2024-08-09,US,Verified,Bank Verification
6665,2024-06-03,US,Verified,Document Upload
6666,2025-06-07,US,Failed,Bank Verification
6667,2024-12-26,CA,Verified,Utility Bill
6668,2025-03-16,US,Verified,Document Upload
6669,2023-12-18,CA,Verified,Document Upload
6670,2025-01-08,CA,Verified,Document Upload
6671,2024-05-10,UK,Verified,Bank Verification
6672,2025-02-01,UK,Verified,Utility Bill
6673,2024-12-27,US,Pending,Bank Verification
6674,2024-10-16,UK,Verified,Document Upload
6675,2024-05-22,US,Verified,Utility Bill
6676,2024-01-31,UK,Verified,Bank Verification
6677,2024-01-01,CA,Pending,Bank Verification
6678,2025-02-21,UK,Verified,Bank Verification
6679,2024-10-06,UK,Verified,Document Upload
6680,2025-05-24,UK,Verified,Bank Verification
6681,2025-01-20,CA,Verified,Document Upload
6682,2024-08-04,US,Failed,Utility Bill
6683,2023-12-17,UK,Verified,Document Upload
6684,2024-11-25,UK,Failed,Bank Verification
6685,2025-03-26,UK,Verified,Document Upload
6686,2025-05-25,US,Failed,Utility Bill
6687,2024-01-28,UK,Failed,Utility Bill
6688,2024-04-13,US,Failed,Bank Verification
6689,2025-06-17,CA,Pending,Document Upload
6690,2024-01-03,US,Verified,Utility Bill
6691,2024-11-19,CA,Verified,Utility Bill
6692,2024-04-22,CA,Verified,Document Upload
6693,2024-02-29,UK,Verified,Document Upload
6694,2024-03-22,CA,Verified,Bank Verification
6695,2024-07-25,US,Verified,Utility Bill
6696,2024-04-14,UK,Pending,Bank Verification
6697,2024-09-16,UK,Verified,Document Upload
6698,2023-12-11,UK,Verified,Bank Verification
6699,2025-05-24,US,Failed,Bank Verification
6700,2025-04-02,US,Verified,Document Upload
6701,2025-06-01,CA,Pending,Document Upload
6702,2024-02-07,US,Verified,Document Upload
6703,2024-12-01,US,Pending,Utility Bill
6704,2024-05-17,US,Verified,Document Upload
6705,2024-01-22,UK,Verified,Bank Verification
6706,2023-12-27,US,Verified,Document Upload
6707,2025-02-20,US,Verified,Document Upload
6708,2024-02-24,CA,Verified,Document Upload
6709,2024-05-11,CA,Verified,Bank Verification
6710,2024-08-10,UK,Failed,Utility Bill
6711,2024-11-14,US,Failed,Utility Bill
6712,2024-06-10,US,Pending,Document Upload
6713,2024-03-22,UK,Pending,Utility Bill
6714,2025-01-31,CA,Verified,Document Upload
6715,2024-09-15,US,Verified,Bank Verification
6716,2024-12-12,CA,Verified,Document Upload
6717,2025-01-08,CA,Verified,Document Upload
6718,2025-03-27,CA,Verified,Document Upload
6719,2025-04-25,UK,Verified,Document Upload
6720,2024-11-03,UK,Verified,Document Upload
6721,2023-12-24,UK,Failed,Utility Bill
6722,2024-03-06,UK,Verified,Utility Bill
6723,2025-02-21,US,Verified,Document Upload
6724,2024-12-08,UK,Pending,Document Upload
6725,2025-03-03,UK,Pending,Utility Bill
6726,2024-02-04,UK,Verified,Document Upload
6727,2025-01-08,UK,Pending,Document Upload
6728,2025-03-01,US,Verified,Document Upload
6729,2024-07-31,UK,Verified,Utility Bill
6730,2024-06-17,US,Pending,Document Upload
6731,2023-12-16,UK,Verified,Document Upload
6732,2025-02-07,US,Pending,Document Upload
6733,2024-01-20,US,Verified,Utility Bill
6734,2024-06-23,UK,Failed,Utility Bill
6735,2024-09-13,US,Verified,Utility Bill
6736,2024-03-29,US,Verified,Bank Verification
6737,2024-02-09,UK,Pending,Utility Bill
6738,2024-02-06,UK,Verified,Document Upload
6739,2024-11-19,US,Verified,Bank Verification
6740,2024-04-12,US,Pending,Document Upload
6741,2024-04-23,CA,Verified,Document Upload
6742,2025-04-01,US,Pending,Document Upload
6743,2025-05-19,UK,Verified,Document Upload
6744,2024-05-26,UK,Verified,Document Upload
6745,2025-06-15,US,Verified,Utility Bill
6746,2025-01-04,UK,Failed,Utility Bill
6747,2024-05-31,UK,Pending,Document Upload
6748,2024-09-05,US,Verified,Bank Verification
6749,2024-09-07,UK,Verified,Document Upload
6750,2025-04-01,US,Verified,Document Upload
6751,2024-02-16,UK,Verified,Document Upload
6752,2024-10-11,UK,Verified,Document Upload
6753,2024-07-04,UK,Failed,Utility Bill
6754,2024-06-10,CA,Verified,Bank Verification
6755,2024-10-01,UK,Verified,Bank Verification
6756,2025-04-16,CA,Verified,Document Upload
6757,2025-03-06,UK,Failed,Utility Bill
6758,2024-07-20,CA,Verified,Bank Verification
6759,2024-12-31,UK,Failed,Utility Bill
6760,2024-02-02,UK,Verified,Bank Verification
6761,2024-11-20,UK,Failed,Bank Verification
6762,2024-08-24,US,Verified,Bank Verification
6763,2024-09-20,US,Failed,Utility Bill
6764,2024-12-16,CA,Verified,Bank Verification
6765,2024-04-25,US,Verified,Utility Bill
6766,2025-02-23,US,Verified,Utility Bill
6767,2024-07-21,UK,Verified,Document Upload
6768,2024-09-29,UK,Verified,Bank Verification
6769,2025-03-30,CA,Verified,Document Upload
6770,2024-11-08,US,Verified,Document Upload
6771,2024-12-29,US,Failed,Utility Bill
6772,2024-05-21,UK,Verified,Bank Verification
6773,2025-01-01,UK,Verified,Document Upload
6774,2024-04-24,CA,Pending,Bank Verification
6775,2023-12-06,UK,Pending,Bank Verification
6776,2024-05-19,UK,Verified,Bank Verification
6777,2024-08-09,UK,Pending,Document Upload
6778,2024-04-14,US,Pending,Document Upload
6779,2024-08-27,UK,Verified,Document Upload
6780,2024-03-27,UK,Verified,Document Upload
6781,2023-12-14,CA,Failed,Utility Bill
6782,2024-05-03,UK,Verified,Document Upload
6783,2024-02-21,CA,Pending,Document Upload
6784,2025-01-29,US,Verified,Bank Verification
6785,2025-04-21,UK,Verified,Document Upload
6786,2024-07-26,US,Verified,Bank Verification
6787,2024-12-19,UK,Verified,Document Upload
6788,2024-11-10,CA,Verified,Document Upload
6789,2025-01-30,US,Verified,Utility Bill
6790,2025-05-07,UK,Verified,Bank Verification
6791,2024-08-05,CA,Failed,Document Upload
6792,2024-06-27,US,Verified,Document Upload
6793,2024-01-18,CA,Pending,Utility Bill
6794,2025-04-01,UK,Verified,Document Upload
6795,2025-03-26,CA,Pending,Utility Bill
6796,2024-05-26,CA,Verified,Document Upload
6797,2025-05-15,US,Verified,Bank Verification
6798,2024-08-18,UK,Pending,Bank Verification
6799,2025-06-06,US,Verified,Document Upload
6800,2025-05-11,US,Verified,Utility Bill
6801,2025-06-12,CA,Verified,Bank Verification
6802,2024-10-23,UK,Failed,Utility Bill
6803,2024-01-19,CA,Verified,Document Upload
6804,2024-08-13,CA,Verified,Document Upload
6805,2025-04-02,CA,Verified,Utility Bill
6806,2025-01-29,CA,Pending,Bank Verification
6807,2024-12-30,CA,Verified,Document Upload
6808,2024-01-07,US,Verified,Document Upload
6809,2024-10-06,US,Failed,Utility Bill
6810,2023-12-27,US,Verified,Document Upload
6811,2024-03-27,CA,Pending,Document Upload
6812,2025-04-22,UK,Verified,Bank Verification
6813,2023-12-13,CA,Verified,Utility Bill
6814,2024-05-07,CA,Failed,Utility Bill
6815,2025-01-12,CA,Verified,Bank Verification
6816,2024-10-20,UK,Failed,Utility Bill
6817,2024-08-01,UK,Verified,Document Upload
6818,2024-03-02,CA,Pending,Document Upload
6819,2024-12-19,UK,Verified,Document Upload
6820,2024-01-03,UK,Verified,Document Upload
6821,2025-04-20,US,Verified,Document Upload
6822,2024-09-08,CA,Verified,Utility Bill
6823,2024-08-07,CA,Pending,Document Upload
6824,2024-06-24,UK,Verified,Document Upload
6825,2024-05-23,UK,Failed,Utility Bill
6826,2024-11-23,UK,Verified,Bank Verification
6827,2025-01-19,UK,Verified,Document Upload
6828,2024-06-06,Unknown,Verified,Document Upload
6829,2024-07-02,US,Verified,Utility Bill
6830,2023-12-04,US,Verified,Document Upload
6831,2024-09-21,US,Verified,Document Upload
6832,2024-12-13,UK,Failed,Utility Bill
6833,2025-02-26,US,Verified,Bank Verification
6834,2025-06-04,UK,Verified,Bank Verification
6835,2023-12-06,US,Verified,Document Upload
6836,2023-12-15,US,Verified,Bank Verification
6837,2024-09-14,US,Verified,Document Upload
6838,2025-06-05,UK,Verified,Bank Verification
6839,2024-08-08,UK,Verified,Document Upload
6840,2024-05-25,UK,Verified,Bank Verification
6841,2024-05-05,US,Verified,Bank Verification
6842,2024-07-25,UK,Verified,Bank Verification
6843,2025-04-30,UK,Verified,Bank Verification
6844,2024-11-02,UK,Verified,Bank Verification
6845,2025-06-01,UK,Verified,Utility Bill
6846,2024-01-08,UK,Verified,Utility Bill
6847,2024-01-14,UK,Pending,Document Upload
6848,2025-04-13,UK,Verified,Utility Bill
6849,2025-04-29,UK,Verified,Bank Verification
6850,2025-02-04,CA,Verified,Document Upload
6851,2025-03-07,US,Verified,Bank Verification
6852,2024-03-05,US,Pending,Bank Verification
6853,2024-04-03,CA,Pending,Utility Bill
6854,2025-06-17,UK,Verified,Document Upload
6855,2024-07-17,UK,Verified,Document Upload
6856,2025-01-22,UK,Verified,Document Upload
6857,2025-03-24,UK,Failed,Document Upload
6858,2025-03-16,UK,Failed,Utility Bill
6859,2024-06-28,US,Pending,Document Upload
6860,2024-10-24,US,Verified,Utility Bill
6861,2025-03-02,UK,Verified,Utility Bill
6862,2024-04-27,UK,Pending,Utility Bill
6863,2025-01-09,UK,Verified,Utility Bill
6864,2023-12-26,US,Verified,Document Upload
6865,2024-09-20,US,Verified,Bank Verification
6866,2025-02-01,UK,Verified,Utility Bill
6867,2024-09-01,UK,Failed,Utility Bill
6868,2025-06-13,US,Verified,Bank Verification
6869,2024-06-15,UK,Verified,Document Upload
6870,2024-04-24,CA,Verified,Document Upload
6871,2024-03-09,US,Verified,Document Upload
6872,2024-01-19,UK,Verified,Bank Verification
6873,2024-01-27,CA,Verified,Document Upload
6874,2025-06-12,US,Pending,Document Upload
6875,2024-06-27,US,Verified,Bank Verification
6876,2024-07-06,UK,Verified,Document Upload
6877,2024-11-22,US,Verified,Document Upload
6878,2024-07-17,UK,Pending,Bank Verification
6879,2025-03-15,UK,Verified,Document Upload
6880,2024-08-08,UK,Verified,Bank Verification
6881,2025-04-28,US,Verified,Bank Verification
6882,2024-06-28,UK,Verified,Document Upload
6883,2024-02-15,UK,Failed,Utility Bill
6884,2025-01-13,US,Pending,Utility Bill
6885,2025-01-21,US,Verified,Document Upload
6886,2024-01-28,UK,Verified,Document Upload
6887,2023-12-01,UK,Verified,Bank Verification
6888,2025-02-14,UK,Verified,Bank Verification
6889,2024-04-13,UK,Verified,Document Upload
6890,2023-12-30,US,Verified,Document Upload
6891,2024-02-22,UK,Verified,Bank Verification
6892,2023-12-26,CA,Verified,Document Upload
6893,2024-06-05,UK,Verified,Bank Verification
6894,2024-03-04,CA,Verified,Utility Bill
6895,2024-09-04,US,Verified,Utility Bill
6896,2024-11-12,UK,Verified,Utility Bill
6897,2024-09-30,UK,Verified,Document Upload
6898,2023-12-29,UK,Verified,Document Upload
6899,2025-03-18,UK,Verified,Document Upload
6900,2025-02-18,CA,Verified,Utility Bill
6901,2024-10-14,US,Verified,Utility Bill
6902,2024-09-13,UK,Pending,Bank Verification
6903,2024-08-30,UK,Verified,Document Upload
6904,2024-09-06,US,Verified,Bank Verification
6905,2025-05-08,US,Verified,Document Upload
6906,2025-04-02,UK,Verified,Document Upload
6907,2025-05-26,UK,Verified,Utility Bill
6908,2023-12-06,UK,Verified,Document Upload
6909,2024-06-17,UK,Pending,Bank Verification
6910,2025-03-09,US,Verified,Document Upload
6911,2024-11-10,CA,Verified,Document Upload
6912,2024-09-20,US,Verified,Document Upload
6913,2024-02-29,US,Pending,Document Upload
6914,2025-05-03,UK,Verified,Document Upload
6915,2025-02-16,US,Verified,Document Upload
6916,2025-01-11,CA,Verified,Document Upload
6917,2024-07-02,UK,Verified,Bank Verification
6918,2024-03-04,UK,Verified,Document Upload
6919,2024-11-03,CA,Verified,Document Upload
6920,2024-05-29,US,Pending,Document Upload
6921,2025-01-03,UK,Verified,Document Upload
6922,2024-11-25,CA,Verified,Utility Bill
6923,2025-01-17,CA,Verified,Utility Bill
6924,2024-06-15,UK,Verified,Utility Bill
6925,2024-05-29,UK,Verified,Bank Verification
6926,2025-03-15,US,Pending,Utility Bill
6927,2024-07-29,CA,Failed,Bank Verification
6928,2024-06-09,CA,Verified,Document Upload
6929,2024-09-28,US,Verified,Bank Verification
6930,2024-01-30,US,Verified,Bank Verification
6931,2025-04-29,US,Pending,Document Upload
6932,2025-06-12,CA,Verified,Bank Verification
6933,2024-04-13,UK,Verified,Bank Verification
6934,2025-01-01,UK,Verified,Document Upload
6935,2024-03-25,CA,Failed,Document Upload
6936,2025-01-25,UK,Verified,Bank Verification
6937,2025-04-21,UK,Verified,Utility Bill
6938,2025-05-01,UK,Verified,Bank Verification
6939,2025-01-25,UK,Verified,Bank Verification
6940,2024-01-16,US,Verified,Bank Verification
6941,2024-05-28,UK,Verified,Bank Verification
6942,2024-05-24,UK,Verified,Document Upload
6943,2024-05-11,UK,Pending,Document Upload
6944,2024-07-05,US,Pending,Bank Verification
6945,2023-12-19,US,Verified,Utility Bill
6946,2024-07-06,UK,Verified,Bank Verification
6947,2024-02-03,UK,Verified,Document Upload
6948,2024-06-02,US,Verified,Bank Verification
6949,2024-04-22,CA,Pending,Document Upload
6950,2025-01-09,US,Verified,Bank Verification
6951,2025-05-01,UK,Failed,Utility Bill
6952,2025-02-26,UK,Failed,Utility Bill
6953,2025-04-05,CA,Verified,Bank Verification
6954,2025-05-08,US,Verified,Document Upload
6955,2025-03-21,UK,Verified,Document Upload
6956,2025-03-24,UK,Verified,Document Upload
6957,2024-12-19,UK,Verified,Bank Verification
6958,2025-02-27,UK,Verified,Document Upload
6959,2025-01-26,CA,Verified,Utility Bill
6960,2024-03-23,US,Verified,Bank Verification
6961,2024-06-25,US,Pending,Utility Bill
6962,2024-12-19,US,Verified,Bank Verification
6963,2024-05-24,UK,Verified,Document Upload
6964,2024-11-12,US,Verified,Bank Verification
6965,2024-05-23,US,Verified,Bank Verification
6966,2024-04-25,US,Verified,Utility Bill
6967,2023-12-01,UK,Pending,Document Upload
6968,2023-12-16,CA,Pending,Bank Verification
6969,2025-03-09,CA,Verified,Utility Bill
6970,2025-04-22,CA,Verified,Document Upload
6971,2024-03-30,UK,Pending,Document Upload
6972,2024-07-21,UK,Pending,Document Upload
6973,2025-01-14,UK,Verified,Bank Verification
6974,2024-10-25,US,Verified,Bank Verification
6975,2024-11-14,UK,Verified,Bank Verification
6976,2025-03-09,US,Verified,Document Upload
6977,2024-05-18,UK,Verified,Utility Bill
6978,2024-12-09,US,Verified,Document Upload
6979,2025-06-19,US,Verified,Document Upload
6980,2024-03-31,UK,Verified,Document Upload
6981,2025-06-08,US,Verified,Document Upload
6982,2025-01-18,UK,Verified,Document Upload
6983,2024-06-01,US,Verified,Utility Bill
6984,2024-08-05,UK,Verified,Utility Bill
6985,2024-10-16,Unknown,Verified,Bank Verification
6986,2024-10-04,CA,Pending,Utility Bill
6987,2025-05-16,UK,Verified,Document Upload
6988,2025-06-10,US,Verified,Utility Bill
6989,2024-11-17,UK,Verified,Bank Verification
6990,2024-02-16,US,Verified,Utility Bill
6991,2024-04-03,CA,Verified,Bank Verification
6992,2024-02-15,US,Verified,Document Upload
6993,2025-03-20,CA,Verified,Bank Verification
6994,2024-03-01,US,Verified,Document Upload
6995,2025-01-11,UK,Verified,Bank Verification
6996,2024-10-16,UK,Verified,Document Upload
6997,2024-10-15,CA,Verified,Utility Bill
6998,2024-10-19,US,Verified,Utility Bill
6999,2025-01-26,CA,Failed,Bank Verification
7000,2024-06-02,UK,Pending,Utility Bill
7001,2025-04-09,UK,Pending,Bank Verification
7002,2023-12-06,CA,Verified,Document Upload
7003,2025-06-05,UK,Pending,Utility Bill
7004,2024-09-09,UK,Verified,Utility Bill
7005,2024-06-05,UK,Verified,Document Upload
7006,2025-01-02,UK,Verified,Bank Verification
7007,2025-01-03,CA,Verified,Document Upload
7008,2024-09-23,US,Verified,Document Upload
7009,2024-07-29,CA,Verified,Document Upload
7010,2024-07-29,CA,Verified,Utility Bill
7011,2024-08-08,US,Verified,Document Upload
7012,2024-06-27,UK,Verified,Document Upload
7013,2024-11-09,US,Failed,Utility Bill
7014,2024-01-02,CA,Verified,Document Upload
7015,2023-12-30,UK,Verified,Bank Verification
7016,2024-07-26,US,Verified,Bank Verification
7017,2024-04-17,UK,Verified,Bank Verification
7018,2024-03-09,CA,Verified,Document Upload
7019,2025-05-21,CA,Verified,Bank Verification
7020,2024-09-24,UK,Verified,Document Upload
7021,2024-01-15,CA,Verified,Document Upload
7022,2024-10-05,CA,Verified,Bank Verification
7023,2024-11-04,CA,Verified,Document Upload
7024,2024-01-21,CA,Verified,Document Upload
7025,2024-03-25,US,Verified,Bank Verification
7026,2025-01-09,Unknown,Failed,Utility Bill
7027,2024-08-28,UK,Verified,Document Upload
7028,2024-12-30,US,Verified,Document Upload
7029,2025-01-11,US,Verified,Document Upload
7030,2024-08-13,CA,Verified,Document Upload
7031,2025-06-17,UK,Verified,Bank Verification
7032,2025-04-18,US,Failed,Utility Bill
7033,2025-02-14,US,Verified,Bank Verification
7034,2025-03-18,CA,Verified,Document Upload
7035,2025-01-28,US,Verified,Document Upload
7036,2024-08-30,UK,Failed,Utility Bill
7037,2024-02-02,UK,Failed,Bank Verification
7038,2024-06-20,CA,Verified,Bank Verification
7039,2024-11-23,US,Verified,Utility Bill
7040,2023-12-10,CA,Verified,Document Upload
7041,2025-01-11,CA,Verified,Document Upload
7042,2025-04-17,UK,Verified,Document Upload
7043,2024-10-10,US,Verified,Bank Verification
7044,2025-05-27,UK,Verified,Utility Bill
7045,2025-05-18,CA,Pending,Bank Verification
7046,2024-05-24,CA,Failed,Utility Bill
7047,2024-08-13,CA,Verified,Bank Verification
7048,2024-01-27,UK,Verified,Bank Verification
7049,2024-03-17,UK,Verified,Document Upload
7050,2025-04-29,UK,Verified,Document Upload
7051,2024-07-04,US,Verified,Bank Verification
7052,2025-01-02,US,Verified,Document Upload
7053,2024-09-18,UK,Verified,Document Upload
7054,2024-05-28,US,Failed,Bank Verification
7055,2023-12-26,UK,Verified,Document Upload
7056,2024-06-20,US,Verified,Bank Verification
7057,2024-02-11,US,Verified,Document Upload
7058,2024-02-11,CA,Verified,Document Upload
7059,2025-02-07,US,Verified,Document Upload
7060,2024-06-08,UK,Failed,Bank Verification
7061,2024-01-31,UK,Verified,Bank Verification
7062,2023-12-28,UK,Pending,Bank Verification
7063,2023-12-31,UK,Verified,Utility Bill
7064,2025-01-04,UK,Verified,Document Upload
7065,2023-12-29,US,Verified,Document Upload
7066,2024-04-22,CA,Failed,Utility Bill
7067,2024-08-29,UK,Verified,Bank Verification
7068,2024-07-19,UK,Failed,Document Upload
7069,2025-04-18,UK,Verified,Document Upload
7070,2024-11-08,UK,Verified,Document Upload
7071,2025-02-06,UK,Verified,Bank Verification
7072,2024-05-06,US,Verified,Document Upload
7073,2024-08-10,UK,Verified,Document Upload
7074,2024-02-25,UK,Verified,Bank Verification
7075,2024-05-09,UK,Verified,Bank Verification
7076,2024-07-25,UK,Verified,Bank Verification
7077,2025-06-08,UK,Verified,Document Upload
7078,2024-05-08,US,Failed,Bank Verification
7079,2024-11-02,UK,Pending,Document Upload
7080,2024-10-29,US,Verified,Document Upload
7081,2023-12-29,UK,Failed,Utility Bill
7082,2024-02-16,US,Verified,Bank Verification
7083,2024-05-21,US,Verified,Utility Bill
7084,2024-11-13,UK,Verified,Document Upload
7085,2024-02-16,CA,Verified,Document Upload
7086,2024-06-30,UK,Verified,Bank Verification
7087,2024-02-23,UK,Failed,Document Upload
7088,2024-07-16,UK,Verified,Document Upload
7089,2023-12-04,UK,Verified,Document Upload
7090,2024-09-01,UK,Verified,Document Upload
7091,2025-04-19,US,Verified,Bank Verification
7092,2024-01-14,US,Verified,Utility Bill
7093,2024-01-31,UK,Verified,Document Upload
7094,2024-05-15,UK,Verified,Document Upload
7095,2025-02-07,UK,Pending,Bank Verification
7096,2024-07-20,UK,Verified,Utility Bill
7097,2024-07-13,CA,Verified,Utility Bill
7098,2024-05-10,UK,Failed,Bank Verification
7099,2025-04-27,US,Pending,Bank Verification
7100,2024-05-12,US,Verified,Utility Bill
7101,2025-05-20,CA,Verified,Document Upload
7102,2024-12-14,US,Verified,Document Upload
7103,2023-12-18,UK,Verified,Bank Verification
7104,2024-12-22,UK,Verified,Utility Bill
7105,2025-03-31,US,Verified,Bank Verification
7106,2024-07-08,US,Verified,Bank Verification
7107,2025-04-03,CA,Verified,Bank Verification
7108,2025-04-02,UK,Verified,Utility Bill
7109,2024-08-21,UK,Verified,Bank Verification
7110,2024-03-15,US,Verified,Document Upload
7111,2025-04-12,UK,Pending,Utility Bill
7112,2024-04-08,UK,Verified,Utility Bill
7113,2025-05-19,UK,Verified,Bank Verification
7114,2024-06-20,UK,Verified,Utility Bill
7115,2024-07-09,CA,Verified,Bank Verification
7116,2024-12-13,CA,Verified,Document Upload
7117,2024-04-29,UK,Verified,Bank Verification
7118,2023-12-11,US,Verified,Document Upload
7119,2024-10-13,US,Verified,Document Upload
7120,2024-04-24,UK,Verified,Document Upload
7121,2024-05-03,CA,Verified,Bank Verification
7122,2024-02-15,UK,Verified,Utility Bill
7123,2025-01-09,UK,Verified,Bank Verification
7124,2024-05-06,UK,Verified,Document Upload
7125,2024-04-25,UK,Verified,Document Upload
7126,2024-08-06,CA,Verified,Utility Bill
7127,2024-08-22,UK,Verified,Document Upload
7128,2025-01-10,US,Verified,Bank Verification
7129,2024-12-25,UK,Verified,Document Upload
7130,2025-03-10,US,Verified,Document Upload
7131,2024-04-04,CA,Failed,Utility Bill
7132,2024-03-12,UK,Failed,Document Upload
7133,2024-01-13,US,Failed,Utility Bill
7134,2024-07-01,UK,Verified,Bank Verification
7135,2025-01-19,CA,Pending,Document Upload
7136,2025-02-06,CA,Verified,Document Upload
7137,2024-02-12,UK,Verified,Document Upload
7138,2025-02-21,US,Verified,Bank Verification
7139,2024-03-11,UK,Verified,Utility Bill
7140,2024-09-16,US,Verified,Document Upload
7141,2024-02-16,UK,Failed,Utility Bill
7142,2024-06-24,CA,Pending,Document Upload
7143,2025-01-12,US,Failed,Utility Bill
7144,2024-04-12,CA,Pending,Bank Verification
7145,2024-12-29,CA,Verified,Document Upload
7146,2024-09-20,US,Pending,Utility Bill
7147,2025-05-16,US,Verified,Document Upload
7148,2025-01-29,CA,Verified,Document Upload
7149,2024-12-04,US,Verified,Bank Verification
7150,2024-05-31,US,Verified,Bank Verification
7151,2024-03-09,US,Verified,Document Upload
7152,2025-04-08,CA,Verified,Document Upload
7153,2024-07-30,UK,Pending,Utility Bill
7154,2025-03-15,US,Failed,Document Upload
7155,2024-02-28,CA,Failed,Utility Bill
7156,2024-11-21,US,Verified,Bank Verification
7157,2025-01-09,UK,Failed,Utility Bill
7158,2024-08-04,UK,Verified,Document Upload
7159,2024-07-14,US,Verified,Utility Bill
7160,2025-06-10,UK,Verified,Document Upload
7161,2024-09-21,CA,Verified,Bank Verification
7162,2025-04-04,UK,Failed,Utility Bill
7163,2024-01-14,US,Verified,Document Upload
7164,2024-05-13,UK,Verified,Document Upload
7165,2024-09-20,US,Verified,Document Upload
7166,2024-10-29,CA,Verified,Document Upload
7167,2024-08-01,UK,Verified,Bank Verification
7168,2024-10-09,UK,Verified,Bank Verification
7169,2025-02-19,CA,Verified,Document Upload
7170,2024-09-25,UK,Failed,Bank Verification
7171,2024-09-23,UK,Verified,Bank Verification
7172,2025-03-13,UK,Verified,Document Upload
7173,2024-12-17,UK,Verified,Document Upload
7174,2023-12-18,US,Pending,Document Upload
7175,2024-05-13,UK,Pending,Utility Bill
7176,2024-01-11,UK,Verified,Utility Bill
7177,2024-10-18,CA,Verified,Document Upload
7178,2024-06-24,UK,Verified,Bank Verification
7179,2024-02-22,UK,Verified,Bank Verification
7180,2025-04-29,CA,Pending,Document Upload
7181,2025-03-28,UK,Verified,Bank Verification
7182,2024-05-25,UK,Verified,Bank Verification
7183,2025-01-31,CA,Failed,Utility Bill
7184,2024-03-16,UK,Verified,Document Upload
7185,2024-09-30,CA,Verified,Document Upload
7186,2024-12-12,US,Verified,Document Upload
7187,2024-09-13,UK,Verified,Bank Verification
7188,2025-03-27,US,Verified,Bank Verification
7189,2024-12-19,UK,Verified,Document Upload
7190,2024-05-02,US,Verified,Utility Bill
7191,2024-10-12,CA,Verified,Bank Verification
7192,2024-06-23,UK,Pending,Bank Verification
7193,2025-05-31,UK,Pending,Bank Verification
7194,2024-11-09,US,Verified,Bank Verification
7195,2025-02-04,CA,Verified,Utility Bill
7196,2025-01-03,US,Verified,Bank Verification
7197,2024-06-12,UK,Pending,Document Upload
7198,2024-01-08,UK,Failed,Document Upload
7199,2025-01-11,UK,Verified,Document Upload
7200,2025-05-02,US,Failed,Bank Verification
7201,2024-09-15,UK,Verified,Utility Bill
7202,2024-12-26,US,Failed,Utility Bill
7203,2024-07-28,CA,Verified,Bank Verification
7204,2024-09-20,US,Verified,Document Upload
7205,2025-04-26,UK,Verified,Document Upload
7206,2024-07-20,UK,Verified,Document Upload
7207,2025-04-18,UK,Verified,Document Upload
7208,2025-01-26,CA,Verified,Document Upload
7209,2025-02-26,UK,Verified,Bank Verification
7210,2024-07-17,UK,Verified,Document Upload
7211,2024-02-19,CA,Verified,Document Upload
7212,2025-04-17,UK,Verified,Utility Bill
7213,2025-01-01,UK,Verified,Bank Verification
7214,2024-08-21,US,Verified,Bank Verification
7215,2024-07-14,UK,Verified,Bank Verification
7216,2025-05-03,UK,Verified,Bank Verification
7217,2024-04-12,UK,Verified,Document Upload
7218,2024-11-10,US,Verified,Bank Verification
7219,2024-09-29,UK,Verified,Document Upload
7220,2024-05-10,UK,Verified,Utility Bill
7221,2024-07-08,UK,Pending,Utility Bill
7222,2025-02-27,CA,Verified,Document Upload
7223,2025-03-24,CA,Verified,Utility Bill
7224,2025-03-26,CA,Verified,Document Upload
7225,2024-07-24,UK,Verified,Utility Bill
7226,2023-12-18,UK,Pending,Bank Verification
7227,2024-02-07,UK,Verified,Bank Verification
7228,2024-10-19,UK,Verified,Document Upload
7229,2024-10-05,UK,Pending,Utility Bill
7230,2025-05-19,UK,Verified,Bank Verification
7231,2024-03-05,UK,Verified,Document Upload
7232,2024-10-21,US,Verified,Document Upload
7233,2024-05-02,UK,Verified,Bank Verification
7234,2025-01-16,US,Verified,Document Upload
7235,2025-01-21,UK,Pending,Document Upload
7236,2024-03-11,CA,Verified,Document Upload
7237,2024-12-13,UK,Failed,Utility Bill
7238,2024-02-05,UK,Verified,Document Upload
7239,2025-04-13,UK,Verified,Document Upload
7240,2024-04-12,US,Verified,Bank Verification
7241,2024-01-05,UK,Verified,Document Upload
7242,2024-06-01,CA,Failed,Bank Verification
7243,2025-05-03,CA,Verified,Utility Bill
7244,2024-07-30,UK,Verified,Bank Verification
7245,2025-04-12,UK,Verified,Utility Bill
7246,2025-05-19,CA,Verified,Bank Verification
7247,2024-07-16,CA,Verified,Utility Bill
7248,2024-06-15,UK,Verified,Document Upload
7249,2025-06-13,US,Failed,Bank Verification
7250,2024-11-12,US,Verified,Document Upload
7251,2025-03-21,UK,Verified,Bank Verification
7252,2025-01-11,US,Verified,Utility Bill
7253,2024-03-02,UK,Verified,Document Upload
7254,2024-08-02,US,Verified,Bank Verification
7255,2025-01-04,UK,Verified,Bank Verification
7256,2025-02-03,UK,Pending,Document Upload
7257,2024-03-02,UK,Verified,Document Upload
7258,2023-12-06,CA,Verified,Document Upload
7259,2024-09-25,UK,Verified,Utility Bill
7260,2024-07-15,CA,Verified,Bank Verification
7261,2025-04-06,UK,Verified,Document Upload
7262,2024-04-20,UK,Verified,Document Upload
7263,2024-04-23,UK,Verified,Document Upload
7264,2025-04-20,UK,Verified,Bank Verification
7265,2025-01-24,CA,Verified,Document Upload
7266,2025-05-31,UK,Verified,Document Upload
7267,2025-02-02,US,Verified,Bank Verification
7268,2025-03-14,UK,Pending,Document Upload
7269,2025-06-19,UK,Verified,Bank Verification
7270,2025-03-07,CA,Verified,Utility Bill
7271,2025-04-02,CA,Pending,Utility Bill
7272,2024-08-11,CA,Verified,Bank Verification
7273,2023-12-29,US,Verified,Bank Verification
7274,2024-06-12,UK,Failed,Bank Verification
7275,2024-03-18,US,Failed,Bank Verification
7276,2024-01-27,UK,Verified,Document Upload
7277,2024-02-10,US,Verified,Bank Verification
7278,2025-04-27,UK,Verified,Document Upload
7279,2024-06-03,CA,Verified,Document Upload
7280,2024-09-10,CA,Verified,Document Upload
7281,2024-11-16,UK,Verified,Bank Verification
7282,2024-06-10,UK,Failed,Utility Bill
7283,2024-07-10,UK,Verified,Document Upload
7284,2024-10-26,CA,Verified,Document Upload
7285,2024-06-10,UK,Verified,Document Upload
7286,2025-05-10,US,Verified,Utility Bill
7287,2024-11-18,UK,Verified,Document Upload
7288,2025-04-26,US,Verified,Bank Verification
7289,2025-05-09,US,Failed,Document Upload
7290,2025-06-15,US,Pending,Bank Verification
7291,2024-09-30,US,Verified,Document Upload
7292,2024-12-19,US,Pending,Bank Verification
7293,2024-05-23,UK,Verified,Bank Verification
7294,2025-03-21,US,Verified,Document Upload
7295,2024-12-25,US,Verified,Utility Bill
7296,2023-12-27,US,Verified,Bank Verification
7297,2024-11-29,UK,Verified,Document Upload
7298,2024-06-26,US,Pending,Document Upload
7299,2024-11-01,US,Verified,Document Upload
7300,2025-04-26,UK,Failed,Document Upload
7301,2025-01-30,US,Verified,Document Upload
7302,2024-06-06,US,Verified,Bank Verification
7303,2025-02-02,CA,Verified,Utility Bill
7304,2024-09-06,US,Verified,Utility Bill
7305,2025-02-15,UK,Verified,Document Upload
7306,2024-03-04,UK,Verified,Bank Verification
7307,2024-05-09,UK,Pending,Bank Verification
7308,2025-03-05,US,Verified,Bank Verification
7309,2023-12-15,US,Verified,Bank Verification
7310,2024-12-05,UK,Verified,Document Upload
7311,2024-04-16,UK,Failed,Bank Verification
7312,2024-09-15,CA,Failed,Bank Verification
7313,2024-05-02,UK,Verified,Bank Verification
7314,2024-09-02,US,Failed,Utility Bill
7315,2024-05-12,UK,Verified,Bank Verification
7316,2025-03-31,UK,Verified,Bank Verification
7317,2024-11-04,UK,Pending,Bank Verification
7318,2024-03-04,UK,Pending,Document Upload
7319,2024-09-10,US,Verified,Bank Verification
7320,2025-03-23,US,Failed,Bank Verification
7321,2025-01-18,CA,Pending,Utility Bill
7322,2024-09-30,UK,Pending,Document Upload
7323,2024-02-12,UK,Verified,Bank Verification
7324,2024-07-31,CA,Verified,Document Upload
7325,2025-04-11,UK,Verified,Document Upload
7326,2024-10-14,CA,Verified,Document Upload
7327,2025-02-11,CA,Pending,Utility Bill
7328,2024-12-08,UK,Verified,Bank Verification
7329,2024-08-08,CA,Verified,Bank Verification
7330,2024-05-05,UK,Verified,Document Upload
7331,2024-07-06,US,Failed,Utility Bill
7332,2024-08-26,UK,Pending,Bank Verification
7333,2025-05-07,UK,Verified,Document Upload
7334,2024-05-27,UK,Failed,Utility Bill
7335,2024-03-04,US,Verified,Bank Verification
7336,2024-04-12,UK,Failed,Document Upload
7337,2025-04-23,US,Verified,Document Upload
7338,2024-01-11,UK,Pending,Bank Verification
7339,2025-01-28,US,Pending,Document Upload
7340,2024-09-13,UK,Failed,Bank Verification
7341,2024-06-30,US,Pending,Document Upload
7342,2024-10-26,UK,Verified,Bank Verification
7343,2025-03-31,UK,Failed,Utility Bill
7344,2024-01-13,UK,Pending,Bank Verification
7345,2025-01-07,CA,Verified,Document Upload
7346,2023-12-18,US,Pending,Bank Verification
7347,2024-09-03,CA,Verified,Bank Verification
7348,2024-02-09,US,Verified,Bank Verification
7349,2025-06-03,US,Verified,Utility Bill
7350,2025-02-24,US,Verified,Utility Bill
7351,2025-03-08,CA,Verified,Bank Verification
7352,2024-01-20,CA,Verified,Utility Bill
7353,2025-01-20,UK,Verified,Utility Bill
7354,2024-06-17,UK,Verified,Utility Bill
7355,2024-01-30,UK,Verified,Document Upload
7356,2024-08-27,UK,Verified,Bank Verification
7357,2024-08-29,US,Verified,Bank Verification
7358,2025-04-07,UK,Verified,Document Upload
7359,2024-09-05,UK,Pending,Bank Verification
7360,2025-03-20,UK,Pending,Document Upload
7361,2024-09-15,UK,Verified,Document Upload
7362,2024-02-13,UK,Pending,Utility Bill
7363,2024-04-26,UK,Verified,Bank Verification
7364,2025-01-07,CA,Verified,Document Upload
7365,2024-06-20,US,Verified,Document Upload
7366,2024-09-23,US,Pending,Document Upload
7367,2024-10-12,US,Verified,Document Upload
7368,2024-10-20,US,Verified,Document Upload
7369,2023-12-21,US,Verified,Document Upload
7370,2024-11-13,UK,Verified,Utility Bill
7371,2024-06-22,UK,Verified,Bank Verification
7372,2024-10-21,US,Failed,Utility Bill
7373,2024-08-23,US,Pending,Utility Bill
7374,2025-01-12,US,Failed,Bank Verification
7375,2025-06-13,CA,Verified,Document Upload
7376,2024-01-25,US,Verified,Bank Verification
7377,2024-04-26,UK,Verified,Document Upload
7378,2024-08-31,US,Verified,Bank Verification
7379,2023-12-15,CA,Pending,Utility Bill
7380,2025-01-04,UK,Verified,Bank Verification
7381,2024-08-17,UK,Verified,Document Upload
7382,2025-02-19,CA,Verified,Document Upload
7383,2024-10-22,US,Pending,Bank Verification
7384,2024-03-21,US,Verified,Utility Bill
7385,2024-05-27,US,Verified,Document Upload
7386,2024-03-28,US,Pending,Bank Verification
7387,2024-07-16,US,Pending,Utility Bill
7388,2024-03-09,UK,Failed,Bank Verification
7389,2025-04-23,UK,Verified,Document Upload
7390,2024-07-16,UK,Verified,Document Upload
7391,2025-05-28,UK,Verified,Bank Verification
7392,2024-12-14,UK,Pending,Bank Verification
7393,2025-06-07,CA,Verified,Bank Verification
7394,2025-02-20,UK,Verified,Document Upload
7395,2024-07-15,US,Verified,Bank Verification
7396,2024-11-20,UK,Verified,Bank Verification
7397,2024-11-27,CA,Verified,Document Upload
7398,2025-04-30,US,Failed,Bank Verification
7399,2024-07-21,US,Verified,Bank Verification
7400,2025-01-14,UK,Verified,Document Upload
7401,2025-03-15,CA,Verified,Document Upload
7402,2024-12-04,UK,Verified,Utility Bill
7403,2024-08-07,CA,Failed,Utility Bill
7404,2025-04-16,UK,Verified,Bank Verification
7405,2024-03-17,UK,Verified,Document Upload
7406,2025-03-26,UK,Pending,Bank Verification
7407,2024-11-24,UK,Pending,Bank Verification
7408,2025-04-13,UK,Verified,Utility Bill
7409,2024-03-07,UK,Verified,Document Upload
7410,2024-11-11,CA,Verified,Document Upload
7411,2025-03-30,US,Failed,Utility Bill
7412,2024-01-09,CA,Failed,Bank Verification
7413,2024-01-27,UK,Verified,Document Upload
7414,2023-12-22,US,Verified,Bank Verification
7415,2024-10-22,UK,Verified,Bank Verification
7416,2025-04-23,UK,Verified,Document Upload
7417,2024-11-13,CA,Verified,Document Upload
7418,2024-07-16,UK,Verified,Document Upload
7419,2024-09-18,CA,Verified,Document Upload
7420,2025-06-17,UK,Verified,Document Upload
7421,2025-02-13,UK,Verified,Bank Verification
7422,2024-06-06,UK,Failed,Document Upload
7423,2025-05-05,US,Pending,Document Upload
7424,2024-06-29,CA,Verified,Utility Bill
7425,2023-12-20,UK,Pending,Document Upload
7426,2024-09-01,UK,Verified,Document Upload
7427,2025-02-23,UK,Verified,Document Upload
7428,2025-01-13,UK,Verified,Bank Verification
7429,2025-03-07,US,Pending,Bank Verification
7430,2024-09-28,US,Pending,Bank Verification
7431,2025-04-11,US,Verified,Utility Bill
7432,2025-05-29,US,Failed,Utility Bill
7433,2024-04-24,US,Verified,Document Upload
7434,2024-06-12,US,Verified,Document Upload
7435,2024-07-05,US,Verified,Document Upload
7436,2024-04-03,CA,Verified,Bank Verification
7437,2025-04-27,UK,Verified,Utility Bill
7438,2025-05-03,UK,Verified,Utility Bill
7439,2025-02-21,UK,Pending,Utility Bill
7440,2023-11-29,UK,Failed,Utility Bill
7441,2025-05-31,UK,Verified,Bank Verification
7442,2025-03-11,CA,Verified,Document Upload
7443,2025-05-28,UK,Failed,Utility Bill
7444,2024-01-16,UK,Pending,Document Upload
7445,2024-04-30,US,Verified,Bank Verification
7446,2023-12-11,UK,Verified,Bank Verification
7447,2024-08-11,CA,Verified,Bank Verification
7448,2024-10-22,US,Verified,Bank Verification
7449,2024-03-08,US,Verified,Utility Bill
7450,2024-02-27,CA,Pending,Document Upload
7451,2024-06-15,UK,Failed,Utility Bill
7452,2024-08-04,US,Failed,Bank Verification
7453,2024-03-11,UK,Verified,Bank Verification
7454,2025-01-16,UK,Verified,Utility Bill
7455,2024-04-17,UK,Pending,Bank Verification
7456,2024-05-25,US,Pending,Utility Bill
7457,2024-10-16,US,Verified,Document Upload
7458,2024-11-28,US,Pending,Document Upload
7459,2025-03-14,UK,Verified,Document Upload
7460,2025-03-25,UK,Failed,Utility Bill
7461,2025-05-05,UK,Failed,Utility Bill
7462,2024-04-07,UK,Verified,Bank Verification
7463,2024-01-03,UK,Verified,Utility Bill
7464,2025-03-04,US,Verified,Document Upload
7465,2025-03-19,UK,Failed,Utility Bill
7466,2024-01-05,CA,Verified,Bank Verification
7467,2024-02-12,US,Verified,Bank Verification
7468,2025-02-27,UK,Verified,Document Upload
7469,2024-07-05,UK,Verified,Document Upload
7470,2024-12-18,UK,Verified,Utility Bill
7471,2024-08-09,UK,Verified,Document Upload
7472,2024-03-21,US,Pending,Document Upload
7473,2024-07-07,CA,Verified,Document Upload
7474,2024-03-01,CA,Verified,Utility Bill
7475,2024-06-26,US,Verified,Bank Verification
7476,2024-11-04,UK,Verified,Document Upload
7477,2024-12-22,US,Verified,Document Upload
7478,2024-07-08,US,Verified,Document Upload
7479,2025-04-12,UK,Failed,Utility Bill
7480,2023-12-30,CA,Failed,Utility Bill
7481,2024-10-23,US,Verified,Document Upload
7482,2025-01-06,US,Verified,Document Upload
7483,2024-07-08,UK,Verified,Document Upload
7484,2025-01-19,US,Verified,Utility Bill
7485,2025-06-17,UK,Verified,Document Upload
7486,2025-04-22,CA,Verified,Document Upload
7487,2024-06-19,CA,Verified,Bank Verification
7488,2024-05-24,US,Verified,Utility Bill
7489,2024-04-05,UK,Verified,Document Upload
7490,2024-05-23,CA,Verified,Document Upload
7491,2024-10-15,UK,Verified,Bank Verification
7492,2025-04-12,UK,Failed,Utility Bill
7493,2024-02-26,UK,Verified,Bank Verification
7494,2024-05-06,UK,Verified,Document Upload
7495,2025-02-10,US,Verified,Utility Bill
7496,2025-01-07,US,Pending,Utility Bill
7497,2024-07-02,US,Pending,Document Upload
7498,2024-09-02,UK,Verified,Bank Verification
7499,2024-11-11,CA,Verified,Document Upload
7500,2024-08-04,UK,Verified,Bank Verification
7501,2024-05-04,US,Verified,Bank Verification
7502,2024-07-23,US,Verified,Bank Verification
7503,2025-03-17,UK,Verified,Utility Bill
7504,2024-08-10,US,Verified,Document Upload
7505,2024-02-17,UK,Verified,Utility Bill
7506,2024-11-05,UK,Verified,Document Upload
7507,2024-04-14,UK,Verified,Document Upload
7508,2024-05-17,US,Verified,Utility Bill
7509,2024-11-04,US,Verified,Document Upload
7510,2025-02-21,UK,Verified,Bank Verification
7511,2024-10-01,UK,Pending,Utility Bill
7512,2024-02-11,UK,Verified,Document Upload
7513,2024-05-28,US,Verified,Document Upload
7514,2024-11-11,UK,Verified,Document Upload
7515,2025-06-11,UK,Verified,Document Upload
7516,2024-04-06,UK,Verified,Document Upload
7517,2025-06-20,CA,Verified,Bank Verification
7518,2024-07-09,US,Verified,Bank Verification
7519,2025-05-13,CA,Pending,Document Upload
7520,2024-10-06,UK,Failed,Document Upload
7521,2025-02-14,UK,Verified,Utility Bill
7522,2024-09-22,UK,Verified,Utility Bill
7523,2024-04-26,UK,Verified,Bank Verification
7524,2024-08-25,US,Verified,Document Upload
7525,2024-12-23,CA,Pending,Document Upload
7526,2024-10-25,CA,Verified,Document Upload
7527,2024-10-20,CA,Verified,Bank Verification
7528,2024-08-04,UK,Pending,Document Upload
7529,2024-10-20,CA,Verified,Document Upload
7530,2024-09-22,US,Verified,Bank Verification
7531,2024-01-08,CA,Pending,Bank Verification
7532,2024-02-26,UK,Verified,Bank Verification
7533,2025-03-12,US,Verified,Bank Verification
7534,2025-01-23,US,Verified,Document Upload
7535,2024-05-13,US,Verified,Bank Verification
7536,2024-04-18,US,Pending,Utility Bill
7537,2024-11-21,US,Verified,Document Upload
7538,2024-10-29,US,Verified,Utility Bill
7539,2025-04-12,CA,Verified,Document Upload
7540,2024-02-21,UK,Verified,Document Upload
7541,2023-12-13,US,Verified,Bank Verification
7542,2024-03-06,UK,Verified,Bank Verification
7543,2023-12-12,CA,Verified,Document Upload
7544,2025-05-09,UK,Pending,Utility Bill
7545,2024-04-14,UK,Verified,Document Upload
7546,2024-01-09,UK,Verified,Document Upload
7547,2024-06-08,US,Verified,Document Upload
7548,2024-03-14,UK,Pending,Document Upload
7549,2025-05-17,CA,Verified,Bank Verification
7550,2024-06-12,US,Verified,Bank Verification
7551,2024-05-28,CA,Verified,Bank Verification
7552,2025-03-03,US,Pending,Bank Verification
7553,2025-01-23,US,Verified,Bank Verification
7554,2024-03-03,UK,Verified,Document Upload
7555,2024-12-05,UK,Failed,Utility Bill
7556,2024-07-18,CA,Verified,Document Upload
7557,2024-05-30,US,Verified,Document Upload
7558,2025-02-08,UK,Pending,Utility Bill
7559,2025-01-10,UK,Verified,Bank Verification
7560,2024-06-21,US,Verified,Bank Verification
7561,2025-01-24,US,Verified,Document Upload
7562,2025-04-13,UK,Failed,Utility Bill
7563,2024-07-12,UK,Verified,Document Upload
7564,2024-05-18,UK,Verified,Document Upload
7565,2024-08-08,US,Verified,Bank Verification
7566,2025-03-03,UK,Pending,Utility Bill
7567,2025-03-21,UK,Verified,Utility Bill
7568,2024-12-28,UK,Pending,Document Upload
7569,2024-08-17,UK,Verified,Utility Bill
7570,2025-06-07,UK,Pending,Utility Bill
7571,2025-04-26,UK,Verified,Document Upload
7572,2024-11-20,US,Failed,Utility Bill
7573,2024-08-18,UK,Verified,Document Upload
7574,2024-07-10,UK,Failed,Utility Bill
7575,2025-05-15,CA,Verified,Bank Verification
7576,2024-06-11,CA,Verified,Document Upload
7577,2024-05-08,UK,Verified,Document Upload
7578,2024-10-26,UK,Verified,Document Upload
7579,2025-02-26,UK,Failed,Utility Bill
7580,2025-01-12,US,Verified,Document Upload
7581,2024-09-04,CA,Verified,Document Upload
7582,2025-04-27,CA,Verified,Bank Verification
7583,2025-01-27,CA,Verified,Bank Verification
7584,2024-11-29,US,Failed,Utility Bill
7585,2025-01-02,CA,Verified,Bank Verification
7586,2024-04-01,US,Verified,Utility Bill
7587,2024-12-23,UK,Verified,Bank Verification
7588,2024-01-06,UK,Verified,Document Upload
7589,2025-02-15,UK,Pending,Utility Bill
7590,2024-01-13,US,Pending,Document Upload
7591,2024-07-19,CA,Failed,Bank Verification
7592,2025-05-03,US,Verified,Bank Verification
7593,2024-10-24,US,Verified,Document Upload
7594,2025-04-09,UK,Failed,Bank Verification
7595,2024-12-20,CA,Pending,Document Upload
7596,2024-11-23,UK,Verified,Document Upload
7597,2024-10-28,US,Verified,Bank Verification
7598,2024-08-06,US,Verified,Bank Verification
7599,2023-12-29,UK,Verified,Bank Verification
7600,2025-05-23,US,Failed,Bank Verification
7601,2024-09-12,UK,Pending,Bank Verification
7602,2025-04-30,US,Verified,Bank Verification
7603,2024-11-10,UK,Verified,Bank Verification
7604,2024-03-07,CA,Pending,Utility Bill
7605,2024-02-15,UK,Verified,Bank Verification
7606,2023-11-30,UK,Pending,Utility Bill
7607,2024-05-02,CA,Verified,Document Upload
7608,2024-10-14,US,Failed,Bank Verification
7609,2024-06-05,CA,Verified,Bank Verification
7610,2024-03-26,US,Verified,Document Upload
7611,2024-12-29,UK,Verified,Document Upload
7612,2024-05-16,US,Verified,Bank Verification
7613,2024-11-09,CA,Verified,Document Upload
7614,2024-04-08,UK,Failed,Utility Bill
7615,2024-02-12,UK,Verified,Bank Verification
7616,2024-10-24,UK,Verified,Bank Verification
7617,2024-05-06,UK,Verified,Document Upload
7618,2024-01-08,UK,Verified,Bank Verification
7619,2024-09-23,US,Pending,Document Upload
7620,2025-04-11,UK,Verified,Bank Verification
7621,2025-02-23,UK,Verified,Bank Verification
7622,2025-01-20,UK,Pending,Document Upload
7623,2025-01-01,US,Verified,Utility Bill
7624,2024-06-23,UK,Verified,Utility Bill
7625,2024-04-11,US,Verified,Bank Verification
7626,2025-01-29,US,Pending,Document Upload
7627,2024-01-15,UK,Verified,Document Upload
7628,2024-02-28,CA,Pending,Document Upload
7629,2025-06-05,US,Verified,Document Upload
7630,2024-03-09,US,Verified,Document Upload
7631,2024-09-14,US,Verified,Utility Bill
7632,2024-03-28,US,Failed,Document Upload
7633,2025-01-31,UK,Verified,Document Upload
7634,2024-02-06,UK,Verified,Bank Verification
7635,2024-08-25,UK,Verified,Document Upload
7636,2024-06-23,UK,Verified,Bank Verification
7637,2025-03-21,UK,Verified,Bank Verification
7638,2025-03-09,UK,Verified,Bank Verification
7639,2024-08-18,UK,Verified,Document Upload
7640,2024-12-15,CA,Verified,Document Upload
7641,2025-05-25,CA,Verified,Bank Verification
7642,2025-06-18,UK,Verified,Bank Verification
7643,2024-08-06,UK,Failed,Bank Verification
7644,2024-11-07,UK,Verified,Bank Verification
7645,2024-06-15,UK,Verified,Document Upload
7646,2024-06-23,CA,Verified,Bank Verification
7647,2024-03-02,UK,Failed,Document Upload
7648,2024-05-19,UK,Verified,Document Upload
7649,2024-03-16,CA,Failed,Utility Bill
7650,2024-05-09,UK,Pending,Document Upload
7651,2024-08-24,UK,Verified,Document Upload
7652,2025-01-24,US,Pending,Utility Bill
7653,2024-05-05,UK,Verified,Bank Verification
7654,2024-01-11,CA,Verified,Document Upload
7655,2025-03-05,UK,Pending,Document Upload
7656,2024-08-14,CA,Verified,Bank Verification
7657,2024-03-20,US,Verified,Document Upload
7658,2025-02-22,UK,Failed,Utility Bill
7659,2023-12-06,UK,Pending,Utility Bill
7660,2024-01-03,UK,Verified,Document Upload
7661,2024-09-30,UK,Verified,Document Upload
7662,2024-06-02,UK,Verified,Utility Bill
7663,2024-05-28,UK,Pending,Bank Verification
7664,2024-05-27,UK,Verified,Utility Bill
7665,2025-01-05,UK,Verified,Document Upload
7666,2024-07-09,CA,Verified,Utility Bill
7667,2025-04-13,US,Verified,Document Upload
7668,2025-06-20,UK,Verified,Bank Verification
7669,2024-02-28,UK,Failed,Utility Bill
7670,2024-08-10,UK,Verified,Document Upload
7671,2024-07-23,US,Failed,Utility Bill
7672,2024-05-05,CA,Verified,Document Upload
7673,2024-06-10,CA,Verified,Document Upload
7674,2024-06-06,UK,Failed,Utility Bill
7675,2024-12-01,UK,Pending,Bank Verification
7676,2025-02-18,UK,Verified,Bank Verification
7677,2025-03-26,US,Verified,Document Upload
7678,2024-09-23,US,Verified,Utility Bill
7679,2024-02-08,UK,Failed,Bank Verification
7680,2024-05-04,US,Verified,Document Upload
7681,2024-12-06,UK,Verified,Bank Verification
7682,2024-01-23,US,Verified,Document Upload
7683,2024-09-06,US,Failed,Bank Verification
7684,2025-02-10,CA,Verified,Document Upload
7685,2024-11-26,US,Verified,Document Upload
7686,2024-07-29,US,Verified,Bank Verification
7687,2024-06-26,CA,Verified,Utility Bill
7688,2025-05-12,UK,Verified,Bank Verification
7689,2025-04-24,UK,Verified,Document Upload
7690,2025-03-12,US,Failed,Utility Bill
7691,2025-05-01,US,Verified,Document Upload
7692,2024-11-16,UK,Verified,Document Upload
7693,2023-12-28,CA,Pending,Bank Verification
7694,2025-06-11,CA,Verified,Bank Verification
7695,2024-11-22,US,Failed,Bank Verification
7696,2024-11-30,UK,Verified,Document Upload
7697,2025-02-11,UK,Verified,Bank Verification
7698,2024-02-10,US,Failed,Utility Bill
7699,2025-05-02,CA,Verified,Document Upload
7700,2024-12-30,CA,Verified,Utility Bill
7701,2024-01-09,US,Pending,Utility Bill
7702,2025-03-26,UK,Verified,Utility Bill
7703,2025-01-20,UK,Verified,Bank Verification
7704,2025-04-22,UK,Failed,Utility Bill
7705,2024-12-02,US,Verified,Document Upload
7706,2024-08-10,UK,Verified,Utility Bill
7707,2024-05-09,CA,Verified,Utility Bill
7708,2024-11-03,UK,Verified,Document Upload
7709,2024-07-14,CA,Verified,Document Upload
7710,2024-06-29,US,Verified,Document Upload
7711,2024-06-03,UK,Verified,Bank Verification
7712,2024-11-03,US,Failed,Utility Bill
7713,2024-07-26,UK,Pending,Utility Bill
7714,2024-08-24,UK,Pending,Document Upload
7715,2024-12-22,UK,Verified,Bank Verification
7716,2024-11-01,US,Verified,Document Upload
7717,2024-06-16,UK,Verified,Bank Verification
7718,2025-01-07,US,Verified,Bank Verification
7719,2024-07-22,CA,Verified,Document Upload
7720,2025-06-15,UK,Verified,Bank Verification
7721,2025-06-03,CA,Verified,Bank Verification
7722,2025-01-10,UK,Failed,Utility Bill
7723,2024-09-25,UK,Verified,Utility Bill
7724,2024-04-24,US,Failed,Bank Verification
7725,2024-10-05,UK,Verified,Utility Bill
7726,2024-12-06,UK,Failed,Utility Bill
7727,2024-03-19,UK,Failed,Bank Verification
7728,2024-04-06,UK,Verified,Bank Verification
7729,2024-01-02,UK,Verified,Bank Verification
7730,2025-05-28,UK,Verified,Document Upload
7731,2025-01-16,UK,Verified,Document Upload
7732,2024-05-16,CA,Verified,Document Upload
7733,2024-10-19,US,Verified,Document Upload
7734,2024-03-07,US,Verified,Document Upload
7735,2025-03-06,UK,Verified,Bank Verification
7736,2025-02-02,CA,Pending,Utility Bill
7737,2023-11-30,UK,Pending,Bank Verification
7738,2024-11-16,US,Verified,Bank Verification
7739,2025-01-16,UK,Verified,Document Upload
7740,2025-01-21,UK,Failed,Utility Bill
7741,2024-10-12,UK,Verified,Document Upload
7742,2024-10-15,US,Verified,Utility Bill
7743,2024-07-02,UK,Failed,Utility Bill
7744,2024-01-14,US,Verified,Bank Verification
7745,2025-04-24,CA,Verified,Document Upload
7746,2024-05-19,UK,Pending,Utility Bill
7747,2024-11-14,UK,Verified,Bank Verification
7748,2025-04-22,US,Verified,Bank Verification
7749,2024-08-01,UK,Pending,Document Upload
7750,2023-11-30,CA,Verified,Bank Verification
7751,2024-07-23,CA,Verified,Document Upload
7752,2024-05-29,US,Pending,Document Upload
7753,2024-03-07,UK,Failed,Bank Verification
7754,2024-03-14,Unknown,Verified,Bank Verification
7755,2024-05-07,CA,Verified,Document Upload
7756,2024-02-28,UK,Verified,Document Upload
7757,2025-05-29,CA,Verified,Document Upload
7758,2024-01-13,UK,Verified,Bank Verification
7759,2024-01-13,UK,Verified,Document Upload
7760,2024-04-04,UK,Verified,Bank Verification
7761,2024-11-16,CA,Failed,Bank Verification
7762,2025-01-18,UK,Verified,Bank Verification
7763,2023-12-28,UK,Pending,Document Upload
7764,2024-04-21,US,Failed,Utility Bill
7765,2024-09-23,US,Failed,Bank Verification
7766,2024-06-04,UK,Verified,Utility Bill
7767,2024-02-08,US,Verified,Utility Bill
7768,2024-10-26,UK,Verified,Utility Bill
7769,2024-11-23,UK,Verified,Document Upload
7770,2024-02-11,US,Verified,Bank Verification
7771,2024-06-13,UK,Failed,Utility Bill
7772,2025-06-14,CA,Verified,Document Upload
7773,2025-02-18,UK,Failed,Utility Bill
7774,2024-09-06,UK,Verified,Document Upload
7775,2025-03-24,UK,Verified,Bank Verification
7776,2024-02-02,US,Failed,Bank Verification
7777,2024-08-25,CA,Failed,Utility Bill
7778,2024-08-21,US,Verified,Bank Verification
7779,2024-08-15,UK,Verified,Document Upload
7780,2024-11-15,UK,Failed,Bank Verification
7781,2024-08-16,CA,Failed,Utility Bill
7782,2025-04-20,US,Verified,Document Upload
7783,2024-04-30,CA,Verified,Document Upload
7784,2025-03-04,UK,Failed,Utility Bill
7785,2024-12-02,CA,Failed,Utility Bill
7786,2025-01-21,UK,Verified,Bank Verification
7787,2024-04-20,CA,Verified,Utility Bill
7788,2023-12-02,UK,Failed,Utility Bill
7789,2024-02-04,US,Verified,Document Upload
7790,2024-08-12,UK,Verified,Utility Bill
7791,2024-05-22,US,Verified,Utility Bill
7792,2024-12-27,US,Verified,Document Upload
7793,2025-03-23,UK,Verified,Document Upload
7794,2024-02-01,US,Verified,Bank Verification
7795,2024-09-12,CA,Verified,Bank Verification
7796,2024-07-07,CA,Pending,Bank Verification
7797,2025-05-19,CA,Verified,Utility Bill
7798,2025-01-04,US,Failed,Utility Bill
7799,2024-12-13,US,Verified,Document Upload
7800,2024-06-13,UK,Pending,Document Upload
7801,2025-02-01,US,Verified,Document Upload
7802,2025-06-06,UK,Pending,Bank Verification
7803,2025-06-20,UK,Failed,Utility Bill
7804,2024-08-27,UK,Verified,Bank Verification
7805,2024-04-09,US,Verified,Document Upload
7806,2024-08-25,Unknown,Verified,Bank Verification
7807,2023-11-30,US,Verified,Bank Verification
7808,2025-05-12,US,Verified,Document Upload
7809,2024-12-13,UK,Verified,Bank Verification
7810,2024-06-09,US,Verified,Utility Bill
7811,2024-02-28,UK,Verified,Document Upload
7812,2025-06-07,CA,Verified,Document Upload
7813,2024-07-24,UK,Verified,Document Upload
7814,2025-03-02,UK,Pending,Document Upload
7815,2024-01-02,US,Verified,Bank Verification
7816,2024-04-24,UK,Verified,Document Upload
7817,2024-01-09,CA,Pending,Document Upload
7818,2024-11-04,UK,Verified,Utility Bill
7819,2024-03-07,UK,Failed,Utility Bill
7820,2024-05-06,CA,Verified,Bank Verification
7821,2025-01-31,US,Verified,Document Upload
7822,2024-08-17,UK,Verified,Utility Bill
7823,2025-06-13,UK,Failed,Utility Bill
7824,2024-09-29,UK,Pending,Document Upload
7825,2025-02-03,US,Pending,Bank Verification
7826,2024-07-18,US,Verified,Bank Verification
7827,2024-07-26,UK,Verified,Document Upload
7828,2025-06-09,UK,Pending,Document Upload
7829,2024-04-08,UK,Verified,Document Upload
7830,2025-06-19,CA,Verified,Utility Bill
7831,2023-12-17,UK,Verified,Bank Verification
7832,2024-01-03,UK,Failed,Utility Bill
7833,2024-03-22,CA,Failed,Utility Bill
7834,2024-05-23,UK,Verified,Document Upload
7835,2025-06-08,UK,Verified,Bank Verification
7836,2025-03-08,US,Pending,Utility Bill
7837,2024-01-07,UK,Verified,Bank Verification
7838,2024-05-21,UK,Verified,Document Upload
7839,2025-03-03,US,Pending,Bank Verification
7840,2024-01-10,UK,Failed,Bank Verification
7841,2025-02-08,US,Pending,Document Upload
7842,2024-02-29,CA,Verified,Document Upload
7843,2025-02-15,UK,Verified,Document Upload
7844,2024-06-20,UK,Verified,Document Upload
7845,2024-12-06,UK,Verified,Document Upload
7846,2024-08-25,UK,Verified,Utility Bill
7847,2025-01-28,UK,Failed,Utility Bill
7848,2024-07-01,UK,Pending,Document Upload
7849,2025-01-24,UK,Failed,Utility Bill
7850,2025-03-09,UK,Verified,Bank Verification
7851,2025-02-22,US,Verified,Bank Verification
7852,2024-10-09,UK,Failed,Bank Verification
7853,2024-11-04,US,Verified,Bank Verification
7854,2024-02-07,UK,Verified,Document Upload
7855,2025-05-22,CA,Verified,Bank Verification
7856,2024-11-26,UK,Verified,Utility Bill
7857,2025-02-03,UK,Verified,Utility Bill
7858,2025-01-19,CA,Pending,Bank Verification
7859,2024-07-20,UK,Failed,Utility Bill
7860,2024-08-28,US,Verified,Bank Verification
7861,2024-03-21,US,Pending,Utility Bill
7862,2024-03-14,UK,Failed,Document Upload
7863,2024-01-05,US,Failed,Document Upload
7864,2024-02-04,UK,Verified,Document Upload
7865,2024-06-07,Unknown,Verified,Bank Verification
7866,2023-11-29,US,Failed,Utility Bill
7867,2024-02-13,UK,Pending,Document Upload
7868,2023-12-19,CA,Verified,Document Upload
7869,2024-08-09,CA,Verified,Document Upload
7870,2025-04-20,CA,Pending,Bank Verification
7871,2024-01-23,UK,Verified,Document Upload
7872,2024-10-04,US,Verified,Bank Verification
7873,2025-04-18,UK,Pending,Document Upload
7874,2024-08-10,CA,Verified,Document Upload
7875,2024-07-25,US,Verified,Bank Verification
7876,2024-05-30,UK,Verified,Bank Verification
7877,2024-07-30,UK,Verified,Document Upload
7878,2025-04-18,US,Verified,Document Upload
7879,2024-08-02,CA,Verified,Document Upload
7880,2024-11-25,US,Verified,Bank Verification
7881,2025-05-04,US,Verified,Document Upload
7882,2024-11-18,US,Verified,Utility Bill
7883,2024-08-28,UK,Pending,Bank Verification
7884,2024-07-09,US,Failed,Utility Bill
7885,2023-12-11,UK,Verified,Bank Verification
7886,2024-11-22,US,Pending,Bank Verification
7887,2024-04-16,UK,Pending,Bank Verification
7888,2024-12-23,CA,Verified,Utility Bill
7889,2023-12-14,US,Verified,Utility Bill
7890,2025-03-06,UK,Verified,Document Upload
7891,2024-06-23,UK,Verified,Document Upload
7892,2024-06-08,UK,Pending,Document Upload
7893,2025-03-30,UK,Verified,Document Upload
7894,2024-12-26,CA,Failed,Utility Bill
7895,2024-08-26,US,Verified,Utility Bill
7896,2025-02-24,UK,Verified,Utility Bill
7897,2024-06-19,UK,Verified,Utility Bill
7898,2024-01-18,UK,Verified,Bank Verification
7899,2024-09-19,CA,Verified,Bank Verification
7900,2024-11-13,Unknown,Pending,Utility Bill
7901,2025-04-13,UK,Verified,Bank Verification
7902,2025-01-09,CA,Failed,Utility Bill
7903,2024-08-04,UK,Pending,Document Upload
7904,2025-04-30,US,Verified,Bank Verification
7905,2025-06-20,CA,Verified,Document Upload
7906,2024-08-28,UK,Verified,Document Upload
7907,2024-02-19,US,Verified,Document Upload
7908,2024-12-08,US,Verified,Utility Bill
7909,2024-06-20,CA,Verified,Document Upload
7910,2024-07-22,US,Pending,Bank Verification
7911,2024-08-25,US,Verified,Document Upload
7912,2024-12-25,US,Verified,Bank Verification
7913,2025-01-15,US,Verified,Bank Verification
7914,2024-09-26,UK,Verified,Document Upload
7915,2024-08-20,UK,Verified,Document Upload
7916,2025-04-08,US,Verified,Document Upload
7917,2024-03-17,US,Verified,Document Upload
7918,2025-05-16,UK,Pending,Document Upload
7919,2024-02-29,UK,Verified,Document Upload
7920,2024-01-06,US,Verified,Document Upload
7921,2024-02-24,US,Verified,Utility Bill
7922,2024-04-28,US,Pending,Bank Verification
7923,2024-04-26,UK,Verified,Document Upload
7924,2024-10-24,UK,Verified,Bank Verification
7925,2024-08-26,CA,Pending,Document Upload
7926,2025-02-27,UK,Pending,Bank Verification
7927,2024-09-25,UK,Failed,Utility Bill
7928,2024-06-07,US,Verified,Document Upload
7929,2024-11-03,US,Pending,Bank Verification
7930,2024-07-12,CA,Verified,Document Upload
7931,2024-06-24,US,Verified,Bank Verification
7932,2024-07-02,CA,Pending,Document Upload
7933,2024-03-10,CA,Verified,Utility Bill
7934,2023-12-11,CA,Verified,Bank Verification
7935,2024-01-04,CA,Pending,Utility Bill
7936,2024-12-01,UK,Verified,Bank Verification
7937,2024-10-11,CA,Failed,Document Upload
7938,2024-01-08,UK,Verified,Document Upload
7939,2023-12-24,UK,Verified,Bank Verification
7940,2024-10-16,US,Pending,Document Upload
7941,2024-02-14,UK,Verified,Bank Verification
7942,2023-12-13,US,Verified,Utility Bill
7943,2023-12-22,UK,Failed,Utility Bill
7944,2023-12-14,CA,Verified,Bank Verification
7945,2024-07-19,US,Verified,Bank Verification
7946,2024-10-27,UK,Verified,Bank Verification
7947,2024-07-07,US,Pending,Document Upload
7948,2024-09-09,UK,Verified,Bank Verification
7949,2024-12-16,US,Verified,Utility Bill
7950,2024-01-27,CA,Pending,Document Upload
7951,2025-05-26,US,Verified,Document Upload
7952,2024-01-29,UK,Verified,Bank Verification
7953,2024-08-20,CA,Verified,Document Upload
7954,2025-04-27,Unknown,Pending,Bank Verification
7955,2024-01-17,UK,Failed,Bank Verification
7956,2024-09-06,UK,Verified,Document Upload
7957,2024-05-21,UK,Failed,Utility Bill
7958,2025-04-26,UK,Verified,Document Upload
7959,2025-04-15,UK,Verified,Utility Bill
7960,2024-02-24,UK,Verified,Document Upload
7961,2023-12-21,US,Failed,Document Upload
7962,2025-01-18,UK,Verified,Bank Verification
7963,2025-03-03,UK,Verified,Bank Verification
7964,2024-12-15,UK,Verified,Document Upload
7965,2024-06-12,CA,Verified,Bank Verification
7966,2024-12-20,CA,Verified,Bank Verification
7967,2024-01-18,US,Verified,Bank Verification
7968,2024-05-07,US,Verified,Document Upload
7969,2024-06-13,UK,Verified,Document Upload
7970,2024-12-18,UK,Verified,Document Upload
7971,2024-06-09,UK,Verified,Document Upload
7972,2024-10-12,US,Verified,Document Upload
7973,2024-08-29,US,Verified,Utility Bill
7974,2024-02-08,US,Verified,Document Upload
7975,2024-08-21,US,Verified,Utility Bill
7976,2024-10-13,UK,Verified,Document Upload
7977,2024-08-04,US,Verified,Bank Verification
7978,2024-01-14,US,Verified,Bank Verification
7979,2024-07-29,US,Verified,Document Upload
7980,2024-01-15,UK,Verified,Document Upload
7981,2024-05-22,US,Verified,Bank Verification
7982,2024-10-05,US,Verified,Document Upload
7983,2024-08-28,US,Verified,Utility Bill
7984,2025-02-08,US,Verified,Document Upload
7985,2024-08-27,CA,Verified,Bank Verification
7986,2024-01-03,UK,Failed,Bank Verification
7987,2025-01-10,CA,Verified,Bank Verification
7988,2024-08-07,CA,Pending,Utility Bill
7989,2025-03-20,UK,Pending,Document Upload
7990,2024-11-30,UK,Verified,Bank Verification
7991,2025-05-01,UK,Verified,Document Upload
7992,2025-05-18,UK,Verified,Document Upload
7993,2024-01-03,US,Verified,Utility Bill
7994,2024-09-29,UK,Verified,Utility Bill
7995,2024-07-02,UK,Pending,Utility Bill
7996,2025-06-01,US,Verified,Bank Verification
7997,2024-10-07,US,Failed,Document Upload
7998,2024-06-28,UK,Pending,Bank Verification
7999,2025-02-05,UK,Verified,Document Upload
8000,2024-11-08,UK,Verified,Utility Bill
8001,2024-02-02,UK,Verified,Utility Bill
8002,2025-01-05,US,Verified,Document Upload
8003,2024-05-20,UK,Verified,Document Upload
8004,2025-02-15,UK,Pending,Utility Bill
8005,2024-03-16,CA,Failed,Bank Verification
8006,2024-04-15,US,Verified,Document Upload
8007,2024-06-27,UK,Verified,Utility Bill
8008,2024-01-25,UK,Verified,Document Upload
8009,2024-03-23,UK,Failed,Utility Bill
8010,2025-06-16,UK,Pending,Bank Verification
8011,2024-08-14,UK,Verified,Document Upload
8012,2024-08-23,US,Verified,Bank Verification
8013,2024-09-07,UK,Verified,Document Upload
8014,2025-05-07,US,Verified,Utility Bill
8015,2024-03-07,US,Failed,Bank Verification
8016,2025-05-31,US,Verified,Utility Bill
8017,2025-04-22,CA,Verified,Bank Verification
8018,2023-12-08,CA,Verified,Utility Bill
8019,2025-06-10,CA,Verified,Bank Verification
8020,2024-12-24,CA,Verified,Utility Bill
8021,2024-10-27,UK,Verified,Document Upload
8022,2024-08-20,UK,Verified,Document Upload
8023,2025-02-17,US,Verified,Bank Verification
8024,2024-01-23,UK,Verified,Document Upload
8025,2024-10-05,CA,Verified,Document Upload
8026,2024-06-19,UK,Pending,Bank Verification
8027,2024-09-03,US,Verified,Bank Verification
8028,2024-12-03,US,Failed,Utility Bill
8029,2023-12-20,CA,Verified,Bank Verification
8030,2024-05-16,UK,Verified,Utility Bill
8031,2024-10-13,UK,Verified,Document Upload
8032,2024-03-31,UK,Pending,Document Upload
8033,2024-09-29,UK,Verified,Document Upload
8034,2024-06-17,UK,Verified,Bank Verification
8035,2025-05-28,US,Verified,Utility Bill
8036,2024-11-12,US,Verified,Bank Verification
8037,2024-07-10,US,Verified,Bank Verification
8038,2024-04-16,CA,Verified,Document Upload
8039,2024-06-30,US,Verified,Document Upload
8040,2024-11-20,CA,Verified,Utility Bill
8041,2024-04-15,UK,Failed,Utility Bill
8042,2024-11-26,US,Verified,Document Upload
8043,2024-04-10,US,Verified,Utility Bill
8044,2025-01-11,US,Verified,Utility Bill
8045,2025-02-04,UK,Verified,Utility Bill
8046,2023-12-13,US,Verified,Bank Verification
8047,2024-10-15,UK,Verified,Bank Verification
8048,2025-04-13,US,Verified,Document Upload
8049,2024-09-29,UK,Verified,Document Upload
8050,2025-05-21,US,Failed,Bank Verification
8051,2025-01-24,UK,Verified,Bank Verification
8052,2025-01-05,UK,Verified,Document Upload
8053,2024-08-17,UK,Verified,Document Upload
8054,2025-04-11,US,Verified,Bank Verification
8055,2024-03-19,UK,Verified,Bank Verification
8056,2024-11-24,CA,Verified,Bank Verification
8057,2024-01-18,UK,Verified,Document Upload
8058,2024-01-03,UK,Pending,Document Upload
8059,2024-10-28,UK,Verified,Document Upload
8060,2023-12-28,UK,Verified,Bank Verification
8061,2024-04-29,UK,Verified,Bank Verification
8062,2025-02-10,UK,Failed,Utility Bill
8063,2025-01-19,UK,Verified,Document Upload
8064,2025-01-03,CA,Verified,Document Upload
8065,2024-08-11,UK,Pending,Utility Bill
8066,2024-11-03,UK,Verified,Document Upload
8067,2025-04-11,UK,Verified,Bank Verification
8068,2023-12-27,UK,Verified,Document Upload
8069,2025-01-14,CA,Verified,Bank Verification
8070,2025-01-20,US,Verified,Bank Verification
8071,2024-03-12,UK,Verified,Bank Verification
8072,2024-04-12,UK,Verified,Bank Verification
8073,2024-10-08,UK,Verified,Bank Verification
8074,2024-06-21,UK,Verified,Document Upload
8075,2025-04-06,UK,Verified,Bank Verification
8076,2024-02-05,UK,Failed,Utility Bill
8077,2024-12-09,UK,Verified,Bank Verification
8078,2025-01-14,CA,Verified,Document Upload
8079,2024-04-25,CA,Verified,Bank Verification
8080,2024-01-09,UK,Failed,Document Upload
8081,2024-12-12,CA,Pending,Document Upload
8082,2023-11-30,US,Pending,Bank Verification
8083,2024-04-07,CA,Verified,Bank Verification
8084,2024-11-07,UK,Verified,Document Upload
8085,2024-11-25,UK,Pending,Bank Verification
8086,2024-01-04,US,Verified,Bank Verification
8087,2024-05-22,US,Verified,Bank Verification
8088,2024-04-29,UK,Verified,Document Upload
8089,2025-01-27,US,Verified,Document Upload
8090,2025-02-12,UK,Verified,Document Upload
8091,2024-01-30,UK,Pending,Document Upload
8092,2024-10-12,UK,Verified,Document Upload
8093,2024-12-30,UK,Pending,Utility Bill
8094,2025-01-28,UK,Verified,Bank Verification
8095,2024-12-31,UK,Verified,Bank Verification
8096,2024-01-23,UK,Failed,Bank Verification
8097,2025-05-06,UK,Verified,Document Upload
8098,2025-02-10,UK,Verified,Document Upload
8099,2024-04-06,US,Verified,Document Upload
8100,2024-02-06,CA,Verified,Bank Verification
8101,2024-11-14,UK,Verified,Bank Verification
8102,2025-01-14,UK,Verified,Utility Bill
8103,2025-06-09,UK,Verified,Utility Bill
8104,2024-01-29,US,Verified,Bank Verification
8105,2025-05-22,UK,Verified,Document Upload
8106,2024-03-25,UK,Pending,Utility Bill
8107,2024-06-05,UK,Verified,Bank Verification
8108,2024-04-29,CA,Verified,Document Upload
8109,2024-11-23,UK,Verified,Document Upload
8110,2025-01-18,UK,Verified,Document Upload
8111,2024-10-12,US,Pending,Utility Bill
8112,2024-05-08,UK,Failed,Utility Bill
8113,2025-03-27,UK,Verified,Utility Bill
8114,2024-06-28,US,Verified,Bank Verification
8115,2024-05-13,UK,Pending,Utility Bill
8116,2024-12-04,US,Pending,Document Upload
8117,2024-11-09,CA,Failed,Bank Verification
8118,2023-12-06,UK,Verified,Document Upload
8119,2025-05-30,UK,Verified,Utility Bill
8120,2023-12-23,UK,Verified,Document Upload
8121,2024-07-17,UK,Pending,Document Upload
8122,2024-06-13,UK,Verified,Utility Bill
8123,2024-12-18,UK,Pending,Utility Bill
8124,2024-01-20,UK,Verified,Document Upload
8125,2024-02-11,CA,Verified,Bank Verification
8126,2024-12-12,US,Verified,Document Upload
8127,2024-02-20,US,Verified,Document Upload
8128,2025-03-16,UK,Verified,Document Upload
8129,2025-03-24,CA,Failed,Bank Verification
8130,2024-12-12,UK,Failed,Utility Bill
8131,2024-08-05,US,Verified,Document Upload
8132,2024-07-31,US,Verified,Utility Bill
8133,2024-08-20,UK,Verified,Document Upload
8134,2024-01-23,US,Verified,Document Upload
8135,2023-12-20,UK,Verified,Utility Bill
8136,2024-02-28,UK,Verified,Bank Verification
8137,2024-03-17,UK,Pending,Bank Verification
8138,2025-02-03,US,Verified,Bank Verification
8139,2024-07-10,CA,Verified,Document Upload
8140,2024-03-11,UK,Verified,Utility Bill
8141,2024-04-18,UK,Pending,Document Upload
8142,2024-02-02,UK,Verified,Bank Verification
8143,2025-03-06,UK,Verified,Document Upload
8144,2024-07-23,US,Failed,Document Upload
8145,2024-07-29,UK,Verified,Document Upload
8146,2024-09-11,UK,Verified,Utility Bill
8147,2024-04-03,CA,Verified,Utility Bill
8148,2024-09-26,UK,Failed,Utility Bill
8149,2025-03-13,US,Verified,Document Upload
8150,2025-02-28,US,Verified,Bank Verification
8151,2023-12-26,CA,Failed,Utility Bill
8152,2025-01-25,UK,Failed,Bank Verification
8153,2025-02-06,US,Verified,Bank Verification
8154,2024-09-05,CA,Verified,Document Upload
8155,2024-06-27,CA,Verified,Bank Verification
8156,2024-09-01,US,Verified,Document Upload
8157,2024-09-23,UK,Failed,Utility Bill
8158,2024-08-22,UK,Pending,Document Upload
8159,2024-07-05,US,Verified,Bank Verification
8160,2024-10-09,UK,Failed,Bank Verification
8161,2025-06-06,UK,Failed,Document Upload
8162,2024-02-22,UK,Verified,Document Upload
8163,2023-12-09,UK,Verified,Document Upload
8164,2025-03-17,UK,Verified,Document Upload
8165,2024-05-19,UK,Verified,Utility Bill
8166,2025-03-11,UK,Verified,Bank Verification
8167,2025-04-14,UK,Verified,Bank Verification
8168,2024-01-06,UK,Failed,Utility Bill
8169,2024-08-08,UK,Verified,Utility Bill
8170,2024-07-22,CA,Verified,Document Upload
8171,2023-12-29,CA,Pending,Utility Bill
8172,2024-07-03,UK,Pending,Bank Verification
8173,2024-07-15,US,Verified,Document Upload
8174,2024-09-25,CA,Verified,Utility Bill
8175,2025-01-27,CA,Verified,Utility Bill
8176,2024-10-19,CA,Verified,Bank Verification
8177,2025-01-15,UK,Verified,Bank Verification
8178,2024-12-03,UK,Verified,Document Upload
8179,2024-01-04,UK,Verified,Utility Bill
8180,2024-08-20,CA,Verified,Document Upload
8181,2025-02-27,UK,Pending,Document Upload
8182,2024-03-06,CA,Verified,Document Upload
8183,2024-04-05,US,Verified,Document Upload
8184,2025-05-26,UK,Verified,Document Upload
8185,2024-01-23,CA,Failed,Utility Bill
8186,2023-12-31,UK,Verified,Utility Bill
8187,2024-06-20,UK,Failed,Utility Bill
8188,2025-03-04,CA,Pending,Bank Verification
8189,2024-12-10,UK,Failed,Utility Bill
8190,2024-09-15,UK,Failed,Utility Bill
8191,2024-07-30,UK,Verified,Document Upload
8192,2024-03-06,UK,Verified,Document Upload
8193,2024-01-16,CA,Verified,Utility Bill
8194,2025-04-06,UK,Pending,Document Upload
8195,2024-12-09,UK,Verified,Bank Verification
8196,2024-06-15,UK,Verified,Bank Verification
8197,2024-02-29,UK,Failed,Utility Bill
8198,2024-07-10,UK,Failed,Utility Bill
8199,2024-06-12,UK,Verified,Document Upload
8200,2024-08-09,UK,Failed,Utility Bill
8201,2024-05-29,CA,Failed,Bank Verification
8202,2024-03-04,UK,Verified,Document Upload
8203,2024-07-07,CA,Verified,Document Upload
8204,2025-04-07,UK,Verified,Document Upload
8205,2024-04-04,US,Verified,Bank Verification
8206,2025-02-15,UK,Failed,Utility Bill
8207,2025-04-21,UK,Verified,Utility Bill
8208,2024-01-18,CA,Pending,Utility Bill
8209,2024-04-28,CA,Verified,Utility Bill
8210,2023-12-27,UK,Verified,Document Upload
8211,2025-03-30,US,Verified,Bank Verification
8212,2025-04-11,CA,Verified,Bank Verification
8213,2025-04-01,UK,Verified,Utility Bill
8214,2024-06-03,US,Verified,Document Upload
8215,2024-03-02,UK,Verified,Bank Verification
8216,2025-04-26,US,Verified,Document Upload
8217,2024-09-24,US,Verified,Document Upload
8218,2024-01-05,UK,Verified,Document Upload
8219,2024-04-12,CA,Verified,Bank Verification
8220,2023-12-31,CA,Verified,Document Upload
8221,2024-12-29,US,Verified,Document Upload
8222,2024-05-23,UK,Pending,Bank Verification
8223,2025-03-04,Unknown,Verified,Utility Bill
8224,2024-09-20,UK,Verified,Document Upload
8225,2024-07-18,CA,Verified,Document Upload
8226,2024-06-14,UK,Verified,Bank Verification
8227,2024-10-05,CA,Verified,Document Upload
8228,2024-08-05,CA,Verified,Bank Verification
8229,2024-08-18,UK,Failed,Bank Verification
8230,2024-03-07,UK,Verified,Bank Verification
8231,2025-02-12,UK,Verified,Bank Verification
8232,2024-03-03,US,Verified,Bank Verification
8233,2024-02-16,US,Failed,Utility Bill
8234,2024-02-16,US,Verified,Bank Verification
8235,2025-06-04,UK,Verified,Utility Bill
8236,2024-02-29,US,Verified,Utility Bill
8237,2025-06-09,US,Verified,Document Upload
8238,2025-02-15,UK,Verified,Bank Verification
8239,2025-02-19,UK,Verified,Document Upload
8240,2025-02-23,US,Verified,Document Upload
8241,2024-10-06,US,Verified,Bank Verification
8242,2024-05-19,UK,Verified,Utility Bill
8243,2024-09-17,UK,Verified,Utility Bill
8244,2024-08-10,US,Verified,Document Upload
8245,2024-12-23,UK,Verified,Bank Verification
8246,2023-12-17,US,Verified,Bank Verification
8247,2024-01-07,UK,Failed,Utility Bill
8248,2025-05-19,UK,Pending,Bank Verification
8249,2023-12-13,CA,Failed,Utility Bill
8250,2024-11-02,UK,Verified,Document Upload
8251,2024-05-22,CA,Verified,Utility Bill
8252,2024-02-12,UK,Verified,Utility Bill
8253,2025-01-08,UK,Verified,Document Upload
8254,2024-10-08,US,Verified,Document Upload
8255,2024-06-12,UK,Verified,Bank Verification
8256,2025-04-05,UK,Verified,Document Upload
8257,2025-05-12,US,Pending,Bank Verification
8258,2024-12-16,UK,Failed,Utility Bill
8259,2024-08-14,UK,Verified,Bank Verification
8260,2023-12-20,CA,Verified,Utility Bill
8261,2024-04-17,US,Verified,Document Upload
8262,2024-04-07,UK,Verified,Bank Verification
8263,2023-12-02,US,Failed,Bank Verification
8264,2024-02-28,UK,Pending,Document Upload
8265,2024-04-11,US,Verified,Document Upload
8266,2025-01-23,CA,Verified,Bank Verification
8267,2025-03-26,UK,Verified,Document Upload
8268,2024-03-20,UK,Verified,Document Upload
8269,2024-04-03,CA,Verified,Bank Verification
8270,2025-06-17,US,Verified,Document Upload
8271,2024-09-01,CA,Verified,Document Upload
8272,2025-02-15,US,Verified,Document Upload
8273,2023-12-24,UK,Failed,Utility Bill
8274,2024-06-29,CA,Verified,Document Upload
8275,2024-01-01,CA,Verified,Document Upload
8276,2024-06-10,CA,Failed,Utility Bill
8277,2024-03-26,UK,Pending,Bank Verification
8278,2024-10-04,US,Verified,Document Upload
8279,2025-06-11,CA,Verified,Document Upload
8280,2023-12-22,CA,Verified,Utility Bill
8281,2024-11-18,UK,Verified,Document Upload
8282,2024-11-22,CA,Verified,Utility Bill
8283,2025-02-17,UK,Failed,Utility Bill
8284,2025-01-16,US,Verified,Document Upload
8285,2025-04-28,UK,Verified,Document Upload
8286,2025-02-24,US,Verified,Bank Verification
8287,2025-04-17,UK,Verified,Bank Verification
8288,2024-04-21,US,Verified,Bank Verification
8289,2024-06-23,UK,Verified,Document Upload
8290,2024-03-12,CA,Pending,Utility Bill
8291,2025-01-01,US,Verified,Utility Bill
8292,2024-03-07,US,Verified,Bank Verification
8293,2024-11-08,CA,Failed,Bank Verification
8294,2024-07-01,UK,Verified,Bank Verification
8295,2024-01-28,UK,Failed,Utility Bill
8296,2025-06-01,UK,Failed,Utility Bill
8297,2024-09-18,UK,Pending,Document Upload
8298,2024-10-27,CA,Verified,Document Upload
8299,2024-01-29,UK,Pending,Document Upload
8300,2025-03-17,UK,Verified,Document Upload
8301,2024-12-25,US,Pending,Document Upload
8302,2025-01-10,CA,Verified,Bank Verification
8303,2024-01-02,UK,Verified,Document Upload
8304,2025-06-05,UK,Verified,Bank Verification
8305,2025-02-28,UK,Verified,Document Upload
8306,2024-05-21,UK,Failed,Utility Bill
8307,2025-05-07,US,Pending,Bank Verification
8308,2025-01-29,UK,Verified,Bank Verification
8309,2024-06-04,UK,Verified,Utility Bill
8310,2024-08-04,UK,Verified,Bank Verification
8311,2024-12-21,UK,Verified,Document Upload
8312,2023-12-20,CA,Pending,Document Upload
8313,2025-04-26,UK,Verified,Document Upload
8314,2025-02-06,US,Pending,Document Upload
8315,2025-03-02,UK,Verified,Document Upload
8316,2025-01-09,UK,Verified,Bank Verification
8317,2024-02-09,UK,Verified,Document Upload
8318,2025-01-25,UK,Verified,Utility Bill
8319,2024-12-14,US,Verified,Document Upload
8320,2025-05-14,UK,Verified,Utility Bill
8321,2024-03-26,CA,Verified,Document Upload
8322,2024-08-01,UK,Pending,Bank Verification
8323,2024-10-30,CA,Verified,Document Upload
8324,2024-08-10,US,Verified,Bank Verification
8325,2025-02-10,US,Verified,Bank Verification
8326,2024-07-14,UK,Verified,Document Upload
8327,2024-12-08,UK,Verified,Bank Verification
8328,2023-12-20,US,Verified,Bank Verification
8329,2025-03-31,UK,Failed,Bank Verification
8330,2024-07-27,CA,Verified,Bank Verification
8331,2025-03-24,UK,Failed,Bank Verification
8332,2024-07-08,CA,Failed,Utility Bill
8333,2025-05-08,CA,Verified,Utility Bill
8334,2024-01-30,UK,Verified,Document Upload
8335,2024-10-02,US,Pending,Bank Verification
8336,2024-02-08,US,Verified,Document Upload
8337,2023-12-02,US,Pending,Document Upload
8338,2024-08-26,UK,Verified,Document Upload
8339,2024-09-14,US,Verified,Document Upload
8340,2024-07-10,US,Failed,Bank Verification
8341,2024-02-11,US,Pending,Document Upload
8342,2024-11-23,CA,Verified,Bank Verification
8343,2025-04-21,UK,Verified,Document Upload
8344,2024-09-10,US,Verified,Bank Verification
8345,2025-01-21,UK,Pending,Utility Bill
8346,2024-09-18,UK,Verified,Utility Bill
8347,2024-03-24,UK,Failed,Utility Bill
8348,2024-08-22,UK,Failed,Utility Bill
8349,2024-11-09,US,Verified,Bank Verification
8350,2025-02-06,CA,Verified,Bank Verification
8351,2024-06-10,UK,Verified,Utility Bill
8352,2024-07-13,UK,Verified,Bank Verification
8353,2025-06-13,CA,Verified,Bank Verification
8354,2025-01-10,UK,Pending,Document Upload
8355,2024-07-02,US,Verified,Document Upload
8356,2024-12-25,UK,Verified,Utility Bill
8357,2023-12-24,US,Verified,Bank Verification
8358,2024-12-28,UK,Verified,Document Upload
8359,2025-04-25,UK,Verified,Document Upload
8360,2024-03-30,UK,Verified,Document Upload
8361,2025-02-09,US,Verified,Utility Bill
8362,2025-05-12,UK,Pending,Utility Bill
8363,2024-08-19,CA,Verified,Bank Verification
8364,2023-12-01,UK,Verified,Document Upload
8365,2024-12-21,CA,Verified,Document Upload
8366,2025-03-18,US,Verified,Bank Verification
8367,2024-09-29,US,Verified,Document Upload
8368,2024-07-03,CA,Verified,Document Upload
8369,2023-12-27,UK,Failed,Utility Bill
8370,2025-02-08,UK,Verified,Document Upload
8371,2023-12-12,UK,Pending,Document Upload
8372,2024-05-26,US,Verified,Document Upload
8373,2024-05-11,CA,Verified,Document Upload
8374,2024-02-18,UK,Verified,Document Upload
8375,2023-12-08,UK,Failed,Bank Verification
8376,2024-10-16,UK,Verified,Bank Verification
8377,2025-06-16,US,Pending,Bank Verification
8378,2024-09-26,UK,Verified,Document Upload
8379,2024-08-05,UK,Verified,Utility Bill
8380,2023-12-08,US,Verified,Utility Bill
8381,2024-03-13,CA,Verified,Bank Verification
8382,2024-07-20,CA,Pending,Bank Verification
8383,2025-02-12,US,Verified,Document Upload
8384,2024-11-24,UK,Verified,Utility Bill
8385,2024-11-16,US,Verified,Bank Verification
8386,2025-02-09,CA,Verified,Document Upload
8387,2024-11-04,UK,Verified,Document Upload
8388,2024-02-23,UK,Verified,Document Upload
8389,2024-10-11,US,Verified,Document Upload
8390,2024-05-18,UK,Verified,Bank Verification
8391,2025-03-09,UK,Verified,Bank Verification
8392,2024-12-25,UK,Pending,Utility Bill
8393,2024-02-12,UK,Verified,Document Upload
8394,2024-09-05,UK,Verified,Document Upload
8395,2025-05-15,US,Failed,Utility Bill
8396,2025-04-03,UK,Failed,Utility Bill
8397,2024-11-01,UK,Verified,Utility Bill
8398,2024-04-04,US,Verified,Document Upload
8399,2025-02-11,UK,Pending,Document Upload
8400,2024-01-25,UK,Verified,Document Upload
8401,2024-02-02,US,Verified,Document Upload
8402,2024-05-02,US,Pending,Document Upload
8403,2024-03-30,UK,Verified,Document Upload
8404,2024-05-11,UK,Verified,Document Upload
8405,2024-11-19,UK,Verified,Bank Verification
8406,2025-04-07,UK,Verified,Utility Bill
8407,2024-03-21,US,Verified,Bank Verification
8408,2024-01-18,UK,Verified,Document Upload
8409,2024-07-18,US,Verified,Bank Verification
8410,2024-07-16,UK,Verified,Bank Verification
8411,2024-05-07,US,Failed,Utility Bill
8412,2024-01-27,CA,Verified,Bank Verification
8413,2023-12-02,UK,Verified,Bank Verification
8414,2024-04-21,UK,Verified,Bank Verification
8415,2023-12-26,US,Failed,Bank Verification
8416,2024-01-31,US,Verified,Document Upload
8417,2024-01-09,US,Verified,Bank Verification
8418,2024-03-17,UK,Verified,Bank Verification
8419,2024-03-08,CA,Pending,Bank Verification
8420,2024-04-30,CA,Verified,Document Upload
8421,2024-10-20,UK,Verified,Utility Bill
8422,2024-07-14,US,Verified,Bank Verification
8423,2025-06-03,UK,Verified,Document Upload
8424,2025-01-12,CA,Verified,Bank Verification
8425,2025-03-26,UK,Verified,Bank Verification
8426,2025-01-28,CA,Failed,Utility Bill
8427,2024-04-23,UK,Pending,Document Upload
8428,2024-01-16,CA,Verified,Bank Verification
8429,2024-08-29,UK,Verified,Bank Verification
8430,2024-03-23,UK,Verified,Utility Bill
8431,2024-01-04,UK,Verified,Bank Verification
8432,2025-01-28,UK,Verified,Bank Verification
8433,2024-05-03,US,Verified,Bank Verification
8434,2025-04-22,CA,Verified,Document Upload
8435,2025-04-14,US,Verified,Document Upload
8436,2024-02-07,CA,Verified,Document Upload
8437,2024-09-01,UK,Verified,Document Upload
8438,2025-06-13,US,Verified,Document Upload
8439,2024-04-21,UK,Failed,Utility Bill
8440,2024-06-30,UK,Verified,Utility Bill
8441,2024-01-17,US,Pending,Document Upload
8442,2024-05-13,UK,Verified,Document Upload
8443,2024-11-08,US,Verified,Bank Verification
8444,2024-10-21,CA,Verified,Utility Bill
8445,2025-03-11,CA,Verified,Document Upload
8446,2024-01-17,UK,Pending,Bank Verification
8447,2024-09-24,UK,Failed,Utility Bill
8448,2024-06-17,US,Verified,Bank Verification
8449,2025-03-12,US,Verified,Document Upload
8450,2023-12-03,UK,Failed,Bank Verification
8451,2024-07-15,UK,Pending,Utility Bill
8452,2024-05-23,UK,Pending,Utility Bill
8453,2023-12-19,UK,Verified,Document Upload
8454,2024-08-07,UK,Verified,Bank Verification
8455,2024-11-10,CA,Failed,Utility Bill
8456,2025-05-06,US,Verified,Document Upload
8457,2024-12-12,UK,Verified,Bank Verification
8458,2024-02-04,UK,Verified,Bank Verification
8459,2024-12-11,UK,Verified,Document Upload
8460,2025-04-15,US,Verified,Utility Bill
8461,2025-04-07,UK,Verified,Bank Verification
8462,2025-01-14,US,Failed,Bank Verification
8463,2025-01-20,UK,Verified,Document Upload
8464,2024-06-16,UK,Verified,Bank Verification
8465,2025-03-11,CA,Verified,Utility Bill
8466,2024-05-27,UK,Verified,Document Upload
8467,2024-10-22,UK,Verified,Bank Verification
8468,2024-01-10,CA,Verified,Bank Verification
8469,2023-12-17,US,Verified,Document Upload
8470,2023-12-29,UK,Verified,Document Upload
8471,2025-05-31,CA,Verified,Document Upload
8472,2024-01-12,CA,Verified,Bank Verification
8473,2024-11-10,UK,Pending,Utility Bill
8474,2024-03-27,UK,Pending,Utility Bill
8475,2024-08-09,UK,Verified,Document Upload
8476,2024-11-15,UK,Failed,Bank Verification
8477,2024-12-01,CA,Verified,Bank Verification
8478,2024-05-04,UK,Verified,Document Upload
8479,2025-01-05,US,Failed,Bank Verification
8480,2025-03-24,CA,Verified,Bank Verification
8481,2023-12-19,US,Pending,Utility Bill
8482,2024-12-18,UK,Failed,Utility Bill
8483,2024-11-12,CA,Verified,Document Upload
8484,2023-12-01,UK,Verified,Bank Verification
8485,2024-02-01,UK,Pending,Utility Bill
8486,2024-06-21,CA,Verified,Document Upload
8487,2024-11-14,CA,Verified,Document Upload
8488,2024-01-08,US,Pending,Document Upload
8489,2023-12-21,UK,Verified,Bank Verification
8490,2025-03-18,US,Verified,Document Upload
8491,2025-03-28,UK,Verified,Bank Verification
8492,2024-07-14,US,Verified,Document Upload
8493,2024-08-28,US,Verified,Document Upload
8494,2025-03-08,CA,Verified,Document Upload
8495,2024-12-13,US,Verified,Bank Verification
8496,2024-05-14,UK,Verified,Bank Verification
8497,2025-06-14,UK,Verified,Bank Verification
8498,2024-01-09,CA,Pending,Document Upload
8499,2024-05-14,CA,Verified,Utility Bill
8500,2024-10-15,UK,Verified,Bank Verification
8501,2024-08-10,CA,Verified,Document Upload
8502,2025-06-10,US,Failed,Document Upload
8503,2024-01-27,UK,Verified,Utility Bill
8504,2024-12-13,UK,Pending,Utility Bill
8505,2024-02-05,CA,Failed,Utility Bill
8506,2025-05-02,US,Verified,Utility Bill
8507,2024-06-15,CA,Pending,Document Upload
8508,2024-10-03,UK,Verified,Document Upload
8509,2024-06-20,UK,Verified,Bank Verification
8510,2024-03-21,UK,Verified,Document Upload
8511,2025-05-22,US,Verified,Document Upload
8512,2023-12-09,UK,Failed,Document Upload
8513,2025-01-30,UK,Failed,Bank Verification
8514,2025-01-13,UK,Verified,Document Upload
8515,2024-08-29,UK,Failed,Document Upload
8516,2025-03-27,UK,Verified,Bank Verification
8517,2025-04-29,US,Verified,Bank Verification
8518,2025-05-25,UK,Verified,Bank Verification
8519,2024-10-12,UK,Failed,Document Upload
8520,2024-12-27,UK,Verified,Bank Verification
8521,2024-07-24,UK,Pending,Bank Verification
8522,2025-01-24,UK,Verified,Document Upload
8523,2024-07-11,US,Verified,Document Upload
8524,2025-02-22,CA,Verified,Document Upload
8525,2024-07-08,CA,Failed,Bank Verification
8526,2024-02-02,US,Verified,Bank Verification
8527,2024-02-10,US,Verified,Bank Verification
8528,2025-01-09,US,Failed,Utility Bill
8529,2023-12-21,CA,Verified,Document Upload
8530,2025-03-22,US,Verified,Bank Verification
8531,2024-01-07,CA,Pending,Document Upload
8532,2025-03-26,CA,Pending,Bank Verification
8533,2023-12-15,UK,Verified,Document Upload
8534,2024-05-03,UK,Verified,Bank Verification
8535,2025-05-24,UK,Verified,Utility Bill
8536,2024-10-18,US,Verified,Bank Verification
8537,2025-01-16,US,Verified,Bank Verification
8538,2024-11-11,UK,Pending,Utility Bill
8539,2025-05-07,US,Verified,Document Upload
8540,2024-05-15,UK,Failed,Utility Bill
8541,2024-04-17,CA,Pending,Utility Bill
8542,2024-06-25,UK,Verified,Bank Verification
8543,2024-01-21,UK,Verified,Document Upload
8544,2024-09-30,UK,Verified,Bank Verification
8545,2024-07-01,UK,Failed,Utility Bill
8546,2024-07-02,UK,Verified,Document Upload
8547,2025-06-05,US,Verified,Document Upload
8548,2024-12-27,US,Verified,Bank Verification
8549,2024-10-12,UK,Verified,Bank Verification
8550,2024-10-17,UK,Verified,Document Upload
8551,2025-03-17,UK,Verified,Document Upload
8552,2024-05-31,US,Failed,Bank Verification
8553,2024-07-28,UK,Verified,Document Upload
8554,2025-06-08,UK,Verified,Utility Bill
8555,2024-09-03,US,Verified,Utility Bill
8556,2024-10-31,US,Failed,Utility Bill
8557,2024-12-08,UK,Failed,Utility Bill
8558,2024-11-15,CA,Verified,Bank Verification
8559,2025-05-03,CA,Verified,Document Upload
8560,2024-12-18,CA,Verified,Document Upload
8561,2024-10-12,UK,Failed,Bank Verification
8562,2024-09-08,UK,Verified,Utility Bill
8563,2024-02-24,UK,Verified,Document Upload
8564,2024-05-24,CA,Failed,Utility Bill
8565,2025-02-28,Unknown,Failed,Bank Verification
8566,2024-04-25,UK,Verified,Document Upload
8567,2025-05-09,US,Verified,Document Upload
8568,2024-04-07,CA,Verified,Document Upload
8569,2025-06-15,UK,Verified,Bank Verification
8570,2024-07-02,US,Verified,Bank Verification
8571,2024-04-12,UK,Pending,Bank Verification
8572,2025-06-12,UK,Verified,Document Upload
8573,2024-12-24,CA,Verified,Document Upload
8574,2025-01-31,UK,Verified,Utility Bill
8575,2025-06-11,UK,Pending,Document Upload
8576,2024-06-05,UK,Verified,Bank Verification
8577,2024-10-29,UK,Verified,Document Upload
8578,2025-04-15,US,Verified,Document Upload
8579,2024-06-24,UK,Pending,Document Upload
8580,2024-07-25,UK,Failed,Utility Bill
8581,2024-08-17,US,Verified,Document Upload
8582,2025-06-12,UK,Verified,Document Upload
8583,2024-02-20,UK,Verified,Utility Bill
8584,2024-02-28,CA,Pending,Document Upload
8585,2024-09-15,US,Failed,Bank Verification
8586,2025-03-17,US,Verified,Bank Verification
8587,2024-05-15,CA,Verified,Document Upload
8588,2024-10-16,US,Pending,Utility Bill
8589,2025-04-25,CA,Verified,Bank Verification
8590,2025-04-13,US,Verified,Document Upload
8591,2025-04-18,CA,Failed,Utility Bill
8592,2025-03-12,CA,Pending,Bank Verification
8593,2024-08-05,US,Verified,Document Upload
8594,2024-09-25,US,Pending,Bank Verification
8595,2024-06-11,UK,Verified,Document Upload
8596,2024-08-27,US,Verified,Bank Verification
8597,2024-04-09,US,Verified,Bank Verification
8598,2024-02-14,US,Verified,Bank Verification
8599,2025-05-27,US,Verified,Bank Verification
8600,2025-02-22,CA,Verified,Bank Verification
8601,2025-02-03,US,Verified,Document Upload
8602,2024-02-04,CA,Verified,Document Upload
8603,2024-01-10,UK,Verified,Document Upload
8604,2025-02-05,UK,Verified,Bank Verification
8605,2024-12-05,US,Verified,Document Upload
8606,2024-11-08,US,Verified,Document Upload
8607,2024-01-16,UK,Failed,Bank Verification
8608,2023-12-22,CA,Failed,Utility Bill
8609,2025-04-02,UK,Verified,Bank Verification
8610,2024-08-31,US,Verified,Bank Verification
8611,2024-03-30,US,Verified,Utility Bill
8612,2025-01-26,US,Verified,Document Upload
8613,2024-07-02,CA,Verified,Bank Verification
8614,2024-10-05,US,Verified,Utility Bill
8615,2023-12-10,US,Verified,Document Upload
8616,2024-03-09,UK,Pending,Bank Verification
8617,2025-05-29,US,Pending,Bank Verification
8618,2024-02-10,CA,Verified,Utility Bill
8619,2024-02-16,CA,Pending,Bank Verification
8620,2025-04-17,UK,Verified,Document Upload
8621,2024-06-03,CA,Pending,Utility Bill
8622,2024-08-31,CA,Verified,Document Upload
8623,2024-11-09,US,Verified,Bank Verification
8624,2024-11-19,CA,Failed,Bank Verification
8625,2024-07-14,UK,Verified,Document Upload
8626,2025-05-04,UK,Pending,Utility Bill
8627,2025-05-06,US,Verified,Document Upload
8628,2024-10-13,UK,Verified,Bank Verification
8629,2024-09-05,UK,Verified,Utility Bill
8630,2025-01-03,CA,Failed,Utility Bill
8631,2025-04-06,US,Verified,Document Upload
8632,2024-04-26,UK,Verified,Bank Verification
8633,2024-08-07,UK,Pending,Bank Verification
8634,2025-06-11,US,Pending,Bank Verification
8635,2023-12-27,CA,Verified,Bank Verification
8636,2024-10-05,US,Failed,Utility Bill
8637,2025-06-18,UK,Verified,Bank Verification
8638,2024-12-06,UK,Verified,Document Upload
8639,2024-12-12,CA,Pending,Document Upload
8640,2024-10-24,CA,Failed,Utility Bill
8641,2024-09-07,UK,Verified,Document Upload
8642,2024-10-16,UK,Verified,Document Upload
8643,2024-05-10,CA,Pending,Document Upload
8644,2023-12-11,UK,Verified,Bank Verification
8645,2024-09-26,UK,Verified,Bank Verification
8646,2024-05-26,CA,Verified,Utility Bill
8647,2024-11-11,US,Verified,Bank Verification
8648,2024-11-13,US,Failed,Utility Bill
8649,2025-04-28,UK,Failed,Utility Bill
8650,2024-12-10,UK,Verified,Document Upload
8651,2025-03-09,UK,Verified,Document Upload
8652,2024-10-14,UK,Verified,Document Upload
8653,2024-01-06,US,Verified,Document Upload
8654,2024-01-05,US,Verified,Bank Verification
8655,2023-12-20,US,Failed,Bank Verification
8656,2024-07-15,UK,Verified,Bank Verification
8657,2024-06-25,UK,Verified,Bank Verification
8658,2023-12-25,UK,Verified,Document Upload
8659,2024-06-01,UK,Failed,Utility Bill
8660,2025-02-23,US,Verified,Utility Bill
8661,2025-05-09,US,Pending,Document Upload
8662,2024-08-28,US,Verified,Document Upload
8663,2024-08-17,US,Verified,Bank Verification
8664,2024-05-05,US,Verified,Bank Verification
8665,2024-05-09,UK,Verified,Utility Bill
8666,2024-03-07,UK,Verified,Document Upload
8667,2024-03-02,US,Pending,Bank Verification
8668,2025-04-22,US,Verified,Document Upload
8669,2024-03-05,UK,Verified,Document Upload
8670,2024-11-01,US,Verified,Document Upload
8671,2024-01-12,UK,Verified,Document Upload
8672,2024-02-09,UK,Failed,Utility Bill
8673,2025-02-10,UK,Verified,Bank Verification
8674,2024-07-06,UK,Verified,Bank Verification
8675,2024-07-24,UK,Verified,Document Upload
8676,2025-04-01,US,Verified,Bank Verification
8677,2025-02-23,CA,Verified,Bank Verification
8678,2024-10-24,US,Verified,Document Upload
8679,2024-11-16,UK,Verified,Bank Verification
8680,2024-09-07,UK,Verified,Document Upload
8681,2024-08-25,CA,Verified,Bank Verification
8682,2025-06-19,US,Verified,Utility Bill
8683,2025-06-01,CA,Verified,Bank Verification
8684,2024-10-24,UK,Verified,Bank Verification
8685,2024-03-09,US,Verified,Utility Bill
8686,2024-09-23,CA,Verified,Bank Verification
8687,2024-03-01,CA,Verified,Utility Bill
8688,2023-12-20,US,Verified,Document Upload
8689,2024-08-05,UK,Failed,Bank Verification
8690,2024-08-29,Unknown,Pending,Document Upload
8691,2025-02-09,UK,Verified,Document Upload
8692,2024-08-24,CA,Verified,Document Upload
8693,2025-04-19,UK,Verified,Bank Verification
8694,2025-05-08,US,Verified,Bank Verification
8695,2025-03-28,UK,Verified,Document Upload
8696,2025-05-30,UK,Verified,Document Upload
8697,2023-12-15,CA,Verified,Document Upload
8698,2024-10-01,UK,Pending,Utility Bill
8699,2024-12-05,CA,Verified,Bank Verification
8700,2024-06-26,CA,Pending,Utility Bill
8701,2024-05-14,US,Verified,Document Upload
8702,2025-02-16,US,Verified,Utility Bill
8703,2024-08-29,UK,Pending,Document Upload
8704,2024-07-29,UK,Pending,Utility Bill
8705,2025-01-23,US,Verified,Document Upload
8706,2025-04-27,UK,Verified,Bank Verification
8707,2024-07-09,CA,Verified,Bank Verification
8708,2025-01-15,UK,Verified,Document Upload
8709,2025-01-03,US,Verified,Bank Verification
8710,2024-08-27,UK,Verified,Document Upload
8711,2025-02-25,UK,Verified,Utility Bill
8712,2024-12-27,UK,Verified,Bank Verification
8713,2024-11-05,UK,Verified,Bank Verification
8714,2024-10-10,US,Verified,Utility Bill
8715,2023-12-25,UK,Pending,Document Upload
8716,2024-05-10,US,Verified,Document Upload
8717,2023-12-20,UK,Verified,Utility Bill
8718,2025-03-11,UK,Verified,Document Upload
8719,2024-05-05,UK,Verified,Document Upload
8720,2024-06-12,CA,Verified,Bank Verification
8721,2024-01-24,US,Verified,Document Upload
8722,2023-12-21,US,Verified,Bank Verification
8723,2024-07-12,US,Verified,Bank Verification
8724,2024-03-07,CA,Verified,Document Upload
8725,2024-09-18,US,Pending,Bank Verification
8726,2024-11-19,US,Verified,Document Upload
8727,2024-11-15,UK,Verified,Bank Verification
8728,2024-06-21,UK,Verified,Utility Bill
8729,2024-05-30,UK,Verified,Bank Verification
8730,2025-04-17,CA,Verified,Bank Verification
8731,2024-09-09,US,Verified,Document Upload
8732,2024-05-05,US,Verified,Document Upload
8733,2024-12-05,UK,Verified,Bank Verification
8734,2024-04-20,UK,Failed,Utility Bill
8735,2025-05-29,UK,Verified,Document Upload
8736,2025-02-14,UK,Verified,Document Upload
8737,2025-01-24,UK,Failed,Utility Bill
8738,2024-11-16,CA,Verified,Document Upload
8739,2024-01-22,US,Pending,Document Upload
8740,2024-07-11,US,Verified,Document Upload
8741,2024-10-28,US,Verified,Document Upload
8742,2024-06-10,UK,Verified,Utility Bill
8743,2025-03-10,UK,Verified,Bank Verification
8744,2024-07-02,UK,Verified,Document Upload
8745,2024-02-28,UK,Verified,Document Upload
8746,2024-04-20,US,Failed,Utility Bill
8747,2024-02-10,CA,Verified,Document Upload
8748,2024-02-22,CA,Verified,Bank Verification
8749,2025-05-27,UK,Verified,Bank Verification
8750,2024-09-26,CA,Failed,Utility Bill
8751,2024-05-04,UK,Verified,Bank Verification
8752,2025-06-12,UK,Verified,Bank Verification
8753,2024-08-18,UK,Verified,Bank Verification
8754,2024-03-18,UK,Verified,Document Upload
8755,2024-10-31,UK,Verified,Bank Verification
8756,2025-04-19,US,Failed,Document Upload
8757,2024-01-20,UK,Verified,Document Upload
8758,2024-08-22,CA,Verified,Bank Verification
8759,2024-05-23,UK,Verified,Document Upload
8760,2024-05-10,UK,Verified,Utility Bill
8761,2025-03-25,US,Verified,Bank Verification
8762,2024-03-17,CA,Verified,Bank Verification
8763,2025-03-23,UK,Verified,Document Upload
8764,2024-08-22,CA,Failed,Bank Verification
8765,2024-01-01,US,Verified,Utility Bill
8766,2024-06-25,UK,Pending,Bank Verification
8767,2024-02-23,US,Verified,Document Upload
8768,2023-12-19,US,Pending,Document Upload
8769,2025-05-03,UK,Verified,Bank Verification
8770,2024-04-08,UK,Verified,Document Upload
8771,2024-07-25,UK,Verified,Document Upload
8772,2025-01-09,UK,Verified,Document Upload
8773,2024-07-01,UK,Verified,Utility Bill
8774,2024-01-05,US,Verified,Bank Verification
8775,2025-01-27,UK,Verified,Document Upload
8776,2024-05-30,UK,Verified,Document Upload
8777,2024-08-18,US,Failed,Utility Bill
8778,2024-12-30,UK,Verified,Bank Verification
8779,2024-08-24,UK,Verified,Utility Bill
8780,2025-01-14,UK,Verified,Utility Bill
8781,2023-12-17,US,Verified,Document Upload
8782,2024-10-11,US,Verified,Document Upload
8783,2024-11-21,CA,Verified,Utility Bill
8784,2024-09-03,UK,Pending,Bank Verification
8785,2024-03-19,UK,Verified,Bank Verification
8786,2024-02-25,US,Verified,Bank Verification
8787,2024-02-28,US,Verified,Document Upload
8788,2024-10-03,CA,Verified,Bank Verification
8789,2025-02-04,UK,Pending,Bank Verification
8790,2024-05-11,UK,Failed,Bank Verification
8791,2025-05-01,CA,Verified,Bank Verification
8792,2024-12-12,UK,Verified,Bank Verification
8793,2024-03-28,US,Verified,Document Upload
8794,2024-09-26,UK,Verified,Utility Bill
8795,2024-03-21,US,Pending,Bank Verification
8796,2024-12-18,UK,Verified,Bank Verification
8797,2025-05-05,UK,Verified,Utility Bill
8798,2024-11-09,CA,Pending,Bank Verification
8799,2024-12-13,CA,Pending,Document Upload
8800,2024-05-18,UK,Pending,Utility Bill
8801,2025-02-06,US,Verified,Document Upload
8802,2025-02-08,UK,Verified,Document Upload
8803,2025-01-31,CA,Verified,Document Upload
8804,2024-09-14,US,Verified,Document Upload
8805,2025-05-29,US,Verified,Bank Verification
8806,2024-04-24,UK,Failed,Utility Bill
8807,2023-12-23,UK,Verified,Bank Verification
8808,2025-06-15,US,Verified,Bank Verification
8809,2025-01-21,US,Verified,Bank Verification
8810,2024-10-30,UK,Pending,Document Upload
8811,2024-09-06,UK,Verified,Bank Verification
8812,2024-04-06,UK,Verified,Document Upload
8813,2024-10-18,UK,Pending,Document Upload
8814,2024-06-11,UK,Pending,Bank Verification
8815,2025-05-31,US,Verified,Utility Bill
8816,2024-03-13,US,Verified,Bank Verification
8817,2024-07-21,UK,Verified,Document Upload
8818,2025-01-25,UK,Verified,Document Upload
8819,2024-05-19,UK,Verified,Bank Verification
8820,2024-07-05,UK,Verified,Bank Verification
8821,2024-11-25,UK,Verified,Document Upload
8822,2024-12-27,US,Verified,Document Upload
8823,2025-04-21,CA,Verified,Bank Verification
8824,2025-05-03,UK,Verified,Bank Verification
8825,2024-05-26,CA,Failed,Document Upload
8826,2024-03-29,US,Verified,Bank Verification
8827,2025-05-11,US,Verified,Bank Verification
8828,2025-01-01,US,Failed,Utility Bill
8829,2024-07-08,UK,Verified,Bank Verification
8830,2024-04-29,US,Verified,Document Upload
8831,2024-07-19,UK,Pending,Bank Verification
8832,2024-04-07,UK,Pending,Document Upload
8833,2025-03-05,US,Verified,Bank Verification
8834,2024-03-18,UK,Verified,Document Upload
8835,2024-03-24,UK,Verified,Utility Bill
8836,2025-01-06,UK,Verified,Utility Bill
8837,2024-06-07,UK,Verified,Utility Bill
8838,2024-03-21,UK,Verified,Document Upload
8839,2025-02-22,Unknown,Verified,Utility Bill
8840,2025-02-01,US,Pending,Utility Bill
8841,2024-03-23,UK,Verified,Document Upload
8842,2024-06-07,US,Verified,Bank Verification
8843,2025-04-05,UK,Verified,Utility Bill
8844,2025-06-16,UK,Verified,Bank Verification
8845,2024-09-01,US,Verified,Utility Bill
8846,2024-03-30,CA,Verified,Document Upload
8847,2024-04-17,CA,Verified,Bank Verification
8848,2025-05-16,US,Pending,Bank Verification
8849,2024-12-25,CA,Verified,Bank Verification
8850,2024-05-07,CA,Verified,Document Upload
8851,2024-05-21,UK,Pending,Document Upload
8852,2024-06-25,UK,Verified,Bank Verification
8853,2024-05-24,US,Verified,Bank Verification
8854,2025-05-16,CA,Verified,Document Upload
8855,2024-04-30,CA,Verified,Document Upload
8856,2024-07-23,UK,Verified,Document Upload
8857,2024-11-02,UK,Pending,Document Upload
8858,2024-05-14,US,Verified,Bank Verification
8859,2025-05-04,US,Verified,Document Upload
8860,2024-03-17,UK,Verified,Bank Verification
8861,2025-02-02,UK,Failed,Document Upload
8862,2023-12-09,UK,Pending,Document Upload
8863,2024-06-07,UK,Verified,Document Upload
8864,2025-02-04,CA,Verified,Bank Verification
8865,2025-04-09,CA,Verified,Bank Verification
8866,2024-10-21,US,Failed,Document Upload
8867,2024-04-26,US,Verified,Bank Verification
8868,2024-11-23,UK,Pending,Document Upload
8869,2025-02-25,UK,Verified,Utility Bill
8870,2024-06-08,US,Failed,Bank Verification
8871,2025-05-04,US,Verified,Document Upload
8872,2025-03-04,CA,Verified,Bank Verification
8873,2023-12-12,UK,Verified,Bank Verification
8874,2024-08-06,UK,Verified,Document Upload
8875,2024-09-21,CA,Verified,Bank Verification
8876,2025-02-05,US,Verified,Bank Verification
8877,2024-09-20,UK,Verified,Bank Verification
8878,2025-02-22,UK,Verified,Utility Bill
8879,2025-05-14,CA,Verified,Document Upload
8880,2024-04-17,UK,Failed,Utility Bill
8881,2024-12-19,CA,Verified,Document Upload
8882,2024-08-12,UK,Verified,Document Upload
8883,2024-10-13,CA,Failed,Bank Verification
8884,2024-04-03,UK,Verified,Document Upload
8885,2024-11-26,US,Verified,Document Upload
8886,2024-06-08,UK,Verified,Document Upload
8887,2024-06-21,UK,Verified,Document Upload
8888,2024-02-22,CA,Verified,Document Upload
8889,2024-12-10,US,Verified,Utility Bill
8890,2024-09-22,CA,Verified,Utility Bill
8891,2024-02-03,UK,Verified,Document Upload
8892,2025-06-13,US,Verified,Bank Verification
8893,2025-01-15,CA,Verified,Bank Verification
8894,2023-11-29,UK,Verified,Bank Verification
8895,2025-05-19,US,Verified,Bank Verification
8896,2025-02-10,CA,Verified,Bank Verification
8897,2024-06-12,UK,Verified,Bank Verification
8898,2024-03-08,CA,Pending,Utility Bill
8899,2024-07-12,UK,Verified,Document Upload
8900,2025-02-27,US,Verified,Utility Bill
8901,2024-02-12,UK,Verified,Bank Verification
8902,2024-09-02,US,Verified,Utility Bill
8903,2024-01-31,UK,Verified,Utility Bill
8904,2025-01-07,UK,Failed,Utility Bill
8905,2025-01-18,US,Pending,Bank Verification
8906,2024-06-11,US,Pending,Document Upload
8907,2024-02-02,UK,Failed,Utility Bill
8908,2025-05-06,UK,Verified,Document Upload
8909,2024-11-21,US,Failed,Utility Bill
8910,2025-05-10,UK,Verified,Utility Bill
8911,2025-05-09,UK,Verified,Document Upload
8912,2024-09-30,US,Failed,Utility Bill
8913,2025-01-30,UK,Verified,Document Upload
8914,2024-02-23,CA,Failed,Bank Verification
8915,2025-03-05,US,Failed,Bank Verification
8916,2024-09-28,US,Verified,Document Upload
8917,2024-05-19,UK,Verified,Bank Verification
8918,2025-04-14,UK,Verified,Utility Bill
8919,2024-08-27,UK,Verified,Document Upload
8920,2023-12-03,UK,Verified,Document Upload
8921,2024-05-16,UK,Verified,Document Upload
8922,2025-04-21,US,Verified,Bank Verification
8923,2024-08-15,CA,Verified,Utility Bill
8924,2024-12-26,UK,Pending,Document Upload
8925,2024-02-01,US,Verified,Document Upload
8926,2024-08-02,UK,Verified,Document Upload
8927,2024-01-20,UK,Verified,Utility Bill
8928,2025-01-18,CA,Pending,Utility Bill
8929,2025-02-01,UK,Failed,Utility Bill
8930,2024-05-18,UK,Failed,Document Upload
8931,2024-08-29,UK,Verified,Document Upload
8932,2024-10-25,US,Verified,Bank Verification
8933,2025-01-12,CA,Verified,Bank Verification
8934,2024-03-25,UK,Verified,Bank Verification
8935,2024-07-07,CA,Verified,Document Upload
8936,2025-05-04,UK,Verified,Utility Bill
8937,2024-03-19,UK,Verified,Document Upload
8938,2024-03-09,US,Verified,Bank Verification
8939,2024-07-13,CA,Verified,Bank Verification
8940,2024-01-23,UK,Verified,Utility Bill
8941,2024-10-13,US,Verified,Utility Bill
8942,2025-01-27,UK,Verified,Document Upload
8943,2024-01-09,US,Verified,Document Upload
8944,2025-02-05,UK,Verified,Bank Verification
8945,2025-03-07,CA,Verified,Bank Verification
8946,2024-02-04,UK,Verified,Utility Bill
8947,2024-05-31,UK,Pending,Document Upload
8948,2024-10-28,US,Verified,Document Upload
8949,2024-04-28,US,Verified,Bank Verification
8950,2024-11-06,CA,Verified,Document Upload
8951,2024-06-08,US,Verified,Bank Verification
8952,2024-07-22,US,Verified,Document Upload
8953,2024-06-29,US,Verified,Bank Verification
8954,2024-08-12,UK,Failed,Bank Verification
8955,2025-04-03,US,Verified,Bank Verification
8956,2024-03-14,US,Pending,Document Upload
8957,2025-05-30,CA,Verified,Utility Bill
8958,2024-06-04,US,Pending,Utility Bill
8959,2024-03-23,UK,Verified,Document Upload
8960,2024-05-14,UK,Verified,Document Upload
8961,2024-03-26,UK,Failed,Document Upload
8962,2024-10-18,CA,Verified,Bank Verification
8963,2024-11-02,UK,Verified,Bank Verification
8964,2024-09-01,UK,Verified,Bank Verification
8965,2024-11-20,UK,Failed,Bank Verification
8966,2024-02-19,UK,Verified,Document Upload
8967,2025-05-03,US,Verified,Utility Bill
8968,2024-02-13,US,Verified,Document Upload
8969,2025-05-10,UK,Verified,Utility Bill
8970,2024-07-07,US,Failed,Utility Bill
8971,2024-06-27,UK,Pending,Document Upload
8972,2024-07-19,UK,Verified,Utility Bill
8973,2024-12-23,UK,Verified,Bank Verification
8974,2024-12-30,US,Verified,Bank Verification
8975,2024-09-30,US,Verified,Document Upload
8976,2024-09-20,UK,Pending,Document Upload
8977,2024-04-13,UK,Verified,Document Upload
8978,2025-03-01,UK,Verified,Bank Verification
8979,2025-02-15,UK,Verified,Bank Verification
8980,2024-09-17,CA,Verified,Bank Verification
8981,2024-02-14,UK,Failed,Utility Bill
8982,2025-05-17,US,Verified,Document Upload
8983,2025-03-14,US,Verified,Document Upload
8984,2025-01-25,UK,Verified,Bank Verification
8985,2024-07-01,UK,Verified,Document Upload
8986,2025-01-09,UK,Verified,Document Upload
8987,2024-04-27,CA,Verified,Utility Bill
8988,2024-09-23,CA,Verified,Document Upload
8989,2023-12-26,US,Verified,Bank Verification
8990,2024-05-28,US,Pending,Bank Verification
8991,2024-04-01,UK,Failed,Utility Bill
8992,2025-04-26,UK,Failed,Document Upload
8993,2024-11-09,US,Pending,Utility Bill
8994,2024-06-20,UK,Verified,Bank Verification
8995,2024-12-01,US,Failed,Bank Verification
8996,2024-04-05,UK,Verified,Bank Verification
8997,2025-02-07,UK,Failed,Document Upload
8998,2025-03-18,UK,Verified,Bank Verification
8999,2025-01-30,UK,Verified,Document Upload
9000,2025-04-02,US,Verified,Document Upload
9001,2025-05-21,US,Verified,Bank Verification
9002,2025-04-24,UK,Failed,Utility Bill
9003,2024-10-04,UK,Verified,Bank Verification
9004,2024-06-25,CA,Verified,Document Upload
9005,2024-07-22,UK,Verified,Document Upload
9006,2024-11-07,US,Pending,Document Upload
9007,2024-02-19,UK,Pending,Document Upload
9008,2025-05-30,CA,Verified,Document Upload
9009,2024-11-20,UK,Verified,Bank Verification
9010,2025-04-15,US,Verified,Bank Verification
9011,2024-09-23,US,Verified,Bank Verification
9012,2024-11-25,CA,Pending,Document Upload
9013,2024-06-03,CA,Verified,Document Upload
9014,2025-05-22,US,Verified,Bank Verification
9015,2024-04-02,US,Failed,Bank Verification
9016,2024-03-26,UK,Verified,Bank Verification
9017,2024-01-30,US,Failed,Document Upload
9018,2025-03-02,US,Verified,Bank Verification
9019,2024-11-21,US,Verified,Bank Verification
9020,2024-03-16,UK,Verified,Utility Bill
9021,2024-06-29,UK,Pending,Utility Bill
9022,2025-05-31,US,Pending,Bank Verification
9023,2024-05-12,UK,Verified,Bank Verification
9024,2024-12-10,US,Failed,Utility Bill
9025,2024-02-28,CA,Pending,Bank Verification
9026,2024-01-08,US,Verified,Document Upload
9027,2024-10-17,UK,Verified,Document Upload
9028,2025-03-26,US,Verified,Bank Verification
9029,2024-05-07,CA,Verified,Document Upload
9030,2025-05-31,CA,Verified,Bank Verification
9031,2024-09-06,US,Verified,Utility Bill
9032,2024-02-29,CA,Verified,Bank Verification
9033,2025-05-14,UK,Verified,Document Upload
9034,2024-03-23,UK,Pending,Document Upload
9035,2024-10-31,CA,Pending,Utility Bill
9036,2024-09-11,UK,Verified,Document Upload
9037,2024-09-22,CA,Verified,Bank Verification
9038,2025-04-10,US,Verified,Bank Verification
9039,2024-06-15,UK,Verified,Document Upload
9040,2025-01-04,US,Verified,Document Upload
9041,2024-08-16,UK,Verified,Bank Verification
9042,2024-10-10,UK,Verified,Document Upload
9043,2025-01-02,UK,Verified,Utility Bill
9044,2023-12-20,UK,Verified,Bank Verification
9045,2024-11-21,CA,Pending,Document Upload
9046,2025-02-19,US,Pending,Document Upload
9047,2025-02-17,UK,Verified,Document Upload
9048,2024-06-09,UK,Pending,Bank Verification
9049,2025-06-14,US,Verified,Bank Verification
9050,2024-05-13,US,Pending,Bank Verification
9051,2024-03-15,US,Verified,Bank Verification
9052,2024-02-10,UK,Verified,Document Upload
9053,2023-12-12,UK,Verified,Document Upload
9054,2024-06-01,CA,Verified,Document Upload
9055,2024-04-16,UK,Failed,Utility Bill
9056,2024-11-19,UK,Verified,Document Upload
9057,2023-12-19,US,Failed,Bank Verification
9058,2024-10-11,UK,Verified,Bank Verification
9059,2025-04-27,UK,Verified,Bank Verification
9060,2024-09-23,US,Verified,Document Upload
9061,2024-06-29,CA,Verified,Bank Verification
9062,2024-07-20,UK,Failed,Utility Bill
9063,2024-09-18,US,Verified,Document Upload
9064,2024-08-21,UK,Verified,Document Upload
9065,2025-03-31,UK,Failed,Bank Verification
9066,2025-04-23,UK,Verified,Bank Verification
9067,2025-06-14,US,Verified,Utility Bill
9068,2024-04-06,CA,Verified,Bank Verification
9069,2024-02-27,UK,Failed,Bank Verification
9070,2024-11-25,UK,Verified,Bank Verification
9071,2024-01-08,CA,Verified,Document Upload
9072,2024-06-29,UK,Verified,Bank Verification
9073,2024-12-02,US,Failed,Utility Bill
9074,2024-12-25,UK,Verified,Document Upload
9075,2024-03-30,US,Verified,Utility Bill
9076,2024-10-08,UK,Verified,Bank Verification
9077,2025-04-21,UK,Failed,Utility Bill
9078,2023-12-01,UK,Verified,Bank Verification
9079,2024-11-15,UK,Verified,Document Upload
9080,2025-06-12,CA,Pending,Document Upload
9081,2025-05-07,US,Verified,Bank Verification
9082,2024-06-21,UK,Verified,Document Upload
9083,2025-02-17,CA,Failed,Utility Bill
9084,2025-03-05,UK,Pending,Document Upload
9085,2024-06-18,UK,Verified,Bank Verification
9086,2023-12-24,UK,Verified,Bank Verification
9087,2024-05-17,CA,Verified,Document Upload
9088,2024-03-10,US,Failed,Document Upload
9089,2024-06-20,US,Verified,Document Upload
9090,2024-03-03,US,Verified,Document Upload
9091,2023-12-17,UK,Verified,Utility Bill
9092,2024-02-29,UK,Failed,Bank Verification
9093,2024-01-17,UK,Verified,Document Upload
9094,2024-12-07,UK,Failed,Bank Verification
9095,2024-12-22,US,Verified,Bank Verification
9096,2024-09-05,UK,Verified,Bank Verification
9097,2024-09-23,UK,Verified,Bank Verification
9098,2024-01-12,UK,Verified,Utility Bill
9099,2024-06-02,UK,Verified,Document Upload
9100,2024-09-25,UK,Verified,Document Upload
9101,2024-02-04,UK,Pending,Bank Verification
9102,2024-01-02,UK,Failed,Utility Bill
9103,2024-12-10,UK,Verified,Bank Verification
9104,2024-03-14,US,Verified,Bank Verification
9105,2025-01-14,CA,Verified,Document Upload
9106,2024-09-15,US,Verified,Document Upload
9107,2025-05-06,US,Verified,Bank Verification
9108,2024-08-24,CA,Pending,Document Upload
9109,2024-02-22,CA,Verified,Document Upload
9110,2024-08-28,UK,Failed,Utility Bill
9111,2025-06-06,UK,Verified,Bank Verification
9112,2025-01-18,US,Verified,Document Upload
9113,2024-05-21,UK,Verified,Bank Verification
9114,2024-12-03,UK,Failed,Document Upload
9115,2023-12-11,CA,Pending,Utility Bill
9116,2024-10-20,UK,Verified,Document Upload
9117,2025-02-14,UK,Verified,Bank Verification
9118,2024-08-21,UK,Pending,Document Upload
9119,2024-06-04,UK,Verified,Document Upload
9120,2024-02-07,UK,Pending,Document Upload
9121,2025-02-23,UK,Verified,Bank Verification
9122,2024-09-17,UK,Verified,Bank Verification
9123,2024-01-02,US,Verified,Document Upload
9124,2024-08-06,UK,Verified,Bank Verification
9125,2024-10-30,CA,Verified,Utility Bill
9126,2024-05-14,UK,Verified,Bank Verification
9127,2025-04-15,UK,Failed,Utility Bill
9128,2024-03-22,UK,Verified,Utility Bill
9129,2025-02-23,CA,Verified,Bank Verification
9130,2023-12-14,US,Verified,Document Upload
9131,2023-12-16,CA,Verified,Utility Bill
9132,2024-04-25,US,Verified,Document Upload
9133,2025-05-26,UK,Verified,Utility Bill
9134,2024-07-14,UK,Verified,Document Upload
9135,2024-04-25,UK,Verified,Document Upload
9136,2024-05-08,US,Verified,Utility Bill
9137,2025-04-06,US,Pending,Utility Bill
9138,2025-04-12,US,Verified,Document Upload
9139,2024-05-12,US,Verified,Document Upload
9140,2024-04-25,US,Verified,Document Upload
9141,2024-05-06,US,Verified,Document Upload
9142,2025-02-16,UK,Verified,Bank Verification
9143,2024-09-18,UK,Verified,Document Upload
9144,2024-02-05,US,Verified,Document Upload
9145,2025-04-15,UK,Verified,Bank Verification
9146,2024-02-09,UK,Failed,Utility Bill
9147,2025-04-13,UK,Verified,Bank Verification
9148,2024-06-27,US,Verified,Bank Verification
9149,2024-10-14,US,Failed,Utility Bill
9150,2024-01-03,US,Verified,Utility Bill
9151,2025-01-02,US,Verified,Bank Verification
9152,2025-05-22,US,Verified,Bank Verification
9153,2024-09-10,US,Verified,Document Upload
9154,2025-05-08,US,Verified,Utility Bill
9155,2024-04-30,US,Verified,Bank Verification
9156,2024-09-11,UK,Verified,Document Upload
9157,2024-10-20,US,Failed,Document Upload
9158,2025-02-27,UK,Pending,Utility Bill
9159,2025-04-13,UK,Verified,Utility Bill
9160,2025-06-08,UK,Verified,Bank Verification
9161,2024-08-07,UK,Verified,Bank Verification
9162,2023-12-22,CA,Failed,Utility Bill
9163,2025-01-10,US,Verified,Document Upload
9164,2024-10-25,UK,Failed,Bank Verification
9165,2025-03-02,UK,Verified,Bank Verification
9166,2024-02-28,US,Verified,Bank Verification
9167,2024-04-16,US,Verified,Document Upload
9168,2025-01-09,UK,Verified,Document Upload
9169,2023-12-18,US,Verified,Bank Verification
9170,2024-06-25,US,Failed,Utility Bill
9171,2024-08-31,CA,Verified,Utility Bill
9172,2025-05-12,US,Verified,Document Upload
9173,2025-02-11,UK,Verified,Document Upload
9174,2024-07-03,US,Failed,Utility Bill
9175,2024-02-26,UK,Verified,Document Upload
9176,2024-05-14,UK,Pending,Utility Bill
9177,2024-08-04,UK,Failed,Utility Bill
9178,2024-07-04,US,Verified,Bank Verification
9179,2024-07-01,CA,Failed,Utility Bill
9180,2024-09-19,UK,Verified,Document Upload
9181,2024-02-21,CA,Pending,Document Upload
9182,2024-04-26,US,Failed,Utility Bill
9183,2024-08-08,UK,Verified,Bank Verification
9184,2025-02-12,UK,Failed,Bank Verification
9185,2024-05-20,UK,Pending,Document Upload
9186,2024-06-01,UK,Verified,Document Upload
9187,2024-02-12,US,Pending,Document Upload
9188,2025-01-08,UK,Verified,Document Upload
9189,2024-02-17,UK,Verified,Document Upload
9190,2025-05-14,UK,Verified,Document Upload
9191,2024-12-30,UK,Verified,Document Upload
9192,2024-11-19,US,Verified,Document Upload
9193,2024-11-24,US,Verified,Utility Bill
9194,2024-04-18,UK,Verified,Utility Bill
9195,2025-04-12,US,Verified,Bank Verification
9196,2025-03-18,US,Verified,Document Upload
9197,2024-11-26,UK,Verified,Bank Verification
9198,2024-04-05,US,Verified,Document Upload
9199,2024-05-30,UK,Verified,Utility Bill
9200,2024-11-29,CA,Pending,Document Upload
9201,2024-11-13,UK,Verified,Bank Verification
9202,2024-09-13,CA,Verified,Document Upload
9203,2025-05-06,UK,Verified,Document Upload
9204,2025-05-12,UK,Verified,Bank Verification
9205,2025-03-14,UK,Verified,Bank Verification
9206,2025-03-17,US,Pending,Document Upload
9207,2025-04-03,US,Pending,Document Upload
9208,2024-06-06,UK,Verified,Bank Verification
9209,2024-01-05,UK,Verified,Bank Verification
9210,2024-01-17,CA,Verified,Document Upload
9211,2024-08-31,US,Failed,Utility Bill
9212,2025-01-19,US,Verified,Document Upload
9213,2024-08-04,UK,Verified,Document Upload
9214,2024-05-24,UK,Failed,Utility Bill
9215,2024-02-05,US,Failed,Bank Verification
9216,2024-02-05,UK,Verified,Document Upload
9217,2025-05-16,UK,Failed,Bank Verification
9218,2024-02-24,US,Verified,Bank Verification
9219,2024-06-22,US,Verified,Utility Bill
9220,2023-12-26,US,Pending,Bank Verification
9221,2024-07-07,UK,Verified,Bank Verification
9222,2025-04-20,UK,Verified,Document Upload
9223,2024-04-13,UK,Verified,Bank Verification
9224,2024-06-04,UK,Verified,Bank Verification
9225,2025-04-16,US,Verified,Utility Bill
9226,2025-01-05,UK,Verified,Bank Verification
9227,2025-04-03,UK,Verified,Document Upload
9228,2025-05-27,CA,Verified,Document Upload
9229,2024-07-02,US,Pending,Bank Verification
9230,2024-09-09,CA,Verified,Document Upload
9231,2024-11-05,UK,Verified,Bank Verification
9232,2023-12-23,UK,Verified,Utility Bill
9233,2024-01-30,US,Verified,Utility Bill
9234,2024-12-06,UK,Failed,Document Upload
9235,2024-02-02,UK,Verified,Document Upload
9236,2025-01-22,US,Verified,Bank Verification
9237,2024-06-02,UK,Verified,Bank Verification
9238,2023-12-04,UK,Pending,Document Upload
9239,2025-02-18,UK,Verified,Bank Verification
9240,2024-06-03,UK,Verified,Bank Verification
9241,2024-02-22,CA,Pending,Utility Bill
9242,2025-03-23,US,Verified,Document Upload
9243,2024-05-10,CA,Failed,Bank Verification
9244,2025-06-09,UK,Verified,Bank Verification
9245,2023-12-09,CA,Verified,Document Upload
9246,2025-05-05,UK,Verified,Document Upload
9247,2024-07-30,UK,Pending,Bank Verification
9248,2025-05-05,UK,Failed,Utility Bill
9249,2024-09-02,UK,Verified,Bank Verification
9250,2024-02-01,UK,Verified,Document Upload
9251,2024-09-22,UK,Verified,Utility Bill
9252,2024-05-16,UK,Pending,Utility Bill
9253,2024-03-29,UK,Verified,Utility Bill
9254,2025-03-09,US,Verified,Document Upload
9255,2025-02-23,US,Verified,Bank Verification
9256,2024-10-16,US,Verified,Bank Verification
9257,2024-10-05,US,Verified,Document Upload
9258,2024-10-07,US,Failed,Utility Bill
9259,2024-08-13,UK,Failed,Utility Bill
9260,2024-02-14,UK,Pending,Document Upload
9261,2024-07-20,UK,Verified,Bank Verification
9262,2023-12-14,UK,Verified,Bank Verification
9263,2024-03-01,CA,Pending,Utility Bill
9264,2025-06-16,UK,Failed,Utility Bill
9265,2024-12-06,CA,Pending,Utility Bill
9266,2025-06-05,US,Verified,Document Upload
9267,2023-12-05,UK,Verified,Bank Verification
9268,2024-07-06,CA,Verified,Utility Bill
9269,2024-01-18,UK,Pending,Document Upload
9270,2025-05-20,UK,Verified,Document Upload
9271,2024-01-19,UK,Verified,Document Upload
9272,2024-10-27,US,Verified,Document Upload
9273,2024-10-18,UK,Verified,Bank Verification
9274,2024-06-22,UK,Verified,Utility Bill
9275,2024-06-28,UK,Verified,Bank Verification
9276,2024-08-30,US,Verified,Document Upload
9277,2025-03-11,UK,Verified,Bank Verification
9278,2025-03-07,UK,Verified,Document Upload
9279,2025-01-29,CA,Failed,Document Upload
9280,2025-01-08,UK,Pending,Document Upload
9281,2025-04-26,UK,Verified,Bank Verification
9282,2024-08-17,US,Verified,Utility Bill
9283,2024-09-18,US,Verified,Document Upload
9284,2025-03-26,UK,Verified,Utility Bill
9285,2024-07-05,US,Verified,Utility Bill
9286,2024-01-08,UK,Failed,Utility Bill
9287,2024-04-30,UK,Verified,Bank Verification
9288,2025-01-27,US,Verified,Document Upload
9289,2025-02-24,US,Failed,Utility Bill
9290,2024-02-25,UK,Verified,Bank Verification
9291,2024-11-26,CA,Verified,Bank Verification
9292,2025-03-01,CA,Verified,Document Upload
9293,2024-08-05,UK,Verified,Document Upload
9294,2024-09-09,US,Verified,Document Upload
9295,2024-01-11,UK,Verified,Utility Bill
9296,2024-03-10,CA,Failed,Utility Bill
9297,2025-02-22,US,Pending,Document Upload
9298,2024-06-07,US,Verified,Document Upload
9299,2024-09-20,CA,Verified,Utility Bill
9300,2025-04-05,US,Verified,Bank Verification
9301,2024-07-03,UK,Verified,Document Upload
9302,2025-01-24,UK,Verified,Document Upload
9303,2024-09-16,US,Pending,Document Upload
9304,2024-11-14,UK,Verified,Utility Bill
9305,2024-06-27,UK,Verified,Bank Verification
9306,2024-09-05,US,Verified,Document Upload
9307,2023-12-07,US,Verified,Utility Bill
9308,2023-12-18,UK,Verified,Document Upload
9309,2024-05-17,UK,Verified,Document Upload
9310,2024-12-04,US,Verified,Bank Verification
9311,2024-10-12,UK,Verified,Utility Bill
9312,2024-11-27,US,Failed,Document Upload
9313,2024-11-23,UK,Verified,Bank Verification
9314,2024-08-18,UK,Pending,Document Upload
9315,2025-01-06,CA,Verified,Utility Bill
9316,2025-02-10,US,Verified,Utility Bill
9317,2024-04-10,CA,Verified,Document Upload
9318,2024-03-04,US,Verified,Document Upload
9319,2024-02-27,UK,Verified,Bank Verification
9320,2025-06-20,US,Verified,Bank Verification
9321,2025-03-09,CA,Verified,Utility Bill
9322,2024-04-18,UK,Pending,Utility Bill
9323,2025-01-01,UK,Pending,Document Upload
9324,2024-01-17,UK,Verified,Bank Verification
9325,2024-09-29,US,Verified,Document Upload
9326,2024-12-14,UK,Verified,Document Upload
9327,2024-08-28,UK,Failed,Utility Bill
9328,2024-04-11,UK,Verified,Bank Verification
9329,2024-02-28,US,Verified,Bank Verification
9330,2024-05-02,UK,Verified,Document Upload
9331,2024-07-05,US,Pending,Document Upload
9332,2024-04-03,US,Verified,Document Upload
9333,2025-03-19,US,Verified,Document Upload
9334,2024-06-06,US,Verified,Bank Verification
9335,2025-04-01,UK,Verified,Bank Verification
9336,2024-08-13,UK,Verified,Document Upload
9337,2024-06-17,UK,Verified,Bank Verification
9338,2025-01-10,UK,Verified,Document Upload
9339,2024-06-30,UK,Verified,Document Upload
9340,2024-10-21,UK,Failed,Utility Bill
9341,2024-04-24,CA,Failed,Utility Bill
9342,2025-04-16,US,Failed,Bank Verification
9343,2024-04-07,US,Verified,Utility Bill
9344,2024-06-23,US,Verified,Document Upload
9345,2024-12-05,US,Verified,Document Upload
9346,2024-08-31,US,Verified,Document Upload
9347,2024-10-10,UK,Pending,Bank Verification
9348,2025-05-14,UK,Verified,Document Upload
9349,2024-09-14,UK,Verified,Document Upload
9350,2025-04-18,UK,Verified,Utility Bill
9351,2025-06-14,US,Verified,Bank Verification
9352,2024-12-16,CA,Pending,Document Upload
9353,2024-09-08,US,Verified,Bank Verification
9354,2025-03-01,UK,Verified,Bank Verification
9355,2025-05-01,UK,Verified,Document Upload
9356,2025-02-28,UK,Failed,Utility Bill
9357,2024-04-12,CA,Verified,Utility Bill
9358,2024-04-05,UK,Verified,Document Upload
9359,2024-12-12,UK,Verified,Utility Bill
9360,2024-12-15,US,Failed,Utility Bill
9361,2025-05-11,US,Verified,Bank Verification
9362,2025-05-15,UK,Failed,Utility Bill
9363,2025-02-25,US,Verified,Bank Verification
9364,2024-01-13,US,Verified,Bank Verification
9365,2025-06-13,US,Verified,Bank Verification
9366,2023-12-25,US,Verified,Document Upload
9367,2025-05-21,CA,Pending,Document Upload
9368,2024-03-06,UK,Verified,Bank Verification
9369,2025-01-14,UK,Verified,Document Upload
9370,2024-10-06,UK,Verified,Utility Bill
9371,2024-07-28,UK,Failed,Utility Bill
9372,2023-12-19,UK,Failed,Document Upload
9373,2024-06-20,CA,Verified,Document Upload
9374,2024-01-20,UK,Verified,Bank Verification
9375,2024-06-29,UK,Failed,Utility Bill
9376,2024-06-16,US,Pending,Document Upload
9377,2024-06-09,US,Verified,Bank Verification
9378,2024-05-19,UK,Verified,Document Upload
9379,2025-04-04,UK,Failed,Document Upload
9380,2024-05-05,UK,Verified,Document Upload
9381,2025-05-03,CA,Verified,Document Upload
9382,2024-08-13,UK,Pending,Bank Verification
9383,2024-02-13,UK,Verified,Utility Bill
9384,2024-02-05,UK,Pending,Document Upload
9385,2024-03-04,UK,Verified,Utility Bill
9386,2024-02-14,US,Verified,Bank Verification
9387,2024-11-07,UK,Verified,Document Upload
9388,2024-04-18,US,Verified,Bank Verification
9389,2024-10-19,UK,Pending,Utility Bill
9390,2024-05-13,UK,Pending,Document Upload
9391,2024-03-14,US,Verified,Bank Verification
9392,2024-09-28,CA,Verified,Document Upload
9393,2025-05-27,UK,Verified,Bank Verification
9394,2024-12-10,UK,Verified,Document Upload
9395,2025-05-10,US,Verified,Bank Verification
9396,2023-12-18,US,Verified,Bank Verification
9397,2024-07-20,UK,Verified,Bank Verification
9398,2024-07-25,UK,Verified,Utility Bill
9399,2024-10-23,US,Pending,Utility Bill
9400,2024-01-02,UK,Verified,Document Upload
9401,2025-03-27,CA,Verified,Bank Verification
9402,2025-02-14,UK,Verified,Document Upload
9403,2024-10-22,UK,Verified,Document Upload
9404,2025-03-18,CA,Pending,Document Upload
9405,2025-01-12,CA,Verified,Bank Verification
9406,2024-04-26,Unknown,Verified,Bank Verification
9407,2025-06-20,US,Verified,Utility Bill
9408,2024-06-05,UK,Verified,Utility Bill
9409,2023-11-29,US,Verified,Document Upload
9410,2024-10-27,UK,Verified,Bank Verification
9411,2024-03-10,UK,Verified,Bank Verification
9412,2024-08-29,US,Verified,Document Upload
9413,2024-04-26,UK,Verified,Bank Verification
9414,2024-01-08,UK,Pending,Utility Bill
9415,2024-04-12,CA,Verified,Utility Bill
9416,2024-05-29,CA,Failed,Document Upload
9417,2025-04-10,US,Pending,Document Upload
9418,2024-08-11,US,Verified,Document Upload
9419,2024-05-07,CA,Verified,Document Upload
9420,2025-01-12,US,Verified,Document Upload
9421,2025-01-28,UK,Verified,Document Upload
9422,2025-03-16,US,Verified,Utility Bill
9423,2024-09-17,UK,Verified,Bank Verification
9424,2024-11-16,US,Failed,Bank Verification
9425,2024-03-15,US,Failed,Utility Bill
9426,2024-12-29,CA,Verified,Document Upload
9427,2025-03-04,UK,Failed,Utility Bill
9428,2024-05-14,CA,Verified,Utility Bill
9429,2024-06-27,CA,Verified,Document Upload
9430,2023-12-03,UK,Pending,Document Upload
9431,2024-10-11,UK,Verified,Bank Verification
9432,2024-02-16,UK,Verified,Bank Verification
9433,2025-06-11,UK,Verified,Document Upload
9434,2025-01-11,US,Failed,Bank Verification
9435,2024-12-23,UK,Verified,Document Upload
9436,2024-12-31,US,Verified,Utility Bill
9437,2024-05-17,UK,Verified,Document Upload
9438,2024-07-15,UK,Verified,Document Upload
9439,2024-06-07,US,Verified,Bank Verification
9440,2024-02-22,UK,Failed,Bank Verification
9441,2024-05-23,UK,Verified,Bank Verification
9442,2024-12-29,UK,Failed,Bank Verification
9443,2024-12-26,US,Verified,Bank Verification
9444,2025-01-11,UK,Pending,Bank Verification
9445,2024-12-14,UK,Pending,Utility Bill
9446,2024-09-21,UK,Verified,Document Upload
9447,2024-07-21,UK,Verified,Document Upload
9448,2024-04-07,US,Verified,Bank Verification
9449,2024-04-15,UK,Verified,Document Upload
9450,2024-10-04,UK,Verified,Document Upload
9451,2024-11-30,CA,Verified,Bank Verification
9452,2025-06-13,US,Verified,Bank Verification
9453,2024-03-11,CA,Verified,Utility Bill
9454,2024-05-25,US,Verified,Document Upload
9455,2025-02-22,UK,Verified,Bank Verification
9456,2024-01-31,UK,Pending,Bank Verification
9457,2024-06-11,US,Pending,Utility Bill
9458,2024-05-22,UK,Verified,Utility Bill
9459,2024-05-24,UK,Verified,Document Upload
9460,2025-06-01,US,Failed,Document Upload
9461,2024-10-20,CA,Verified,Utility Bill
9462,2025-01-17,UK,Verified,Document Upload
9463,2025-04-21,UK,Verified,Document Upload
9464,2024-08-26,US,Verified,Bank Verification
9465,2024-10-19,US,Verified,Utility Bill
9466,2024-09-11,UK,Verified,Document Upload
9467,2025-02-11,UK,Failed,Utility Bill
9468,2025-05-06,UK,Verified,Document Upload
9469,2025-06-08,UK,Verified,Document Upload
9470,2025-01-09,UK,Verified,Utility Bill
9471,2024-03-17,UK,Verified,Bank Verification
9472,2024-11-02,UK,Verified,Bank Verification
9473,2024-11-23,US,Verified,Document Upload
9474,2024-09-06,US,Verified,Document Upload
9475,2025-05-03,US,Verified,Bank Verification
9476,2023-12-08,US,Verified,Bank Verification
9477,2024-10-12,CA,Verified,Bank Verification
9478,2024-05-08,UK,Verified,Bank Verification
9479,2025-05-21,UK,Failed,Document Upload
9480,2024-08-24,US,Verified,Document Upload
9481,2023-12-20,CA,Verified,Document Upload
9482,2025-06-15,US,Verified,Utility Bill
9483,2024-10-12,US,Verified,Bank Verification
9484,2025-06-02,US,Verified,Document Upload
9485,2024-03-30,UK,Verified,Document Upload
9486,2024-04-05,UK,Failed,Utility Bill
9487,2024-11-22,UK,Verified,Document Upload
9488,2024-08-02,CA,Verified,Bank Verification
9489,2024-09-02,CA,Pending,Utility Bill
9490,2024-06-01,US,Verified,Document Upload
9491,2024-12-07,CA,Verified,Document Upload
9492,2025-04-08,UK,Verified,Document Upload
9493,2024-06-13,UK,Verified,Document Upload
9494,2023-12-12,CA,Verified,Bank Verification
9495,2024-10-05,UK,Verified,Bank Verification
9496,2024-08-31,US,Verified,Document Upload
9497,2024-08-22,CA,Verified,Bank Verification
9498,2024-07-28,UK,Pending,Bank Verification
9499,2024-02-15,UK,Verified,Bank Verification
9500,2024-05-28,US,Verified,Bank Verification
9501,2025-02-14,UK,Verified,Bank Verification
9502,2024-06-25,CA,Verified,Document Upload
9503,2025-01-22,US,Verified,Utility Bill
9504,2024-03-29,UK,Verified,Bank Verification
9505,2024-02-05,UK,Verified,Document Upload
9506,2025-02-21,CA,Pending,Bank Verification
9507,2024-11-07,US,Verified,Document Upload
9508,2025-05-16,UK,Pending,Document Upload
9509,2024-07-10,UK,Verified,Document Upload
9510,2024-10-23,UK,Verified,Document Upload
9511,2024-02-12,CA,Pending,Document Upload
9512,2024-04-02,CA,Verified,Bank Verification
9513,2024-03-03,US,Pending,Bank Verification
9514,2024-04-16,UK,Verified,Document Upload
9515,2024-11-28,US,Verified,Utility Bill
9516,2024-11-11,UK,Verified,Document Upload
9517,2024-11-24,US,Verified,Utility Bill
9518,2024-04-21,US,Verified,Document Upload
9519,2024-01-22,US,Verified,Document Upload
9520,2024-04-05,UK,Verified,Document Upload
9521,2024-12-27,UK,Verified,Document Upload
9522,2024-03-24,UK,Verified,Utility Bill
9523,2024-06-04,UK,Verified,Bank Verification
9524,2023-12-21,UK,Verified,Utility Bill
9525,2024-05-01,UK,Verified,Bank Verification
9526,2024-09-30,US,Verified,Document Upload
9527,2024-10-28,US,Verified,Bank Verification
9528,2024-04-30,CA,Failed,Utility Bill
9529,2024-06-23,CA,Verified,Bank Verification
9530,2024-01-16,UK,Verified,Bank Verification
9531,2024-07-12,UK,Verified,Document Upload
9532,2025-01-06,UK,Verified,Utility Bill
9533,2025-05-27,CA,Verified,Utility Bill
9534,2023-12-07,CA,Verified,Utility Bill
9535,2024-05-15,CA,Verified,Document Upload
9536,2024-12-10,UK,Verified,Utility Bill
9537,2025-01-11,UK,Verified,Bank Verification
9538,2024-06-06,CA,Verified,Document Upload
9539,2023-12-12,UK,Verified,Document Upload
9540,2025-04-03,US,Verified,Document Upload
9541,2024-10-10,CA,Pending,Utility Bill
9542,2025-03-04,US,Verified,Document Upload
9543,2024-05-20,US,Failed,Utility Bill
9544,2025-04-29,CA,Pending,Document Upload
9545,2025-01-02,UK,Verified,Document Upload
9546,2024-06-22,UK,Verified,Utility Bill
9547,2025-02-13,CA,Verified,Bank Verification
9548,2025-06-06,UK,Verified,Document Upload
9549,2024-01-06,UK,Verified,Bank Verification
9550,2024-09-18,US,Failed,Document Upload
9551,2024-06-14,CA,Verified,Document Upload
9552,2024-04-23,US,Verified,Bank Verification
9553,2024-10-24,UK,Verified,Utility Bill
9554,2025-01-17,UK,Verified,Bank Verification
9555,2024-05-10,UK,Verified,Utility Bill
9556,2025-03-02,CA,Verified,Bank Verification
9557,2024-05-03,UK,Verified,Document Upload
9558,2023-12-20,CA,Verified,Document Upload
9559,2024-05-23,UK,Verified,Document Upload
9560,2025-02-25,UK,Verified,Utility Bill
9561,2024-07-21,US,Verified,Utility Bill
9562,2024-07-22,UK,Pending,Bank Verification
9563,2025-03-18,UK,Verified,Document Upload
9564,2024-09-29,UK,Pending,Utility Bill
9565,2024-01-02,US,Verified,Bank Verification
9566,2024-01-21,UK,Pending,Bank Verification
9567,2024-09-14,UK,Failed,Utility Bill
9568,2024-06-26,US,Verified,Document Upload
9569,2025-06-14,UK,Verified,Document Upload
9570,2024-09-19,UK,Verified,Utility Bill
9571,2024-12-01,CA,Verified,Bank Verification
9572,2025-01-27,US,Verified,Document Upload
9573,2023-12-26,US,Pending,Bank Verification
9574,2024-02-29,US,Verified,Document Upload
9575,2025-06-19,US,Verified,Bank Verification
9576,2024-12-24,UK,Pending,Utility Bill
9577,2025-01-31,CA,Pending,Bank Verification
9578,2024-03-15,CA,Verified,Document Upload
9579,2025-03-07,CA,Verified,Document Upload
9580,2024-05-18,US,Verified,Bank Verification
9581,2025-06-03,US,Verified,Bank Verification
9582,2024-08-09,US,Verified,Bank Verification
9583,2025-05-25,UK,Failed,Utility Bill
9584,2023-12-01,UK,Pending,Bank Verification
9585,2025-05-04,UK,Pending,Utility Bill
9586,2024-06-18,UK,Verified,Bank Verification
9587,2024-01-28,UK,Verified,Bank Verification
9588,2024-07-14,UK,Verified,Bank Verification
9589,2024-04-21,US,Verified,Utility Bill
9590,2024-05-14,UK,Verified,Document Upload
9591,2025-03-09,UK,Verified,Bank Verification
9592,2025-03-17,UK,Pending,Bank Verification
9593,2024-04-16,CA,Pending,Utility Bill
9594,2024-10-13,UK,Failed,Bank Verification
9595,2025-06-14,US,Verified,Document Upload
9596,2025-06-20,US,Pending,Document Upload
9597,2024-02-16,US,Verified,Bank Verification
9598,2025-04-04,UK,Verified,Utility Bill
9599,2024-05-06,UK,Verified,Bank Verification
9600,2025-06-01,US,Verified,Document Upload
9601,2025-01-01,US,Verified,Utility Bill
9602,2024-07-28,UK,Verified,Document Upload
9603,2023-12-02,UK,Verified,Document Upload
9604,2024-12-17,US,Verified,Bank Verification
9605,2024-04-11,US,Verified,Bank Verification
9606,2025-03-14,UK,Verified,Utility Bill
9607,2025-02-20,CA,Verified,Document Upload
9608,2024-11-05,UK,Verified,Document Upload
9609,2024-06-02,UK,Verified,Document Upload
9610,2023-12-27,UK,Verified,Document Upload
9611,2024-04-09,UK,Failed,Utility Bill
9612,2025-05-20,UK,Verified,Bank Verification
9613,2024-09-23,US,Verified,Document Upload
9614,2025-04-18,UK,Verified,Utility Bill
9615,2025-02-09,UK,Verified,Document Upload
9616,2024-02-07,UK,Verified,Document Upload
9617,2025-05-29,US,Failed,Utility Bill
9618,2025-02-16,US,Verified,Bank Verification
9619,2023-12-05,UK,Verified,Bank Verification
9620,2024-06-06,UK,Verified,Bank Verification
9621,2024-09-21,CA,Pending,Document Upload
9622,2025-05-01,UK,Verified,Document Upload
9623,2024-09-13,UK,Failed,Utility Bill
9624,2025-05-30,UK,Verified,Document Upload
9625,2025-01-08,UK,Pending,Document Upload
9626,2024-07-04,CA,Verified,Bank Verification
9627,2024-06-08,UK,Verified,Document Upload
9628,2024-04-24,US,Verified,Document Upload
9629,2024-08-05,UK,Verified,Bank Verification
9630,2025-02-25,CA,Failed,Utility Bill
9631,2024-07-07,US,Verified,Document Upload
9632,2024-09-29,CA,Verified,Bank Verification
9633,2023-11-29,UK,Verified,Bank Verification
9634,2025-03-22,CA,Verified,Bank Verification
9635,2024-07-30,US,Verified,Bank Verification
9636,2024-03-05,UK,Verified,Bank Verification
9637,2024-08-19,US,Failed,Bank Verification
9638,2025-04-05,CA,Verified,Document Upload
9639,2024-10-08,UK,Failed,Utility Bill
9640,2024-08-04,US,Failed,Document Upload
9641,2024-07-03,US,Verified,Bank Verification
9642,2023-12-30,US,Verified,Document Upload
9643,2024-09-29,UK,Verified,Bank Verification
9644,2025-02-20,US,Verified,Document Upload
9645,2024-07-11,CA,Verified,Bank Verification
9646,2024-05-01,UK,Verified,Document Upload
9647,2024-09-19,US,Verified,Document Upload
9648,2024-09-12,CA,Verified,Document Upload
9649,2024-11-18,UK,Pending,Bank Verification
9650,2024-02-16,CA,Verified,Document Upload
9651,2025-02-17,US,Verified,Document Upload
9652,2024-02-14,US,Pending,Bank Verification
9653,2025-02-19,UK,Pending,Bank Verification
9654,2024-09-09,CA,Verified,Bank Verification
9655,2023-12-27,CA,Verified,Bank Verification
9656,2024-09-25,UK,Verified,Bank Verification
9657,2024-01-17,UK,Failed,Utility Bill
9658,2024-04-08,CA,Pending,Utility Bill
9659,2025-05-16,US,Failed,Utility Bill
9660,2024-05-10,CA,Verified,Document Upload
9661,2025-05-04,UK,Failed,Document Upload
9662,2024-12-14,UK,Verified,Bank Verification
9663,2025-05-11,UK,Verified,Document Upload
9664,2023-12-30,US,Verified,Bank Verification
9665,2025-04-09,US,Verified,Utility Bill
9666,2024-09-06,US,Pending,Utility Bill
9667,2023-12-15,CA,Verified,Document Upload
9668,2025-01-31,UK,Failed,Utility Bill
9669,2024-05-18,US,Failed,Utility Bill
9670,2024-11-07,UK,Verified,Bank Verification
9671,2024-11-06,US,Verified,Document Upload
9672,2024-11-04,CA,Verified,Utility Bill
9673,2025-01-12,US,Verified,Document Upload
9674,2024-09-09,UK,Verified,Utility Bill
9675,2025-04-11,UK,Verified,Document Upload
9676,2024-12-06,US,Verified,Utility Bill
9677,2024-02-10,US,Verified,Utility Bill
9678,2024-10-02,CA,Verified,Utility Bill
9679,2024-05-17,UK,Verified,Bank Verification
9680,2023-12-14,UK,Verified,Bank Verification
9681,2024-12-04,US,Verified,Document Upload
9682,2023-12-03,UK,Failed,Utility Bill
9683,2024-10-06,CA,Pending,Bank Verification
9684,2025-01-25,UK,Verified,Document Upload
9685,2024-07-17,UK,Verified,Document Upload
9686,2024-12-26,UK,Verified,Document Upload
9687,2024-07-19,CA,Verified,Document Upload
9688,2024-11-17,CA,Pending,Document Upload
9689,2025-01-12,CA,Pending,Bank Verification
9690,2025-02-09,US,Verified,Bank Verification
9691,2024-08-23,US,Verified,Document Upload
9692,2025-02-14,UK,Verified,Utility Bill
9693,2024-11-24,CA,Pending,Document Upload
9694,2024-09-17,US,Verified,Document Upload
9695,2025-01-16,UK,Verified,Document Upload
9696,2024-10-26,US,Verified,Utility Bill
9697,2025-03-12,UK,Verified,Utility Bill
9698,2025-05-07,UK,Verified,Document Upload
9699,2025-04-18,UK,Verified,Document Upload
9700,2024-08-28,UK,Verified,Document Upload
9701,2024-09-24,US,Verified,Bank Verification
9702,2024-09-23,UK,Verified,Document Upload
9703,2024-11-29,US,Verified,Document Upload
9704,2023-12-26,US,Verified,Bank Verification
9705,2024-07-23,UK,Verified,Document Upload
9706,2024-02-21,US,Verified,Document Upload
9707,2025-04-27,UK,Verified,Bank Verification
9708,2024-06-20,UK,Verified,Document Upload
9709,2025-03-11,UK,Verified,Document Upload
9710,2024-08-26,US,Verified,Bank Verification
9711,2025-06-05,CA,Verified,Document Upload
9712,2025-04-17,US,Verified,Bank Verification
9713,2024-01-26,UK,Verified,Document Upload
9714,2024-06-18,UK,Verified,Document Upload
9715,2024-05-05,UK,Verified,Document Upload
9716,2024-01-06,US,Verified,Utility Bill
9717,2024-06-21,CA,Verified,Document Upload
9718,2023-12-18,US,Verified,Document Upload
9719,2024-07-30,CA,Verified,Utility Bill
9720,2024-01-08,US,Verified,Bank Verification
9721,2024-07-01,CA,Verified,Bank Verification
9722,2024-04-26,CA,Verified,Bank Verification
9723,2024-09-19,UK,Verified,Document Upload
9724,2024-12-06,UK,Verified,Bank Verification
9725,2024-07-06,US,Verified,Bank Verification
9726,2025-03-09,UK,Verified,Document Upload
9727,2024-09-30,UK,Verified,Document Upload
9728,2025-02-14,UK,Pending,Document Upload
9729,2025-04-16,UK,Verified,Document Upload
9730,2024-11-08,UK,Verified,Bank Verification
9731,2024-05-12,UK,Verified,Bank Verification
9732,2025-04-15,UK,Verified,Bank Verification
9733,2024-03-22,UK,Verified,Document Upload
9734,2024-12-28,UK,Failed,Utility Bill
9735,2024-08-14,UK,Verified,Utility Bill
9736,2023-12-14,US,Verified,Bank Verification
9737,2024-02-18,CA,Verified,Bank Verification
9738,2024-04-21,UK,Verified,Bank Verification
9739,2024-05-04,CA,Failed,Bank Verification
9740,2024-05-16,UK,Verified,Bank Verification
9741,2024-08-10,US,Verified,Document Upload
9742,2025-03-22,UK,Verified,Document Upload
9743,2024-01-24,UK,Verified,Document Upload
9744,2024-09-05,US,Verified,Utility Bill
9745,2024-06-27,US,Verified,Document Upload
9746,2024-09-13,UK,Verified,Bank Verification
9747,2024-06-04,CA,Verified,Document Upload
9748,2024-01-10,US,Pending,Bank Verification
9749,2024-02-09,US,Verified,Utility Bill
9750,2024-06-04,UK,Pending,Document Upload
9751,2023-12-21,US,Verified,Document Upload
9752,2024-12-31,US,Verified,Bank Verification
9753,2024-07-22,US,Pending,Document Upload
9754,2025-01-24,UK,Verified,Document Upload
9755,2023-12-31,CA,Verified,Document Upload
9756,2025-04-20,CA,Verified,Utility Bill
9757,2025-04-13,CA,Verified,Utility Bill
9758,2024-09-09,CA,Verified,Utility Bill
9759,2025-06-10,UK,Failed,Document Upload
9760,2024-06-28,CA,Verified,Bank Verification
9761,2024-08-16,UK,Verified,Document Upload
9762,2024-11-05,UK,Verified,Document Upload
9763,2024-04-02,UK,Verified,Utility Bill
9764,2024-01-02,US,Pending,Bank Verification
9765,2024-05-13,CA,Verified,Bank Verification
9766,2024-04-18,CA,Verified,Bank Verification
9767,2024-01-16,UK,Verified,Bank Verification
9768,2024-08-11,CA,Pending,Document Upload
9769,2024-07-20,US,Failed,Utility Bill
9770,2024-11-07,UK,Failed,Utility Bill
9771,2023-12-17,UK,Failed,Document Upload
9772,2024-06-11,US,Verified,Document Upload
9773,2025-04-12,US,Verified,Document Upload
9774,2024-05-23,UK,Failed,Utility Bill
9775,2024-04-16,US,Verified,Bank Verification
9776,2024-04-27,US,Verified,Utility Bill
9777,2024-10-26,UK,Verified,Bank Verification
9778,2024-12-24,UK,Pending,Document Upload
9779,2025-03-01,UK,Verified,Document Upload
9780,2024-11-03,UK,Failed,Utility Bill
9781,2024-12-27,UK,Verified,Bank Verification
9782,2025-02-06,US,Failed,Document Upload
9783,2025-02-09,CA,Verified,Document Upload
9784,2025-04-03,UK,Failed,Bank Verification
9785,2025-03-31,US,Verified,Bank Verification
9786,2024-12-26,US,Verified,Utility Bill
9787,2024-01-18,CA,Verified,Document Upload
9788,2025-01-23,CA,Verified,Utility Bill
9789,2024-02-15,UK,Verified,Utility Bill
9790,2025-01-10,UK,Verified,Bank Verification
9791,2024-10-10,CA,Verified,Document Upload
9792,2024-09-20,CA,Verified,Bank Verification
9793,2024-05-18,UK,Pending,Bank Verification
9794,2024-11-14,CA,Verified,Document Upload
9795,2023-12-21,UK,Verified,Utility Bill
9796,2024-04-29,UK,Verified,Bank Verification
9797,2024-01-08,US,Verified,Document Upload
9798,2025-01-25,UK,Verified,Utility Bill
9799,2024-09-13,CA,Verified,Document Upload
9800,2024-05-09,CA,Pending,Utility Bill
9801,2024-11-04,CA,Verified,Document Upload
9802,2024-01-30,CA,Verified,Document Upload
9803,2024-05-16,UK,Verified,Bank Verification
9804,2024-09-09,US,Verified,Bank Verification
9805,2024-10-18,CA,Verified,Document Upload
9806,2024-03-18,US,Verified,Utility Bill
9807,2023-12-12,UK,Verified,Document Upload
9808,2025-05-07,UK,Failed,Bank Verification
9809,2025-03-04,CA,Failed,Bank Verification
9810,2025-01-22,UK,Verified,Document Upload
9811,2025-03-04,US,Verified,Document Upload
9812,2025-05-02,UK,Verified,Utility Bill
9813,2024-11-03,UK,Failed,Bank Verification
9814,2024-09-12,UK,Verified,Document Upload
9815,2024-08-29,UK,Verified,Bank Verification
9816,2024-11-16,CA,Verified,Bank Verification
9817,2024-09-26,US,Verified,Document Upload
9818,2024-09-18,CA,Verified,Utility Bill
9819,2024-05-14,CA,Verified,Bank Verification
9820,2025-02-09,UK,Verified,Document Upload
9821,2024-05-31,UK,Failed,Document Upload
9822,2025-06-01,Unknown,Verified,Bank Verification
9823,2024-07-27,US,Verified,Utility Bill
9824,2024-04-14,UK,Verified,Document Upload
9825,2024-10-09,US,Failed,Bank Verification
9826,2024-01-03,UK,Failed,Utility Bill
9827,2025-06-16,CA,Verified,Document Upload
9828,2025-03-04,UK,Verified,Bank Verification
9829,2024-03-30,UK,Verified,Utility Bill
9830,2024-04-26,UK,Verified,Document Upload
9831,2024-10-12,UK,Verified,Bank Verification
9832,2024-12-02,UK,Pending,Bank Verification
9833,2025-02-10,CA,Failed,Utility Bill
9834,2024-04-24,US,Verified,Bank Verification
9835,2024-05-30,US,Verified,Bank Verification
9836,2024-07-13,US,Pending,Document Upload
9837,2024-08-21,UK,Pending,Utility Bill
9838,2024-04-16,UK,Verified,Document Upload
9839,2024-07-02,UK,Verified,Bank Verification
9840,2023-12-04,UK,Verified,Utility Bill
9841,2025-06-03,UK,Verified,Bank Verification
9842,2025-01-11,UK,Verified,Utility Bill
9843,2025-01-22,UK,Failed,Utility Bill
9844,2024-02-05,CA,Verified,Utility Bill
9845,2024-12-01,CA,Verified,Document Upload
9846,2025-02-23,CA,Verified,Bank Verification
9847,2024-06-22,UK,Verified,Utility Bill
9848,2024-03-24,Unknown,Verified,Document Upload
9849,2024-05-18,CA,Verified,Bank Verification
9850,2025-03-23,US,Verified,Bank Verification
9851,2024-07-04,CA,Failed,Utility Bill
9852,2025-02-26,US,Verified,Document Upload
9853,2024-12-13,UK,Verified,Utility Bill
9854,2024-10-18,US,Verified,Bank Verification
9855,2024-07-29,UK,Verified,Document Upload
9856,2025-02-22,UK,Verified,Document Upload
9857,2025-02-11,CA,Verified,Document Upload
9858,2024-03-17,UK,Verified,Document Upload
9859,2025-01-31,UK,Verified,Document Upload
9860,2025-05-30,UK,Failed,Utility Bill
9861,2024-08-11,US,Verified,Utility Bill
9862,2024-12-05,UK,Verified,Bank Verification
9863,2024-04-14,US,Verified,Bank Verification
9864,2024-07-30,US,Verified,Document Upload
9865,2024-08-15,US,Verified,Document Upload
9866,2024-03-21,US,Verified,Document Upload
9867,2025-05-12,UK,Pending,Document Upload
9868,2023-12-12,UK,Pending,Utility Bill
9869,2024-02-03,US,Verified,Document Upload
9870,2024-08-19,UK,Verified,Bank Verification
9871,2024-03-04,UK,Verified,Bank Verification
9872,2025-03-03,US,Verified,Document Upload
9873,2025-01-15,US,Verified,Utility Bill
9874,2025-02-10,UK,Verified,Utility Bill
9875,2024-09-07,US,Verified,Utility Bill
9876,2024-07-07,CA,Failed,Utility Bill
9877,2024-05-31,CA,Failed,Document Upload
9878,2025-03-29,UK,Verified,Utility Bill
9879,2024-11-11,CA,Verified,Bank Verification
9880,2024-02-24,UK,Verified,Document Upload
9881,2024-10-01,UK,Verified,Document Upload
9882,2024-02-26,US,Verified,Document Upload
9883,2025-02-10,US,Pending,Document Upload
9884,2024-05-04,UK,Verified,Document Upload
9885,2025-04-18,UK,Verified,Utility Bill
9886,2023-12-15,US,Verified,Document Upload
9887,2024-11-26,UK,Verified,Document Upload
9888,2024-10-07,UK,Verified,Bank Verification
9889,2025-06-20,US,Verified,Utility Bill
9890,2023-12-21,UK,Verified,Bank Verification
9891,2024-06-11,UK,Verified,Bank Verification
9892,2025-02-27,US,Verified,Document Upload
9893,2024-12-18,UK,Verified,Utility Bill
9894,2025-01-25,UK,Verified,Bank Verification
9895,2025-01-31,US,Verified,Document Upload
9896,2024-08-22,CA,Verified,Document Upload
9897,2024-07-28,US,Verified,Document Upload
9898,2024-01-31,UK,Verified,Bank Verification
9899,2025-04-05,UK,Pending,Document Upload
9900,2025-06-15,UK,Verified,Document Upload
9901,2024-11-04,CA,Verified,Bank Verification
9902,2024-02-19,CA,Verified,Bank Verification
9903,2024-03-01,UK,Verified,Document Upload
9904,2024-11-20,UK,Pending,Document Upload
9905,2024-11-11,US,Verified,Document Upload
9906,2024-02-15,UK,Verified,Bank Verification
9907,2025-05-20,US,Verified,Document Upload
9908,2024-02-18,CA,Verified,Document Upload
9909,2025-03-18,UK,Verified,Bank Verification
9910,2024-02-01,CA,Verified,Bank Verification
9911,2024-11-22,CA,Verified,Utility Bill
9912,2024-08-03,UK,Failed,Bank Verification
9913,2024-03-20,CA,Verified,Document Upload
9914,2025-04-13,UK,Verified,Document Upload
9915,2024-06-29,UK,Verified,Document Upload
9916,2024-12-31,UK,Pending,Document Upload
9917,2024-10-12,UK,Verified,Utility Bill
9918,2024-12-01,UK,Verified,Document Upload
9919,2025-02-09,US,Failed,Utility Bill
9920,2024-06-15,UK,Verified,Bank Verification
9921,2024-10-04,US,Verified,Utility Bill
9922,2024-12-09,US,Verified,Bank Verification
9923,2025-05-14,US,Verified,Document Upload
9924,2024-09-14,UK,Verified,Document Upload
9925,2024-07-05,UK,Verified,Utility Bill
9926,2024-11-27,UK,Verified,Document Upload
9927,2024-08-16,CA,Verified,Document Upload
9928,2024-07-02,UK,Verified,Bank Verification
9929,2024-08-20,CA,Verified,Utility Bill
9930,2025-03-25,CA,Verified,Document Upload
9931,2025-05-30,CA,Verified,Bank Verification
9932,2024-11-11,CA,Failed,Bank Verification
9933,2024-05-09,UK,Verified,Bank Verification
9934,2024-02-06,CA,Verified,Bank Verification
9935,2024-05-22,UK,Verified,Document Upload
9936,2025-01-09,Unknown,Verified,Utility Bill
9937,2024-02-04,UK,Verified,Bank Verification
9938,2024-09-16,CA,Verified,Document Upload
9939,2023-11-29,UK,Verified,Document Upload
9940,2024-04-03,UK,Verified,Utility Bill
9941,2024-12-29,UK,Pending,Document Upload
9942,2024-05-21,US,Verified,Document Upload
9943,2024-08-16,UK,Verified,Document Upload
9944,2024-09-28,UK,Verified,Bank Verification
9945,2025-02-08,UK,Pending,Utility Bill
9946,2025-05-09,US,Pending,Utility Bill
9947,2024-03-07,UK,Pending,Utility Bill
9948,2024-02-12,CA,Verified,Bank Verification
9949,2025-02-17,US,Verified,Document Upload
9950,2024-01-13,US,Verified,Bank Verification
9951,2025-01-13,US,Verified,Document Upload
9952,2024-03-27,UK,Verified,Document Upload
9953,2025-03-31,UK,Verified,Document Upload
9954,2024-04-10,UK,Failed,Bank Verification
9955,2025-01-31,UK,Verified,Bank Verification
9956,2024-02-02,UK,Verified,Document Upload
9957,2024-09-14,US,Pending,Utility Bill
9958,2024-02-08,US,Verified,Document Upload
9959,2024-11-01,UK,Verified,Bank Verification
9960,2024-09-23,US,Verified,Utility Bill
9961,2024-08-08,UK,Pending,Document Upload
9962,2024-11-09,CA,Verified,Utility Bill
9963,2024-08-18,CA,Verified,Utility Bill
9964,2024-10-04,US,Verified,Bank Verification
9965,2025-04-15,US,Verified,Document Upload
9966,2025-04-05,US,Failed,Bank Verification
9967,2024-12-29,UK,Verified,Document Upload
9968,2025-03-03,US,Verified,Document Upload
9969,2024-01-10,UK,Verified,Bank Verification
9970,2024-05-24,CA,Pending,Utility Bill
9971,2024-03-04,UK,Verified,Document Upload
9972,2024-04-26,CA,Failed,Utility Bill
9973,2025-05-03,UK,Failed,Bank Verification
9974,2024-05-22,US,Failed,Document Upload
9975,2024-11-21,US,Verified,Document Upload
9976,2024-07-26,CA,Verified,Utility Bill
9977,2025-02-27,US,Verified,Document Upload
9978,2025-03-24,CA,Failed,Document Upload
9979,2025-05-13,UK,Pending,Document Upload
9980,2024-11-17,UK,Failed,Bank Verification
9981,2024-10-03,US,Verified,Document Upload
9982,2023-12-26,UK,Verified,Bank Verification
9983,2024-09-02,CA,Failed,Bank Verification
9984,2023-12-25,CA,Verified,Document Upload
9985,2025-01-29,UK,Verified,Document Upload
9986,2025-01-03,US,Verified,Bank Verification
9987,2025-01-13,UK,Verified,Document Upload
9988,2024-11-19,UK,Failed,Utility Bill
9989,2025-05-06,UK,Failed,Utility Bill
9990,2025-03-07,CA,Verified,Document Upload
9991,2025-04-12,UK,Pending,Utility Bill
9992,2024-11-28,UK,Verified,Utility Bill
9993,2024-10-24,UK,Verified,Utility Bill
9994,2024-10-08,UK,Failed,Utility Bill
9995,2023-12-28,CA,Failed,Bank Verification
9996,2025-01-11,UK,Failed,Utility Bill
9997,2025-02-17,UK,Verified,Bank Verification
9998,2024-01-21,US,Verified,Bank Verification
9999,2024-11-25,CA,Verified,Document Upload
10000,2025-05-08,UK,Pending,Bank Verification
